date_ms,lat,lon,species,common_name
1596292817000,-34.658058,150.300064,Agrotis infusa,Bogong Moth
1596292817000,-34.658058,150.300064,Agrotis infusa,Bogong Moth
1597396200000,-35.259222,149.152026,Agrotis infusa,Bogong Moth
1597468200000,-35.259222,149.152026,Agrotis infusa,Bogong Moth
1597580100000,-35.259204,149.152004,Agrotis infusa,Bogong Moth
1597652100000,-35.259204,149.152004,Agrotis infusa,Bogong Moth
1600158480000,-35.259195,149.152037,Agrotis infusa,Bogong Moth
1600608360000,-35.258854,149.151833,Agrotis infusa,Bogong Moth
1600646400000,-35.191688,149.35794,Agrotis infusa,Bogong Moth
1601418660000,-38.414112,144.168018,Agrotis infusa,Bogong Moth
1601667540000,-34.776649,138.597986,Agrotis infusa,Bogong Moth
1601667540000,-34.776649,138.597986,Agrotis infusa,Bogong Moth
1601668140000,-34.753443,138.436279,Agrotis infusa,Bogong Moth
1601769600000,-37.703652,144.901514,Agrotis infusa,Bogong Moth
1602028800000,-37.507639,144.597613,Agrotis infusa,Bogong Moth
1602111807000,-37.834108,145.061113,Agrotis infusa,Bogong Moth
1602115200000,-38.221083,145.04758,Agrotis infusa,Bogong Moth
1602115200000,-37.736549,145.268354,Agrotis infusa,Bogong Moth
1602115200000,-37.631975,145.495033,Agrotis infusa,Bogong Moth
1602115200000,-37.631975,145.495033,Agrotis infusa,Bogong Moth
1602275040000,-28.254303,153.377019,Agrotis infusa,Bogong Moth
1602374400000,-36.8838,147.063716,Agrotis infusa,Bogong Moth
1602494400000,-35.208612,149.050278,Agrotis infusa,Bogong Moth
1602494400000,-35.208612,149.050278,Agrotis infusa,Bogong Moth
1602540300000,-38.414008,144.16797,Agrotis infusa,Bogong Moth
1602547200000,-37.145086,146.448655,Agrotis infusa,Bogong Moth
1602633600000,-37.024407,147.241259,Agrotis infusa,Bogong Moth
1602633600000,-35.256466,149.141059,Agrotis infusa,Bogong Moth
1602633600000,-37.834961,144.851959,Agrotis infusa,Bogong Moth
1602633600000,-36.712297,144.303854,Agrotis infusa,Bogong Moth
1602720000000,-38.000492,145.268534,Agrotis infusa,Bogong Moth
1602720000000,-35.250708,149.165615,Agrotis infusa,Bogong Moth
1602720000000,-38.000492,145.268534,Agrotis infusa,Bogong Moth
1602720000000,-36.243719,144.414511,Agrotis infusa,Bogong Moth
1602736020000,-38.188258,145.077529,Agrotis infusa,Bogong Moth
1602892800000,-38.220933,145.047845,Agrotis infusa,Bogong Moth
1602892800000,-38.220933,145.047845,Agrotis infusa,Bogong Moth
1602892800000,-37.50762,144.597661,Agrotis infusa,Bogong Moth
1603011540000,-35.259232,149.112445,Agrotis infusa,Bogong Moth
1603011540000,-35.259232,149.112445,Agrotis infusa,Bogong Moth
1603026085000,-33.946619,150.950232,Agrotis infusa,Bogong Moth
1603026085000,-33.946619,150.950232,Agrotis infusa,Bogong Moth
1603065600000,-36.420711,148.618182,Agrotis infusa,Bogong Moth
1603065600000,-36.420711,148.618182,Agrotis infusa,Bogong Moth
1603152000000,-37.907934,144.747276,Agrotis infusa,Bogong Moth
1603224360000,-35.163428,138.539672,Agrotis infusa,Bogong Moth
1603224360000,-35.163428,138.539672,Agrotis infusa,Bogong Moth
1603324800000,-37.84367,144.878994,Agrotis infusa,Bogong Moth
1603324800000,-35.309018,149.123158,Agrotis infusa,Bogong Moth
1603324800000,-37.146631,146.447345,Agrotis infusa,Bogong Moth
1603324800000,-36.875161,147.243061,Agrotis infusa,Bogong Moth
1603324800000,-37.146631,146.447345,Agrotis infusa,Bogong Moth
1603324800000,-37.961471,145.025969,Agrotis infusa,Bogong Moth
1603411200000,-37.780109,144.907522,Agrotis infusa,Bogong Moth
1603411200000,-37.777052,144.912542,Agrotis infusa,Bogong Moth
1603411200000,-37.777052,144.912542,Agrotis infusa,Bogong Moth
1603497600000,-37.874611,148.010872,Agrotis infusa,Bogong Moth
1603497600000,-37.874613,148.010864,Agrotis infusa,Bogong Moth
1603693781000,-37.895733,145.0001,Agrotis infusa,Bogong Moth
1603756800000,-36.354905,148.834397,Agrotis infusa,Bogong Moth
1603756800000,-36.354905,148.834397,Agrotis infusa,Bogong Moth
1603756800000,-38.526337,145.3321,Agrotis infusa,Bogong Moth
1603756800000,-37.763391,145.175012,Agrotis infusa,Bogong Moth
1603756800000,-37.763391,145.175012,Agrotis infusa,Bogong Moth
1603832820000,-37.848362,145.194199,Agrotis infusa,Bogong Moth
1603843200000,-37.146524,146.447305,Agrotis infusa,Bogong Moth
1603843200000,-37.302833,144.091187,Agrotis infusa,Bogong Moth
1603893334000,-37.303386,144.092084,Agrotis infusa,Bogong Moth
1603893334000,-37.303386,144.092084,Agrotis infusa,Bogong Moth
1604016000000,-37.57523,143.865699,Agrotis infusa,Bogong Moth
1604016000000,-37.868345,144.705583,Agrotis infusa,Bogong Moth
1604139180000,-35.03465,117.337156,Agrotis infusa,Bogong Moth
1604139180000,-35.03465,117.337156,Agrotis infusa,Bogong Moth
1604188800000,-37.679548,145.145255,Agrotis infusa,Bogong Moth
1604260200000,-38.419376,144.145305,Agrotis infusa,Bogong Moth
1604260200000,-38.419376,144.145305,Agrotis infusa,Bogong Moth
1604275200000,-38.130024,144.701282,Agrotis infusa,Bogong Moth
1604275200000,-37.123256,145.598455,Agrotis infusa,Bogong Moth
1604275200000,-37.123256,145.598455,Agrotis infusa,Bogong Moth
1604356020000,-38.177301,144.306846,Agrotis infusa,Bogong Moth
1604356020000,-38.177301,144.306846,Agrotis infusa,Bogong Moth
1604356500000,-36.257121,144.413353,Agrotis infusa,Bogong Moth
1604359440000,-38.177301,144.306846,Agrotis infusa,Bogong Moth
1604361600000,-37.881458,145.303214,Agrotis infusa,Bogong Moth
1604361600000,-37.746685,144.857655,Agrotis infusa,Bogong Moth
1604370180000,-37.786397,145.172074,Agrotis infusa,Bogong Moth
1604448000000,-37.785504,144.922704,Agrotis infusa,Bogong Moth
1604505759000,-36.863681,147.282761,Agrotis infusa,Bogong Moth
1604534400000,-37.882389,144.781576,Agrotis infusa,Bogong Moth
1604534400000,-35.301988,149.134233,Agrotis infusa,Bogong Moth
1604534400000,-37.888179,144.778878,Agrotis infusa,Bogong Moth
1604534400000,-35.936388,148.380938,Agrotis infusa,Bogong Moth
1604534400000,-35.936388,148.380938,Agrotis infusa,Bogong Moth
1604620800000,-37.65814,144.758574,Agrotis infusa,Bogong Moth
1604620800000,-37.787029,144.936945,Agrotis infusa,Bogong Moth
1604620800000,-37.65814,144.758574,Agrotis infusa,Bogong Moth
1604620800000,-35.471478,149.085352,Agrotis infusa,Bogong Moth
1604620800000,-35.471478,149.085352,Agrotis infusa,Bogong Moth
1604660460000,-35.393639,149.093265,Agrotis infusa,Bogong Moth
1604696640000,-38.414108,144.168017,Agrotis infusa,Bogong Moth
1604696640000,-38.414108,144.168017,Agrotis infusa,Bogong Moth
1604777640000,-38.109565,146.482358,Agrotis infusa,Bogong Moth
1604793600000,-37.917795,145.086667,Agrotis infusa,Bogong Moth
1604847720000,-37.787275,145.04784,Agrotis infusa,Bogong Moth
1604880000000,-37.739959,145.345308,Agrotis infusa,Bogong Moth
1604880000000,-37.739959,145.345308,Agrotis infusa,Bogong Moth
1604959020000,-37.848362,145.194199,Agrotis infusa,Bogong Moth
1604959020000,-37.848362,145.194199,Agrotis infusa,Bogong Moth
1604966400000,-38.257496,144.529502,Agrotis infusa,Bogong Moth
1604966880000,-36.927664,140.029146,Agrotis infusa,Bogong Moth
1605008700000,-35.464641,149.101264,Agrotis infusa,Bogong Moth
1605008700000,-35.464641,149.101264,Agrotis infusa,Bogong Moth
1605049020000,-38.475539,146.725712,Agrotis infusa,Bogong Moth
1605052800000,-37.786111,144.950379,Agrotis infusa,Bogong Moth
1605052800000,-37.786111,144.950379,Agrotis infusa,Bogong Moth
1605139200000,-37.788282,144.883507,Agrotis infusa,Bogong Moth
1605139200000,-38.260761,144.51919,Agrotis infusa,Bogong Moth
1605139200000,-38.260761,144.51919,Agrotis infusa,Bogong Moth
1605225600000,-38.069861,145.311559,Agrotis infusa,Bogong Moth
1605394200000,-38.475534,146.725739,Agrotis infusa,Bogong Moth
1605475200000,-36.498778,142.165155,Agrotis infusa,Bogong Moth
1605481920000,-34.436158,150.791405,Agrotis infusa,Bogong Moth
1605481920000,-34.436158,150.791405,Agrotis infusa,Bogong Moth
1605484800000,-37.582795,145.12252,Agrotis infusa,Bogong Moth
1605496920000,-37.743374,142.033032,Agrotis infusa,Bogong Moth
1605657600000,-37.771025,145.11774,Agrotis infusa,Bogong Moth
1605657600000,-35.246605,149.042873,Agrotis infusa,Bogong Moth
1605657600000,-36.767598,144.284621,Agrotis infusa,Bogong Moth
1605657600000,-33.889085,151.226807,Agrotis infusa,Bogong Moth
1605657600000,-33.889085,151.226807,Agrotis infusa,Bogong Moth
1605657600000,-35.215766,149.092143,Agrotis infusa,Bogong Moth
1605827940000,-38.475813,146.725759,Agrotis infusa,Bogong Moth
1605828060000,-37.925912,144.204963,Agrotis infusa,Bogong Moth
1605830400000,-37.939562,145.057657,Agrotis infusa,Bogong Moth
1605830400000,-36.702963,147.211819,Agrotis infusa,Bogong Moth
1605830400000,-36.702963,147.211819,Agrotis infusa,Bogong Moth
1605834180000,-35.192593,149.159111,Agrotis infusa,Bogong Moth
1605835800000,-38.414102,144.168028,Agrotis infusa,Bogong Moth
1605916800000,-38.096556,145.131077,Agrotis infusa,Bogong Moth
1605916800000,-38.096556,145.131077,Agrotis infusa,Bogong Moth
1606089600000,-37.927889,142.501345,Agrotis infusa,Bogong Moth
1606435200000,-35.327449,149.083184,Agrotis infusa,Bogong Moth
1606435200000,-37.818205,144.944837,Agrotis infusa,Bogong Moth
1606608000000,-41.42043,147.107306,Agrotis infusa,Bogong Moth
1606608000000,-35.318095,149.109378,Agrotis infusa,Bogong Moth
1606608000000,-41.42043,147.107306,Agrotis infusa,Bogong Moth
1606819713000,-35.30473,149.027416,Agrotis infusa,Bogong Moth
1606819713000,-35.30473,149.027416,Agrotis infusa,Bogong Moth
1606855740000,-35.25639,149.150405,Agrotis infusa,Bogong Moth
1606904580000,-35.259575,149.113328,Agrotis infusa,Bogong Moth
1606905120000,-35.259637,149.11338,Agrotis infusa,Bogong Moth
1606953600000,-36.894221,147.224658,Agrotis infusa,Bogong Moth
1606990260000,-35.259556,149.113313,Agrotis infusa,Bogong Moth
1607040000000,-36.985103,147.146953,Agrotis infusa,Bogong Moth
1607373780000,-35.264678,149.067542,Agrotis infusa,Bogong Moth
1607448480000,-34.770241,117.704157,Agrotis infusa,Bogong Moth
1607448480000,-34.770241,117.704157,Agrotis infusa,Bogong Moth
1607508000000,-35.25954,149.113298,Agrotis infusa,Bogong Moth
1607731200000,-36.698565,147.142963,Agrotis infusa,Bogong Moth
1607904000000,-38.067734,145.121371,Agrotis infusa,Bogong Moth
1608113700000,-35.25923,149.152106,Agrotis infusa,Bogong Moth
1608113700000,-35.25923,149.152106,Agrotis infusa,Bogong Moth
1608508800000,-41.42043,147.107306,Agrotis infusa,Bogong Moth
1608623491000,-35.302044,149.182297,Agrotis infusa,Bogong Moth
1609027200000,-35.7832,148.7804,Agrotis infusa,Bogong Moth
1609027200000,-35.7832,148.7804,Agrotis infusa,Bogong Moth
1609200000000,-35.189808,149.164594,Agrotis infusa,Bogong Moth
1609200000000,-35.189808,149.164594,Agrotis infusa,Bogong Moth
1609372800000,-37.787647,145.151742,Agrotis infusa,Bogong Moth
1609459200000,-34.774117,117.701372,Agrotis infusa,Bogong Moth
1609459200000,-36.863625,147.281577,Agrotis infusa,Bogong Moth
1609632000000,-38.156575,145.160809,Agrotis infusa,Bogong Moth
1610144160000,-38.354397,146.387914,Agrotis infusa,Bogong Moth
1610148060000,-38.354407,146.387917,Agrotis infusa,Bogong Moth
1610148060000,-38.354407,146.387917,Agrotis infusa,Bogong Moth
1610151297000,-34.774297,117.70148,Agrotis infusa,Bogong Moth
1610151297000,-34.774297,117.70148,Agrotis infusa,Bogong Moth
1610236800000,-37.734745,144.760827,Agrotis infusa,Bogong Moth
1610236800000,-37.734745,144.760827,Agrotis infusa,Bogong Moth
1610318640000,-35.256445,149.150441,Agrotis infusa,Bogong Moth
1610321220000,-35.256445,149.150441,Agrotis infusa,Bogong Moth
1610452380000,-33.724275,150.599632,Agrotis infusa,Bogong Moth
1610496000000,-37.624969,144.710492,Agrotis infusa,Bogong Moth
1610928000000,-37.825334,144.982934,Agrotis infusa,Bogong Moth
1611157320000,-38.354406,146.387924,Agrotis infusa,Bogong Moth
1611187200000,-36.899736,147.238737,Agrotis infusa,Bogong Moth
1611231840000,-37.541221,145.476725,Agrotis infusa,Bogong Moth
1611441060000,-36.84069,147.25438,Agrotis infusa,Bogong Moth
1611532800000,-37.798207,144.869782,Agrotis infusa,Bogong Moth
1611611100000,-38.354409,146.387921,Agrotis infusa,Bogong Moth
1611878400000,-41.42043,147.107306,Agrotis infusa,Bogong Moth
1611878400000,-41.42043,147.107306,Agrotis infusa,Bogong Moth
1611878400000,-41.42043,147.107306,Agrotis infusa,Bogong Moth
1611878400000,-41.42043,147.107306,Agrotis infusa,Bogong Moth
1611878400000,-41.42043,147.107306,Agrotis infusa,Bogong Moth
1611878400000,-41.42043,147.107306,Agrotis infusa,Bogong Moth
1611964800000,-41.42043,147.107306,Agrotis infusa,Bogong Moth
1611964800000,-41.42043,147.107306,Agrotis infusa,Bogong Moth
1612301040000,-37.848362,145.194199,Agrotis infusa,Bogong Moth
1612742400000,-38.46871,144.084743,Agrotis infusa,Bogong Moth
1612767300000,-38.468576,144.089342,Agrotis infusa,Bogong Moth
1613165460000,-38.1948,146.2605,Agrotis infusa,Bogong Moth
1613341140000,-35.780812,150.229931,Agrotis infusa,Bogong Moth
1613510760000,-36.094306,140.34775,Agrotis infusa,Bogong Moth
1613692800000,-41.42043,147.107306,Agrotis infusa,Bogong Moth
1613865600000,-38.451732,145.238571,Agrotis infusa,Bogong Moth
1614890580000,-30.469082,151.638343,Agrotis infusa,Bogong Moth
1614890580000,-30.469082,151.638343,Agrotis infusa,Bogong Moth
1615067580000,-35.208934,149.053111,Agrotis infusa,Bogong Moth
1615161600000,-37.783745,144.953018,Agrotis infusa,Bogong Moth
1615535940000,-35.459958,148.908485,Agrotis infusa,Bogong Moth
1615852800000,-41.0409,146.98,Agrotis infusa,Bogong Moth
1616025600000,-40.9968,147.01,Agrotis infusa,Bogong Moth
1616273340000,-36.094292,140.347748,Agrotis infusa,Bogong Moth
1616455457000,-35.0,138.6,Agrotis infusa,Bogong Moth
1616839380000,-33.724253,150.599723,Agrotis infusa,Bogong Moth
1616884620000,-30.351448,153.081597,Agrotis infusa,Bogong Moth
1616884620000,-30.351448,153.081597,Agrotis infusa,Bogong Moth
1617488040000,-36.927664,140.029146,Agrotis infusa,Bogong Moth
1617489660000,-37.758993,145.111103,Agrotis infusa,Bogong Moth
1617489660000,-37.758993,145.111103,Agrotis infusa,Bogong Moth
1618272000000,-37.606004,145.65455,Agrotis infusa,Bogong Moth
1619033220000,-35.267284,138.682296,Agrotis infusa,Bogong Moth
1619118089000,-36.257121,144.413353,Agrotis infusa,Bogong Moth
1619806500000,-35.024523,138.528191,Agrotis infusa,Bogong Moth
1619806500000,-35.024523,138.528191,Agrotis infusa,Bogong Moth
1619814180000,-37.961964,144.269836,Agrotis infusa,Bogong Moth
1619814180000,-37.961964,144.269836,Agrotis infusa,Bogong Moth
1619815500000,-34.596593,138.622895,Agrotis infusa,Bogong Moth
1619913600000,-34.591256,139.497462,Agrotis infusa,Bogong Moth
1620560460000,-33.724291,150.599687,Agrotis infusa,Bogong Moth
1620560460000,-33.724291,150.599687,Agrotis infusa,Bogong Moth
1622073600000,-34.840447,148.920849,Agrotis infusa,Bogong Moth
1623055860000,-33.724303,150.599674,Agrotis infusa,Bogong Moth
1630411800000,-35.208643,149.05022,Agrotis infusa,Bogong Moth
1630411800000,-35.208643,149.05022,Agrotis infusa,Bogong Moth
1630956000000,-28.455551,114.630177,Agrotis infusa,Bogong Moth
1631318400000,-35.188389,149.359934,Agrotis infusa,Bogong Moth
1632077760000,-37.848362,145.194199,Agrotis infusa,Bogong Moth
1632077760000,-37.848362,145.194199,Agrotis infusa,Bogong Moth
1632774060000,-38.354409,146.387921,Agrotis infusa,Bogong Moth
1633305600000,-37.939556,145.057899,Agrotis infusa,Bogong Moth
1633564800000,-36.982312,147.142036,Agrotis infusa,Bogong Moth
1633564800000,-36.982312,147.142036,Agrotis infusa,Bogong Moth
1633597260000,-33.72426,150.5997,Agrotis infusa,Bogong Moth
1633651200000,-37.756531,144.945525,Agrotis infusa,Bogong Moth
1633766400000,-31.522322,116.027365,Agrotis infusa,Bogong Moth
1633810800000,-37.643884,145.04859,Agrotis infusa,Bogong Moth
1633811097000,-31.521287,116.027798,Agrotis infusa,Bogong Moth
1633811097000,-31.521287,116.027798,Agrotis infusa,Bogong Moth
1633910400000,-34.9614,138.52559,Agrotis infusa,Bogong Moth
1634132280000,-31.5,116.0,Agrotis infusa,Bogong Moth
1634342400000,-37.713296,145.123322,Agrotis infusa,Bogong Moth
1634601600000,-37.874637,145.359009,Agrotis infusa,Bogong Moth
1634860980000,-35.00713,138.433605,Agrotis infusa,Bogong Moth
1634860980000,-35.00713,138.433605,Agrotis infusa,Bogong Moth
1634861580000,-38.414129,144.168025,Agrotis infusa,Bogong Moth
1634938920000,-38.354409,146.387921,Agrotis infusa,Bogong Moth
1634980056000,-38.114079,144.325857,Agrotis infusa,Bogong Moth
1635024840000,-37.657755,144.423312,Agrotis infusa,Bogong Moth
1635086624000,-35.286447,149.057716,Agrotis infusa,Bogong Moth
1635086624000,-35.286447,149.057716,Agrotis infusa,Bogong Moth
1635106380000,-37.68941,145.301036,Agrotis infusa,Bogong Moth
1635206400000,-37.98326,145.126423,Agrotis infusa,Bogong Moth
1635206400000,-37.98326,145.126423,Agrotis infusa,Bogong Moth
1635246420000,-35.393586,149.093229,Agrotis infusa,Bogong Moth
1635379200000,-37.870685,144.822056,Agrotis infusa,Bogong Moth
1635685200000,-37.112518,144.737442,Agrotis infusa,Bogong Moth
1635724800000,-37.81236,144.955212,Agrotis infusa,Bogong Moth
1635724800000,-37.813381,144.973245,Agrotis infusa,Bogong Moth
1635797940000,-38.090575,141.747524,Agrotis infusa,Bogong Moth
1635799920000,-38.354409,146.387921,Agrotis infusa,Bogong Moth
1635811200000,-37.814895,145.186902,Agrotis infusa,Bogong Moth
1635847260000,-37.900681,145.215972,Agrotis infusa,Bogong Moth
1635897600000,-36.982436,147.142423,Agrotis infusa,Bogong Moth
1635897600000,-37.868024,144.822598,Agrotis infusa,Bogong Moth
1635897600000,-36.982436,147.142423,Agrotis infusa,Bogong Moth
1635897600000,-37.868024,144.822598,Agrotis infusa,Bogong Moth
1635897600000,-36.982264,147.141957,Agrotis infusa,Bogong Moth
1635984000000,-37.934121,145.010342,Agrotis infusa,Bogong Moth
1636045822000,-32.014445,115.759289,Agrotis infusa,Bogong Moth
1636056480000,-38.475625,146.725743,Agrotis infusa,Bogong Moth
1636060527000,-37.816242,144.963438,Agrotis infusa,Bogong Moth
1636144080000,-34.807449,142.986807,Agrotis infusa,Bogong Moth
1636156800000,-36.86441,147.276862,Agrotis infusa,Bogong Moth
1636416000000,-36.86371,147.281342,Agrotis infusa,Bogong Moth
1636416000000,-36.86371,147.281342,Agrotis infusa,Bogong Moth
1636416000000,-36.865334,147.275328,Agrotis infusa,Bogong Moth
1636502400000,-37.495401,145.87769,Agrotis infusa,Bogong Moth
1636588800000,-36.862863,147.280226,Agrotis infusa,Bogong Moth
1636588800000,-37.684315,145.534243,Agrotis infusa,Bogong Moth
1636588800000,-36.220096,150.134392,Agrotis infusa,Bogong Moth
1636934400000,-35.28622,138.44421,Agrotis infusa,Bogong Moth
1636934400000,-35.28622,138.44421,Agrotis infusa,Bogong Moth
1636934400000,-35.15309,138.47054,Agrotis infusa,Bogong Moth
1637020800000,-37.82651,145.111385,Agrotis infusa,Bogong Moth
1637020800000,-37.82651,145.111385,Agrotis infusa,Bogong Moth
1637107200000,-36.863704,147.281372,Agrotis infusa,Bogong Moth
1637193600000,-37.669842,144.555453,Agrotis infusa,Bogong Moth
1637193600000,-37.669842,144.555453,Agrotis infusa,Bogong Moth
1637265665000,-37.797613,144.953095,Agrotis infusa,Bogong Moth
1637280000000,-35.253057,149.07387,Agrotis infusa,Bogong Moth
1637539200000,-35.06905,142.316659,Agrotis infusa,Bogong Moth
1637703240000,-37.848362,145.194199,Agrotis infusa,Bogong Moth
1637712000000,-37.146301,146.452653,Agrotis infusa,Bogong Moth
1637712000000,-36.865424,147.275205,Agrotis infusa,Bogong Moth
1637916600000,-36.770893,149.962567,Agrotis infusa,Bogong Moth
1637923630000,-37.948611,145.138333,Agrotis infusa,Bogong Moth
1638144000000,-36.86443,147.275537,Agrotis infusa,Bogong Moth
1638144000000,-37.05534,146.982665,Agrotis infusa,Bogong Moth
1638230400000,-37.839922,144.696904,Agrotis infusa,Bogong Moth
1638230400000,-37.839922,144.696904,Agrotis infusa,Bogong Moth
1638316800000,-36.863504,147.282693,Agrotis infusa,Bogong Moth
1638390827000,-35.331382,149.069008,Agrotis infusa,Bogong Moth
1638403140000,-37.244221,149.902633,Agrotis infusa,Bogong Moth
1638489600000,-37.029991,146.976471,Agrotis infusa,Bogong Moth
1638489600000,-37.029991,146.976471,Agrotis infusa,Bogong Moth
1639094280000,-34.1405,141.328435,Agrotis infusa,Bogong Moth
1639353600000,-37.717845,145.786643,Agrotis infusa,Bogong Moth
1639833176000,-38.102008,145.288289,Agrotis infusa,Bogong Moth
1639833176000,-38.102008,145.288289,Agrotis infusa,Bogong Moth
1639958400000,-36.865189,147.27498,Agrotis infusa,Bogong Moth
1640563200000,-36.062074,146.849742,Agrotis infusa,Bogong Moth
1640822400000,-37.8147,144.9656,Agrotis infusa,Bogong Moth
1640822400000,-37.8147,144.9656,Agrotis infusa,Bogong Moth
1640922960000,-38.354409,146.387921,Agrotis infusa,Bogong Moth
1640995080000,-38.475883,146.725783,Agrotis infusa,Bogong Moth
1641247040000,-34.849414,138.603135,Agrotis infusa,Bogong Moth
1641475680000,-36.763203,149.845539,Agrotis infusa,Bogong Moth
1641936780000,-37.848362,145.194199,Agrotis infusa,Bogong Moth
1641940601000,-38.27282,144.616487,Agrotis infusa,Bogong Moth
1642464000000,-38.462506,144.896748,Agrotis infusa,Bogong Moth
1642526280000,-38.394953,144.253235,Agrotis infusa,Bogong Moth
1642972620000,-38.286999,145.08104,Agrotis infusa,Bogong Moth
1642973880000,-37.848362,145.194199,Agrotis infusa,Bogong Moth
1643068800000,-41.638991,147.089873,Agrotis infusa,Bogong Moth
1643068800000,-41.638991,147.089873,Agrotis infusa,Bogong Moth
1643068800000,-41.638991,147.089873,Agrotis infusa,Bogong Moth
1643155200000,-37.75628,142.027967,Agrotis infusa,Bogong Moth
1643234895000,-37.840861,146.266165,Agrotis infusa,Bogong Moth
1643347380000,-38.354409,146.387921,Agrotis infusa,Bogong Moth
1643413023000,-37.808788,144.95987,Agrotis infusa,Bogong Moth
1643518260000,-38.354409,146.387921,Agrotis infusa,Bogong Moth
1643547653000,-38.355385,144.76181,Agrotis infusa,Bogong Moth
1643558098000,-37.677775,145.276047,Agrotis infusa,Bogong Moth
1643587200000,-37.92247,145.412722,Agrotis infusa,Bogong Moth
1643669882000,-37.301804,144.091517,Agrotis infusa,Bogong Moth
1643673600000,-37.865585,145.2835,Agrotis infusa,Bogong Moth
1643706714000,-35.036567,138.520387,Agrotis infusa,Bogong Moth
1643748300000,-37.611796,144.840123,Agrotis infusa,Bogong Moth
1643811355000,-38.41394,144.168045,Agrotis infusa,Bogong Moth
1643918354000,-37.975316,145.356269,Agrotis infusa,Bogong Moth
1644064612000,-38.175331,145.13247,Agrotis infusa,Bogong Moth
1644082620000,-38.053569,145.359561,Agrotis infusa,Bogong Moth
1644095812000,-37.886084,144.996951,Agrotis infusa,Bogong Moth
1644095812000,-37.886121,144.994269,Agrotis infusa,Bogong Moth
1644095880000,-37.886112,144.994297,Agrotis infusa,Bogong Moth
1644096833000,-37.886909,144.993249,Agrotis infusa,Bogong Moth
1644101400000,-37.8868,144.993357,Agrotis infusa,Bogong Moth
1644101700000,-37.886152,144.994265,Agrotis infusa,Bogong Moth
1644101700000,-37.886152,144.994265,Agrotis infusa,Bogong Moth
1644105600000,-41.5347,147.66,Agrotis infusa,Bogong Moth
1644278400000,-37.659579,144.480257,Agrotis infusa,Bogong Moth
1644451200000,-37.783181,144.950245,Agrotis infusa,Bogong Moth
1644484365000,-37.454183,144.687381,Agrotis infusa,Bogong Moth
1644610138000,-37.27797,144.405027,Agrotis infusa,Bogong Moth
1644790980000,-38.259294,145.160452,Agrotis infusa,Bogong Moth
1645309800000,-38.354409,146.387921,Agrotis infusa,Bogong Moth
1645341569000,-37.786674,144.950868,Agrotis infusa,Bogong Moth
1645341569000,-37.786674,144.950868,Agrotis infusa,Bogong Moth
1645810757000,-38.175262,145.132394,Agrotis infusa,Bogong Moth
1645995540000,-34.809319,138.653514,Agrotis infusa,Bogong Moth
1646092800000,-36.453583,148.258,Agrotis infusa,Bogong Moth
1646179200000,-35.373598,149.241543,Agrotis infusa,Bogong Moth
1646437380000,-37.244273,149.902801,Agrotis infusa,Bogong Moth
1646864460000,-34.584085,142.390022,Agrotis infusa,Bogong Moth
1646947285000,-34.915282,138.700761,Agrotis infusa,Bogong Moth
1646947285000,-34.915282,138.700761,Agrotis infusa,Bogong Moth
1647117360000,-38.354409,146.387921,Agrotis infusa,Bogong Moth
1647129600000,-41.42043,147.107306,Agrotis infusa,Bogong Moth
1647980280000,-31.880283,115.81765,Agrotis infusa,Bogong Moth
1648414681000,-38.124344,145.187013,Agrotis infusa,Bogong Moth
1648414681000,-38.124344,145.187013,Agrotis infusa,Bogong Moth
1648504020000,-38.413898,144.16799,Agrotis infusa,Bogong Moth
1649368320000,-30.767942,138.637566,Agrotis infusa,Bogong Moth
1649535960000,-37.886767,144.993357,Agrotis infusa,Bogong Moth
1649536467000,-37.886707,144.993535,Agrotis infusa,Bogong Moth
1649536467000,-37.886707,144.993535,Agrotis infusa,Bogong Moth
1649546160000,-37.886775,144.993298,Agrotis infusa,Bogong Moth
1649980800000,-38.086047,145.269679,Agrotis infusa,Bogong Moth
1650020400000,-36.475616,143.756087,Agrotis infusa,Bogong Moth
1650153600000,-37.795464,145.289362,Agrotis infusa,Bogong Moth
1650294094000,-37.30206,144.091777,Agrotis infusa,Bogong Moth
1650672000000,-37.731533,145.240835,Agrotis infusa,Bogong Moth
1650737880000,-37.731635,145.241288,Agrotis infusa,Bogong Moth
1650742390000,-37.731674,145.241358,Agrotis infusa,Bogong Moth
1651008180000,-38.177275,144.306867,Agrotis infusa,Bogong Moth
1651017600000,-37.920896,144.667862,Agrotis infusa,Bogong Moth
1651098840000,-38.40618,144.191557,Agrotis infusa,Bogong Moth
1651098840000,-38.40618,144.191557,Agrotis infusa,Bogong Moth
1651100040000,-38.40618,144.191557,Agrotis infusa,Bogong Moth
1651101300000,-38.40618,144.191557,Agrotis infusa,Bogong Moth
1651171500000,-36.601579,143.699602,Agrotis infusa,Bogong Moth
1651351020000,-38.413896,144.167992,Agrotis infusa,Bogong Moth
1651355700000,-38.413896,144.167992,Agrotis infusa,Bogong Moth
1651355700000,-38.413896,144.167992,Agrotis infusa,Bogong Moth
1651432500000,-34.844116,138.621131,Agrotis infusa,Bogong Moth
1651433340000,-38.413903,144.16796,Agrotis infusa,Bogong Moth
1651440292000,-38.198713,145.149288,Agrotis infusa,Bogong Moth
1651446540000,-38.413903,144.16796,Agrotis infusa,Bogong Moth
1651495440000,-36.790511,143.965868,Agrotis infusa,Bogong Moth
1652046706000,-37.640482,145.340102,Agrotis infusa,Bogong Moth
1653166260000,-34.674855,137.495224,Agrotis infusa,Bogong Moth
1653166260000,-34.674855,137.495224,Agrotis infusa,Bogong Moth
1653300268000,-34.922005,138.653689,Agrotis infusa,Bogong Moth
1654353138000,-34.313047,142.129253,Agrotis infusa,Bogong Moth
1662057660000,-31.119132,150.898245,Agrotis infusa,Bogong Moth
1664316600000,-31.119147,150.898262,Agrotis infusa,Bogong Moth
1664316600000,-31.119147,150.898262,Agrotis infusa,Bogong Moth
1664316660000,-31.119147,150.898262,Agrotis infusa,Bogong Moth
1664316840000,-31.119141,150.898246,Agrotis infusa,Bogong Moth
1664316840000,-31.119141,150.898246,Agrotis infusa,Bogong Moth
1664393880000,-31.119139,150.898249,Agrotis infusa,Bogong Moth
1664394180000,-31.119139,150.898249,Agrotis infusa,Bogong Moth
1664746020000,-30.302737,115.037422,Agrotis infusa,Bogong Moth
1664919000000,-34.491312,139.922083,Agrotis infusa,Bogong Moth
1665176319000,-38.490817,144.895828,Agrotis infusa,Bogong Moth
1665220500000,-37.753528,145.127366,Agrotis infusa,Bogong Moth
1665265380000,-35.256445,149.150441,Agrotis infusa,Bogong Moth
1665265380000,-35.256445,149.150441,Agrotis infusa,Bogong Moth
1665518940000,-34.97879,138.685117,Agrotis infusa,Bogong Moth
1665518940000,-34.97879,138.685117,Agrotis infusa,Bogong Moth
1665520680000,-38.413919,144.167993,Agrotis infusa,Bogong Moth
1665520680000,-38.413919,144.167993,Agrotis infusa,Bogong Moth
1665608220000,-31.119136,150.898228,Agrotis infusa,Bogong Moth
1665612240000,-35.256445,149.150441,Agrotis infusa,Bogong Moth
1665612300000,-35.256445,149.150441,Agrotis infusa,Bogong Moth
1665612300000,-35.256445,149.150441,Agrotis infusa,Bogong Moth
1665690480000,-31.119129,150.898227,Agrotis infusa,Bogong Moth
1665776366000,-38.777627,143.662636,Agrotis infusa,Bogong Moth
1665780900000,-38.669403,143.862079,Agrotis infusa,Bogong Moth
1665780900000,-38.669403,143.862079,Agrotis infusa,Bogong Moth
1665781920000,-38.404747,144.176331,Agrotis infusa,Bogong Moth
1665792000000,-35.905,148.45,Agrotis infusa,Bogong Moth
1665792000000,-35.905,148.45,Agrotis infusa,Bogong Moth
1665903600000,-38.287487,144.494567,Agrotis infusa,Bogong Moth
1665903600000,-38.287487,144.494567,Agrotis infusa,Bogong Moth
1666076096000,-37.96717,145.160644,Agrotis infusa,Bogong Moth
1666094040000,-35.259112,149.152061,Agrotis infusa,Bogong Moth
1666094040000,-35.259112,149.152061,Agrotis infusa,Bogong Moth
1666109090000,-34.609998,138.751493,Agrotis infusa,Bogong Moth
1666128314000,-37.64056,145.340027,Agrotis infusa,Bogong Moth
1666131957000,-37.640496,145.339961,Agrotis infusa,Bogong Moth
1666131957000,-37.640496,145.339961,Agrotis infusa,Bogong Moth
1666169520000,-33.724278,150.599687,Agrotis infusa,Bogong Moth
1666182360000,-38.285154,144.425069,Agrotis infusa,Bogong Moth
1666182360000,-38.285154,144.425069,Agrotis infusa,Bogong Moth
1666215300000,-37.794231,145.154573,Agrotis infusa,Bogong Moth
1666221503000,-31.926728,115.81402,Agrotis infusa,Bogong Moth
1666277162000,-34.886233,138.519161,Agrotis infusa,Bogong Moth
1666293180000,-34.864765,138.714148,Agrotis infusa,Bogong Moth
1666298400000,-34.865677,138.748277,Agrotis infusa,Bogong Moth
1666299960000,-35.085648,150.651863,Agrotis infusa,Bogong Moth
1666350242000,-37.894334,144.54529,Agrotis infusa,Bogong Moth
1666470900000,-35.037008,138.515746,Agrotis infusa,Bogong Moth
1666554840000,-31.119144,150.898198,Agrotis infusa,Bogong Moth
1666560229000,-37.302006,144.092098,Agrotis infusa,Bogong Moth
1666631650000,-37.824868,144.961943,Agrotis infusa,Bogong Moth
1666631650000,-37.824868,144.961943,Agrotis infusa,Bogong Moth
1666652280000,-36.094283,140.347751,Agrotis infusa,Bogong Moth
1666733654000,-31.835225,115.9203,Agrotis infusa,Bogong Moth
1666734300000,-38.413898,144.167971,Agrotis infusa,Bogong Moth
1666817940000,-31.119144,150.8983,Agrotis infusa,Bogong Moth
1666820700000,-35.321811,150.484869,Agrotis infusa,Bogong Moth
1666820760000,-35.321671,150.484869,Agrotis infusa,Bogong Moth
1666957028000,-38.126183,145.127625,Agrotis infusa,Bogong Moth
1666993620000,-38.162204,144.308618,Agrotis infusa,Bogong Moth
1667036612000,-38.126267,145.127564,Agrotis infusa,Bogong Moth
1667049180000,-38.176319,144.306764,Agrotis infusa,Bogong Moth
1667083440000,-36.055991,141.337341,Agrotis infusa,Bogong Moth
1667155516000,-38.777423,143.663181,Agrotis infusa,Bogong Moth
1667162640000,-37.768667,145.027714,Agrotis infusa,Bogong Moth
1667164320000,-37.767183,144.967513,Agrotis infusa,Bogong Moth
1667164320000,-37.767183,144.967513,Agrotis infusa,Bogong Moth
1667232599000,-33.746417,150.632417,Agrotis infusa,Bogong Moth
1667232600000,-38.413084,144.060981,Agrotis infusa,Bogong Moth
1667232600000,-38.413084,144.060981,Agrotis infusa,Bogong Moth
1667249645000,-37.640483,145.340191,Agrotis infusa,Bogong Moth
1667353140000,-35.0,117.8,Agrotis infusa,Bogong Moth
1667503715000,-33.739921,151.161089,Agrotis infusa,Bogong Moth
1667547018000,-34.657338,117.926493,Agrotis infusa,Bogong Moth
1667857320000,-38.4139,144.167989,Agrotis infusa,Bogong Moth
1668171540000,-38.322224,144.314361,Agrotis infusa,Bogong Moth
1668368420000,-37.582137,143.87448,Agrotis infusa,Bogong Moth
1668499841000,-35.306008,149.136947,Agrotis infusa,Bogong Moth
1668637320000,-34.807449,142.986807,Agrotis infusa,Bogong Moth
1668807900000,-36.680942,149.849779,Agrotis infusa,Bogong Moth
1669043913000,-31.938912,115.619063,Agrotis infusa,Bogong Moth
1669069320000,-37.873923,145.417079,Agrotis infusa,Bogong Moth
1669072760000,-31.89002,115.940753,Agrotis infusa,Bogong Moth
1669072760000,-31.89002,115.940753,Agrotis infusa,Bogong Moth
1669122420000,-37.146038,146.449301,Agrotis infusa,Bogong Moth
1669122420000,-37.146038,146.449301,Agrotis infusa,Bogong Moth
1669190040000,-33.724274,150.599692,Agrotis infusa,Bogong Moth
1669241621000,-38.041232,145.128273,Agrotis infusa,Bogong Moth
1669317577000,-37.404652,144.217891,Agrotis infusa,Bogong Moth
1669336500000,-31.119141,150.898245,Agrotis infusa,Bogong Moth
1669362241000,-33.94104,151.258911,Agrotis infusa,Bogong Moth
1669362241000,-33.94104,151.258911,Agrotis infusa,Bogong Moth
1669415455000,-38.16986,145.24519,Agrotis infusa,Bogong Moth
1669422600000,-35.0,138.6,Agrotis infusa,Bogong Moth
1669422600000,-35.0,138.6,Agrotis infusa,Bogong Moth
1669477740000,-37.804737,145.525126,Agrotis infusa,Bogong Moth
1669501260000,-37.886763,144.9934,Agrotis infusa,Bogong Moth
1669629360000,-35.259568,149.113315,Agrotis infusa,Bogong Moth
1669629360000,-35.259568,149.113315,Agrotis infusa,Bogong Moth
1669758146000,-31.845921,115.904568,Agrotis infusa,Bogong Moth
1669904220000,-37.818126,144.986196,Agrotis infusa,Bogong Moth
1669904220000,-37.818126,144.986196,Agrotis infusa,Bogong Moth
1670078288000,-33.918992,120.136025,Agrotis infusa,Bogong Moth
1670078288000,-33.918992,120.136025,Agrotis infusa,Bogong Moth
1670104988000,-34.976333,138.649194,Agrotis infusa,Bogong Moth
1670196253000,-38.196628,145.483187,Agrotis infusa,Bogong Moth
1670959740000,-33.81663,151.018539,Agrotis infusa,Bogong Moth
1670959740000,-33.81663,151.018539,Agrotis infusa,Bogong Moth
1671316560000,-37.931222,144.983621,Agrotis infusa,Bogong Moth
1671316560000,-37.931222,144.983621,Agrotis infusa,Bogong Moth
1671318900000,-37.887028,144.995362,Agrotis infusa,Bogong Moth
1671655740000,-38.286999,145.08104,Agrotis infusa,Bogong Moth
1671902291000,-31.97257,115.826553,Agrotis infusa,Bogong Moth
1671937500000,-38.354386,146.387996,Agrotis infusa,Bogong Moth
1671937500000,-38.354386,146.387996,Agrotis infusa,Bogong Moth
1671974951000,-36.44017,148.271697,Agrotis infusa,Bogong Moth
1671974951000,-36.44017,148.271697,Agrotis infusa,Bogong Moth
1672062477000,-34.849333,138.603136,Agrotis infusa,Bogong Moth
1672269600000,-36.993741,147.151344,Agrotis infusa,Bogong Moth
1672269600000,-36.993741,147.151344,Agrotis infusa,Bogong Moth
1672389300000,-37.543214,140.462046,Agrotis infusa,Bogong Moth
1672448963000,-36.995688,147.152389,Agrotis infusa,Bogong Moth
1672616640000,-34.940471,138.730815,Agrotis infusa,Bogong Moth
1672654725000,-38.413959,144.16803,Agrotis infusa,Bogong Moth
1672869600000,-35.08565,150.651863,Agrotis infusa,Bogong Moth
1672916820000,-36.413692,146.023145,Agrotis infusa,Bogong Moth
1672916820000,-36.413692,146.023145,Agrotis infusa,Bogong Moth
1673128976000,-37.640326,145.339823,Agrotis infusa,Bogong Moth
1673128976000,-37.640326,145.339823,Agrotis infusa,Bogong Moth
1673299309000,-36.370152,146.293137,Agrotis infusa,Bogong Moth
1673299309000,-36.370152,146.293137,Agrotis infusa,Bogong Moth
1673302429000,-36.522752,146.677426,Agrotis infusa,Bogong Moth
1673345580000,-38.092,144.356,Agrotis infusa,Bogong Moth
1673477220000,-38.413902,144.167961,Agrotis infusa,Bogong Moth
1673482494000,-35.085692,150.651817,Agrotis infusa,Bogong Moth
1673556480000,-31.119144,150.89821,Agrotis infusa,Bogong Moth
1673556480000,-31.119144,150.89821,Agrotis infusa,Bogong Moth
1673557620000,-34.813237,138.789566,Agrotis infusa,Bogong Moth
1673627189000,-37.504472,145.881363,Agrotis infusa,Bogong Moth
1673707579000,-37.621506,144.933686,Agrotis infusa,Bogong Moth
1673734980000,-37.873928,145.417085,Agrotis infusa,Bogong Moth
1673737675000,-38.196603,145.483108,Agrotis infusa,Bogong Moth
1673737675000,-38.196603,145.483108,Agrotis infusa,Bogong Moth
1673738880000,-37.8927,146.3553,Agrotis infusa,Bogong Moth
1673738880000,-37.8927,146.3553,Agrotis infusa,Bogong Moth
1673779816000,-36.332614,146.25979,Agrotis infusa,Bogong Moth
1673804764000,-37.805317,144.986022,Agrotis infusa,Bogong Moth
1673953080000,-36.094395,140.347754,Agrotis infusa,Bogong Moth
1673953080000,-36.094395,140.347754,Agrotis infusa,Bogong Moth
1673994300000,-37.77922,145.004742,Agrotis infusa,Bogong Moth
1674028200000,-33.724241,150.599754,Agrotis infusa,Bogong Moth
1674039908000,-37.721305,145.153014,Agrotis infusa,Bogong Moth
1674039908000,-37.721305,145.153014,Agrotis infusa,Bogong Moth
1674074400000,-37.146505,146.451656,Agrotis infusa,Bogong Moth
1674162000000,-37.839002,146.26311,Agrotis infusa,Bogong Moth
1674162000000,-37.839002,146.26311,Agrotis infusa,Bogong Moth
1674162960000,-37.839002,146.26311,Agrotis infusa,Bogong Moth
1674164820000,-37.839002,146.26311,Agrotis infusa,Bogong Moth
1674195156000,-37.146204,146.451775,Agrotis infusa,Bogong Moth
1674254040000,-36.175076,146.888623,Agrotis infusa,Bogong Moth
1674314434000,-35.550305,138.62192,Agrotis infusa,Bogong Moth
1674333600000,-37.87628,144.863437,Agrotis infusa,Bogong Moth
1674346800000,-37.843937,145.715866,Agrotis infusa,Bogong Moth
1674370141000,-37.775769,144.915739,Agrotis infusa,Bogong Moth
1674425236000,-34.84948,138.603144,Agrotis infusa,Bogong Moth
1674425236000,-34.84948,138.603144,Agrotis infusa,Bogong Moth
1674427560000,-38.410199,144.1584,Agrotis infusa,Bogong Moth
1674429120000,-38.286999,145.08104,Agrotis infusa,Bogong Moth
1674442500000,-37.648454,145.078392,Agrotis infusa,Bogong Moth
1674506520000,-34.867837,138.620709,Agrotis infusa,Bogong Moth
1674506520000,-34.867837,138.620709,Agrotis infusa,Bogong Moth
1674506580000,-34.827265,138.652254,Agrotis infusa,Bogong Moth
1674506640000,-34.999247,138.739291,Agrotis infusa,Bogong Moth
1674506640000,-34.999247,138.739291,Agrotis infusa,Bogong Moth
1674506940000,-34.827493,138.655042,Agrotis infusa,Bogong Moth
1674513900000,-31.119127,150.898235,Agrotis infusa,Bogong Moth
1674514920000,-38.475883,146.725783,Agrotis infusa,Bogong Moth
1674525180000,-37.848362,145.194199,Agrotis infusa,Bogong Moth
1674525180000,-37.848362,145.194199,Agrotis infusa,Bogong Moth
1674596640000,-35.085643,150.651859,Agrotis infusa,Bogong Moth
1674596940000,-37.848362,145.194199,Agrotis infusa,Bogong Moth
1674600780000,-35.44593,138.317291,Agrotis infusa,Bogong Moth
1674600780000,-35.44593,138.317291,Agrotis infusa,Bogong Moth
1674600900000,-35.44593,138.317291,Agrotis infusa,Bogong Moth
1674637520000,-37.946245,145.131653,Agrotis infusa,Bogong Moth
1674645430000,-35.574076,138.601705,Agrotis infusa,Bogong Moth
1674653100000,-38.092,144.362866,Agrotis infusa,Bogong Moth
1674682740000,-34.886697,138.649025,Agrotis infusa,Bogong Moth
1674686400000,-38.212098,144.322973,Agrotis infusa,Bogong Moth
1674688380000,-41.388137,146.232525,Agrotis infusa,Bogong Moth
1674707580000,-37.848362,145.194199,Agrotis infusa,Bogong Moth
1674707760000,-37.848362,145.194199,Agrotis infusa,Bogong Moth
1674772020000,-33.868725,151.013245,Agrotis infusa,Bogong Moth
1674858240000,-37.779098,145.110737,Agrotis infusa,Bogong Moth
1674860940000,-37.779098,145.110737,Agrotis infusa,Bogong Moth
1674861540000,-37.718778,145.050943,Agrotis infusa,Bogong Moth
1674862920000,-37.779098,145.110737,Agrotis infusa,Bogong Moth
1674864780000,-38.219424,145.07749,Agrotis infusa,Bogong Moth
1674874860000,-38.354386,146.387996,Agrotis infusa,Bogong Moth
1674875880000,-38.354386,146.387996,Agrotis infusa,Bogong Moth
1674875880000,-38.354386,146.387996,Agrotis infusa,Bogong Moth
1674879840000,-38.354386,146.387996,Agrotis infusa,Bogong Moth
1674880740000,-38.354386,146.387996,Agrotis infusa,Bogong Moth
1674892713000,-37.567838,144.726141,Agrotis infusa,Bogong Moth
1674914422000,-37.922048,145.37093,Agrotis infusa,Bogong Moth
1674940140000,-38.320302,146.568949,Agrotis infusa,Bogong Moth
1674940320000,-35.085645,150.651868,Agrotis infusa,Bogong Moth
1674944375000,-35.036324,138.912637,Agrotis infusa,Bogong Moth
1674944700000,-38.2121,144.322964,Agrotis infusa,Bogong Moth
1674955440000,-38.475883,146.725783,Agrotis infusa,Bogong Moth
1674979020000,-35.44593,138.317291,Agrotis infusa,Bogong Moth
1675018020000,-37.738014,144.969475,Agrotis infusa,Bogong Moth
1675023300000,-34.828023,138.747022,Agrotis infusa,Bogong Moth
1675023300000,-34.828023,138.747022,Agrotis infusa,Bogong Moth
1675027920000,-37.848362,145.194199,Agrotis infusa,Bogong Moth
1675028820000,-37.571195,144.105304,Agrotis infusa,Bogong Moth
1675028820000,-37.571195,144.105304,Agrotis infusa,Bogong Moth
1675030740000,-38.384686,144.1457,Agrotis infusa,Bogong Moth
1675077180000,-37.645592,144.858813,Agrotis infusa,Bogong Moth
1675288080000,-34.881991,138.737979,Agrotis infusa,Bogong Moth
1675312673000,-35.26755,149.141789,Agrotis infusa,Bogong Moth
1675341306000,-36.526653,146.02522,Agrotis infusa,Bogong Moth
1675341306000,-36.526653,146.02522,Agrotis infusa,Bogong Moth
1675518648000,-34.925193,138.605128,Agrotis infusa,Bogong Moth
1675536523000,-34.018776,150.831907,Agrotis infusa,Bogong Moth
1675641600000,-40.7482,144.69,Agrotis infusa,Bogong Moth
1675641600000,-40.7482,144.69,Agrotis infusa,Bogong Moth
1675728000000,-40.7923,144.71,Agrotis infusa,Bogong Moth
1675763940000,-33.724238,150.599737,Agrotis infusa,Bogong Moth
1675805760000,-37.848362,145.194199,Agrotis infusa,Bogong Moth
1675829818000,-37.805375,144.985992,Agrotis infusa,Bogong Moth
1675829818000,-37.805375,144.985992,Agrotis infusa,Bogong Moth
1675979460000,-38.023688,146.340652,Agrotis infusa,Bogong Moth
1675999140000,-38.354386,146.387996,Agrotis infusa,Bogong Moth
1676062620000,-38.023646,146.340684,Agrotis infusa,Bogong Moth
1676069285000,-38.196605,145.483475,Agrotis infusa,Bogong Moth
1676070540000,-37.873928,145.417095,Agrotis infusa,Bogong Moth
1676070540000,-37.873929,145.417096,Agrotis infusa,Bogong Moth
1676070540000,-37.873929,145.417096,Agrotis infusa,Bogong Moth
1676151060000,-37.848362,145.194199,Agrotis infusa,Bogong Moth
1676152753000,-38.097128,145.098397,Agrotis infusa,Bogong Moth
1676242138000,-38.196603,145.483597,Agrotis infusa,Bogong Moth
1676298180000,-37.98228,145.027742,Agrotis infusa,Bogong Moth
1676595060000,-37.999053,145.225394,Agrotis infusa,Bogong Moth
1676612640000,-38.354386,146.387996,Agrotis infusa,Bogong Moth
1676670906000,-38.110577,145.131054,Agrotis infusa,Bogong Moth
1676680842000,-38.288178,145.08605,Agrotis infusa,Bogong Moth
1676722614000,-37.898803,145.193467,Agrotis infusa,Bogong Moth
1676927880000,-37.848362,145.194199,Agrotis infusa,Bogong Moth
1676933267000,-38.355417,144.761855,Agrotis infusa,Bogong Moth
1676933267000,-38.355417,144.761855,Agrotis infusa,Bogong Moth
1677184500000,-38.188258,145.077529,Agrotis infusa,Bogong Moth
1677318739000,-37.567838,144.726141,Agrotis infusa,Bogong Moth
1677703920000,-37.848362,145.194199,Agrotis infusa,Bogong Moth
1678108870000,-36.863505,147.281595,Agrotis infusa,Bogong Moth
1678181508000,-37.770838,144.942956,Agrotis infusa,Bogong Moth
1678181508000,-37.770838,144.942956,Agrotis infusa,Bogong Moth
1678828620000,-37.848362,145.194199,Agrotis infusa,Bogong Moth
1678828620000,-37.848362,145.194199,Agrotis infusa,Bogong Moth
1680132602000,-36.041031,148.864922,Agrotis infusa,Bogong Moth
1680132602000,-36.041031,148.864922,Agrotis infusa,Bogong Moth
1681507927000,-37.993687,145.128742,Agrotis infusa,Bogong Moth
1681762316000,-37.640357,145.340629,Agrotis infusa,Bogong Moth
1681808820000,-37.545215,140.458865,Agrotis infusa,Bogong Moth
1682264400000,-36.732023,147.305775,Agrotis infusa,Bogong Moth
1682426580000,-38.252016,144.269728,Agrotis infusa,Bogong Moth
1682550267000,-37.867076,145.348947,Agrotis infusa,Bogong Moth
1683671146000,-35.789797,146.473436,Agrotis infusa,Bogong Moth
1693602000000,-29.778531,151.350281,Agrotis infusa,Bogong Moth
1693602000000,-29.778531,151.350281,Agrotis infusa,Bogong Moth
1694104620000,-31.1191,150.898057,Agrotis infusa,Bogong Moth
1694764920000,-28.820453,153.333749,Agrotis infusa,Bogong Moth
1694977097000,-34.996513,138.620837,Agrotis infusa,Bogong Moth
1695164280000,-36.378285,150.065687,Agrotis infusa,Bogong Moth
1695236897000,-33.76143,151.121991,Agrotis infusa,Bogong Moth
1695248580000,-31.87505,152.645213,Agrotis infusa,Bogong Moth
1695416040000,-37.848362,145.194199,Agrotis infusa,Bogong Moth
1695560936000,-35.01885,138.580048,Agrotis infusa,Bogong Moth
1695727500000,-29.778919,151.352933,Agrotis infusa,Bogong Moth
1695727500000,-29.778919,151.352933,Agrotis infusa,Bogong Moth
1695937860000,-34.999411,117.94021,Agrotis infusa,Bogong Moth
1695937887000,-34.999646,117.939993,Agrotis infusa,Bogong Moth
1696102260000,-31.119138,150.898269,Agrotis infusa,Bogong Moth
1696194967000,-36.340213,149.974517,Agrotis infusa,Bogong Moth
1696371120000,-31.119127,150.898184,Agrotis infusa,Bogong Moth
1696679100000,-35.25921,149.152122,Agrotis infusa,Bogong Moth
1696960080000,-35.277043,149.096638,Agrotis infusa,Bogong Moth
1697230819000,-37.805844,145.334397,Agrotis infusa,Bogong Moth
1697233260000,-37.848362,145.194199,Agrotis infusa,Bogong Moth
1697261340000,-26.823995,152.919953,Agrotis infusa,Bogong Moth
1697286120000,-37.543397,140.462186,Agrotis infusa,Bogong Moth
1697287216000,-36.364595,146.696197,Agrotis infusa,Bogong Moth
1697325660000,-37.770163,145.062573,Agrotis infusa,Bogong Moth
1697654458000,-34.849412,138.603241,Agrotis infusa,Bogong Moth
1697654458000,-34.849412,138.603241,Agrotis infusa,Bogong Moth
1697658420000,-37.146917,146.447284,Agrotis infusa,Bogong Moth
1697658420000,-37.146917,146.447284,Agrotis infusa,Bogong Moth
1697667420000,-37.790556,145.05381,Agrotis infusa,Bogong Moth
1697736711000,-35.88448,148.45433,Agrotis infusa,Bogong Moth
1697736711000,-35.88448,148.45433,Agrotis infusa,Bogong Moth
1697746260000,-35.607506,142.582573,Agrotis infusa,Bogong Moth
1697749620000,-31.1191,150.898057,Agrotis infusa,Bogong Moth
1697755740000,-37.911159,145.055954,Agrotis infusa,Bogong Moth
1697760000000,-34.591256,139.497462,Agrotis infusa,Bogong Moth
1697835540000,-37.776226,145.163454,Agrotis infusa,Bogong Moth
1697837760000,-37.848362,145.194199,Agrotis infusa,Bogong Moth
1697859060000,-38.354323,146.387953,Agrotis infusa,Bogong Moth
1697877840000,-37.826387,145.160835,Agrotis infusa,Bogong Moth
1697884958000,-33.927754,120.188283,Agrotis infusa,Bogong Moth
1697884958000,-33.927754,120.188283,Agrotis infusa,Bogong Moth
1697894573000,-37.640044,145.340094,Agrotis infusa,Bogong Moth
1697918220000,-37.962619,145.02703,Agrotis infusa,Bogong Moth
1697924940000,-31.1191,150.898057,Agrotis infusa,Bogong Moth
1697987158000,-38.420429,144.168532,Agrotis infusa,Bogong Moth
1698019200000,-39.9441,143.99,Agrotis infusa,Bogong Moth
1698019200000,-39.8649,144.09,Agrotis infusa,Bogong Moth
1698019200000,-39.9441,143.99,Agrotis infusa,Bogong Moth
1698019200000,-39.9441,143.99,Agrotis infusa,Bogong Moth
1698062083000,-37.787592,145.026692,Agrotis infusa,Bogong Moth
1698213716000,-37.810691,144.803787,Agrotis infusa,Bogong Moth
1698213716000,-37.810691,144.803787,Agrotis infusa,Bogong Moth
1698228075000,-38.170669,145.964915,Agrotis infusa,Bogong Moth
1698228075000,-38.170669,145.964915,Agrotis infusa,Bogong Moth
1698228230000,-38.170631,145.964967,Agrotis infusa,Bogong Moth
1698364800000,-39.6561,144.07,Agrotis infusa,Bogong Moth
1698364800000,-39.6561,144.07,Agrotis infusa,Bogong Moth
1698451200000,-40.0874,143.87,Agrotis infusa,Bogong Moth
1698572040000,-37.775851,145.138894,Agrotis infusa,Bogong Moth
1698575100000,-38.223362,145.169258,Agrotis infusa,Bogong Moth
1698600300000,-37.205583,145.004581,Agrotis infusa,Bogong Moth
1698650755000,-33.946849,120.121567,Agrotis infusa,Bogong Moth
1698650755000,-33.946849,120.121567,Agrotis infusa,Bogong Moth
1699053825000,-36.042228,148.855265,Agrotis infusa,Bogong Moth
1699054808000,-37.893642,147.681779,Agrotis infusa,Bogong Moth
1699225500000,-36.503451,142.036907,Agrotis infusa,Bogong Moth
1699286031000,-37.63064,145.109034,Agrotis infusa,Bogong Moth
1699478100000,-35.812114,150.222502,Agrotis infusa,Bogong Moth
1699644420000,-38.286999,145.08104,Agrotis infusa,Bogong Moth
1699653720000,-38.475897,146.725724,Agrotis infusa,Bogong Moth
1699654200000,-38.475879,146.725733,Agrotis infusa,Bogong Moth
1699654680000,-38.475878,146.725731,Agrotis infusa,Bogong Moth
1699950491000,-36.390588,148.428755,Agrotis infusa,Bogong Moth
1699995077000,-38.149582,145.14005,Agrotis infusa,Bogong Moth
1699995477000,-35.362328,149.045914,Agrotis infusa,Bogong Moth
1700245651000,-37.645234,145.097886,Agrotis infusa,Bogong Moth
1700446957000,-37.832681,145.228464,Agrotis infusa,Bogong Moth
1700446957000,-37.832681,145.228464,Agrotis infusa,Bogong Moth
1700687986000,-37.887439,145.066943,Agrotis infusa,Bogong Moth
1700694589000,-37.121824,145.167163,Agrotis infusa,Bogong Moth
1700774867000,-35.036323,138.912637,Agrotis infusa,Bogong Moth
1700946660000,-35.318368,138.615198,Agrotis infusa,Bogong Moth
1700948760000,-38.354323,146.387953,Agrotis infusa,Bogong Moth
1701100303000,-37.870431,145.243343,Agrotis infusa,Bogong Moth
1701116700000,-30.288557,152.737727,Agrotis infusa,Bogong Moth
1701116700000,-30.288557,152.737727,Agrotis infusa,Bogong Moth
1701125460000,-38.212097,144.322978,Agrotis infusa,Bogong Moth
1701440818000,-35.275075,149.113525,Agrotis infusa,Bogong Moth
1701763560000,-33.72418,150.599769,Agrotis infusa,Bogong Moth
1701786840000,-37.922282,145.370582,Agrotis infusa,Bogong Moth
1701807660000,-36.893631,147.251314,Agrotis infusa,Bogong Moth
1701807660000,-36.893631,147.251314,Agrotis infusa,Bogong Moth
1701809340000,-36.893631,147.251314,Agrotis infusa,Bogong Moth
1701809340000,-36.893631,147.251314,Agrotis infusa,Bogong Moth
1701845433000,-35.229832,149.15533,Agrotis infusa,Bogong Moth
1701933471000,-36.690098,146.776098,Agrotis infusa,Bogong Moth
1701988560000,-37.612732,145.085912,Agrotis infusa,Bogong Moth
1702418700000,-38.413909,144.167974,Agrotis infusa,Bogong Moth
1702472100000,-37.854012,145.192829,Agrotis infusa,Bogong Moth
1702510260000,-37.848362,145.194199,Agrotis infusa,Bogong Moth
1702590120000,-37.678172,144.905509,Agrotis infusa,Bogong Moth
1702590120000,-37.678172,144.905509,Agrotis infusa,Bogong Moth
1702814886000,-37.342119,144.141583,Agrotis infusa,Bogong Moth
1702978560000,-34.77443,117.701426,Agrotis infusa,Bogong Moth
1702985880000,-33.724262,150.599668,Agrotis infusa,Bogong Moth
1703003602000,-37.809033,144.952658,Agrotis infusa,Bogong Moth
1703149440000,-37.904415,145.043965,Agrotis infusa,Bogong Moth
1703318400000,-42.891931,147.223749,Agrotis infusa,Bogong Moth
1703796585000,-33.434028,149.383955,Agrotis infusa,Bogong Moth
1704321523000,-37.689276,143.997115,Agrotis infusa,Bogong Moth
1704321523000,-37.689276,143.997115,Agrotis infusa,Bogong Moth
1704493800000,-38.354323,146.387953,Agrotis infusa,Bogong Moth
1704493800000,-38.354323,146.387953,Agrotis infusa,Bogong Moth
1704575940000,-37.836013,146.302246,Agrotis infusa,Bogong Moth
1704580620000,-38.38609,146.26676,Agrotis infusa,Bogong Moth
1704580620000,-38.38609,146.26676,Agrotis infusa,Bogong Moth
1704837420000,-38.286999,145.08104,Agrotis infusa,Bogong Moth
1704927780000,-37.633648,144.088791,Agrotis infusa,Bogong Moth
1705033920000,-38.354323,146.387953,Agrotis infusa,Bogong Moth
1705097040000,-38.212104,144.322967,Agrotis infusa,Bogong Moth
1705097040000,-38.212104,144.322967,Agrotis infusa,Bogong Moth
1705101888000,-34.940851,138.499902,Agrotis infusa,Bogong Moth
1705181640000,-35.256445,149.150441,Agrotis infusa,Bogong Moth
1705274700000,-37.226522,144.35057,Agrotis infusa,Bogong Moth
1705331697000,-33.754178,150.939768,Agrotis infusa,Bogong Moth
1705331697000,-33.754178,150.939768,Agrotis infusa,Bogong Moth
1705364076000,-37.797146,145.05636,Agrotis infusa,Bogong Moth
1705424964000,-37.724042,145.05335,Agrotis infusa,Bogong Moth
1705444345000,-37.771113,144.941892,Agrotis infusa,Bogong Moth
1705683900000,-38.574383,146.198136,Agrotis infusa,Bogong Moth
1705683900000,-38.574383,146.198136,Agrotis infusa,Bogong Moth
1705737900000,-33.724236,150.599742,Agrotis infusa,Bogong Moth
1705737900000,-33.724236,150.599742,Agrotis infusa,Bogong Moth
1705788603000,-37.771104,144.941899,Agrotis infusa,Bogong Moth
1705788603000,-37.771104,144.941899,Agrotis infusa,Bogong Moth
1705788900000,-36.811595,143.241202,Agrotis infusa,Bogong Moth
1705838315000,-38.383383,142.234755,Agrotis infusa,Bogong Moth
1705841820000,-38.670848,145.616432,Agrotis infusa,Bogong Moth
1705949667000,-38.814255,146.204147,Agrotis infusa,Bogong Moth
1705949667000,-38.814255,146.204147,Agrotis infusa,Bogong Moth
1706171400000,-33.724289,150.599755,Agrotis infusa,Bogong Moth
1706179320000,-35.192582,149.158659,Agrotis infusa,Bogong Moth
1706345452000,-35.282459,149.133411,Agrotis infusa,Bogong Moth
1706498820000,-38.354323,146.387953,Agrotis infusa,Bogong Moth
1706740680000,-37.568073,144.724461,Agrotis infusa,Bogong Moth
1706740680000,-37.568073,144.724461,Agrotis infusa,Bogong Moth
1706802900000,-33.674523,151.354921,Agrotis infusa,Bogong Moth
1706827320000,-37.63365,144.088794,Agrotis infusa,Bogong Moth
1707063421000,-37.844045,144.961536,Agrotis infusa,Bogong Moth
1707083999000,-37.77108,144.94168,Agrotis infusa,Bogong Moth
1707083999000,-37.77108,144.94168,Agrotis infusa,Bogong Moth
1707084420000,-37.8181,145.8683,Agrotis infusa,Bogong Moth
1707086160000,-37.848744,145.272638,Agrotis infusa,Bogong Moth
1707101580000,-37.779098,145.110737,Agrotis infusa,Bogong Moth
1707107880000,-38.354323,146.387953,Agrotis infusa,Bogong Moth
1707107880000,-38.354323,146.387953,Agrotis infusa,Bogong Moth
1707340538000,-35.790168,146.473099,Agrotis infusa,Bogong Moth
1707427620000,-37.568073,144.724461,Agrotis infusa,Bogong Moth
1707670488000,-34.849348,138.603185,Agrotis infusa,Bogong Moth
1707692580000,-35.0,138.6,Agrotis infusa,Bogong Moth
1707773820000,-35.574481,138.602215,Agrotis infusa,Bogong Moth
1707822780000,-33.72425,150.599713,Agrotis infusa,Bogong Moth
1707822780000,-33.72425,150.599713,Agrotis infusa,Bogong Moth
1708028296000,-37.819706,144.951328,Agrotis infusa,Bogong Moth
1708074600000,-37.541988,145.474887,Agrotis infusa,Bogong Moth
1708170318000,-37.991378,145.127625,Agrotis infusa,Bogong Moth
1708170318000,-37.991378,145.127625,Agrotis infusa,Bogong Moth
1708204080000,-37.99127,145.126628,Agrotis infusa,Bogong Moth
1708207260000,-37.990749,145.127029,Agrotis infusa,Bogong Moth
1708241618000,-35.063521,138.664612,Agrotis infusa,Bogong Moth
1708241618000,-35.063521,138.664612,Agrotis infusa,Bogong Moth
1708292220000,-37.947309,145.131773,Agrotis infusa,Bogong Moth
1708296410000,-34.972618,138.683701,Agrotis infusa,Bogong Moth
1708296410000,-34.972618,138.683701,Agrotis infusa,Bogong Moth
1708463880000,-37.5485,144.7262,Agrotis infusa,Bogong Moth
1708974180000,-34.286718,140.604547,Agrotis infusa,Bogong Moth
1708974180000,-34.286718,140.604547,Agrotis infusa,Bogong Moth
1708985520000,-29.105167,151.898611,Agrotis infusa,Bogong Moth
1709067750000,-34.97611,138.651654,Agrotis infusa,Bogong Moth
1709079713000,-34.976197,138.651639,Agrotis infusa,Bogong Moth
1709079713000,-34.976197,138.651639,Agrotis infusa,Bogong Moth
1709128117000,-34.925317,138.596192,Agrotis infusa,Bogong Moth
1709160360000,-36.805022,145.792858,Agrotis infusa,Bogong Moth
1709425080000,-33.62017,134.843812,Agrotis infusa,Bogong Moth
1709425080000,-33.62017,134.843812,Agrotis infusa,Bogong Moth
1709564251000,-35.340222,149.063003,Agrotis infusa,Bogong Moth
1709663520000,-37.854721,144.992833,Agrotis infusa,Bogong Moth
1709663520000,-37.854721,144.992833,Agrotis infusa,Bogong Moth
1709762340000,-37.9144,145.4181,Agrotis infusa,Bogong Moth
1709822590000,-34.791325,149.6235,Agrotis infusa,Bogong Moth
1709841926000,-36.875064,147.243014,Agrotis infusa,Bogong Moth
1709845750000,-38.185249,144.320674,Agrotis infusa,Bogong Moth
1709845750000,-38.185249,144.320674,Agrotis infusa,Bogong Moth
1709978852000,-34.933227,138.544123,Agrotis infusa,Bogong Moth
1710017849000,-35.01839,138.549233,Agrotis infusa,Bogong Moth
1710018990000,-37.886764,144.993344,Agrotis infusa,Bogong Moth
1710019500000,-37.88677,144.993331,Agrotis infusa,Bogong Moth
1710019500000,-37.88677,144.993331,Agrotis infusa,Bogong Moth
1710019680000,-37.886732,144.993056,Agrotis infusa,Bogong Moth
1710019680000,-37.886732,144.993056,Agrotis infusa,Bogong Moth
1710020614000,-37.771081,144.941692,Agrotis infusa,Bogong Moth
1710020614000,-37.771081,144.941692,Agrotis infusa,Bogong Moth
1710102660000,-37.407652,144.325926,Agrotis infusa,Bogong Moth
1710109680000,-37.711622,144.897591,Agrotis infusa,Bogong Moth
1710110220000,-37.71441,144.89751,Agrotis infusa,Bogong Moth
1710110220000,-37.71441,144.89751,Agrotis infusa,Bogong Moth
1710368675000,-34.921875,138.693863,Agrotis infusa,Bogong Moth
1710500899000,-35.55035,138.621842,Agrotis infusa,Bogong Moth
1710500899000,-35.55035,138.621842,Agrotis infusa,Bogong Moth
1710501059000,-35.550308,138.621947,Agrotis infusa,Bogong Moth
1710521580000,-37.720558,145.048425,Agrotis infusa,Bogong Moth
1710600044000,-34.849411,138.603168,Agrotis infusa,Bogong Moth
1710604440000,-35.021082,138.633098,Agrotis infusa,Bogong Moth
1710619560000,-34.816001,138.691918,Agrotis infusa,Bogong Moth
1710709080000,-34.800587,138.490508,Agrotis infusa,Bogong Moth
1710710827000,-34.801405,138.486922,Agrotis infusa,Bogong Moth
1710710827000,-34.801405,138.486922,Agrotis infusa,Bogong Moth
1711147080000,-35.071368,138.460891,Agrotis infusa,Bogong Moth
1711479360000,-37.980637,145.033406,Agrotis infusa,Bogong Moth
1711488300000,-37.981092,145.032173,Agrotis infusa,Bogong Moth
1711661160000,-37.341807,145.564935,Agrotis infusa,Bogong Moth
1711844381000,-34.974101,138.7693,Agrotis infusa,Bogong Moth
1712506989000,-37.67857,145.490692,Agrotis infusa,Bogong Moth
1712576460000,-34.820776,138.522579,Agrotis infusa,Bogong Moth
1714333980000,-36.521803,143.883719,Agrotis infusa,Bogong Moth
1714814601000,-37.678405,142.956149,Agrotis infusa,Bogong Moth
1715981769000,-35.152705,136.471572,Agrotis infusa,Bogong Moth
1715981769000,-35.152705,136.471572,Agrotis infusa,Bogong Moth
1717036800000,-38.182595,145.119404,Agrotis infusa,Bogong Moth
1717272600000,-30.107432,115.4004,Agrotis infusa,Bogong Moth
1717272600000,-30.107432,115.4004,Agrotis infusa,Bogong Moth
1724101800000,-29.897583,131.286898,Agrotis infusa,Bogong Moth
1724539346000,-34.92182,138.693863,Agrotis infusa,Bogong Moth
1724705293000,-34.921803,138.693922,Agrotis infusa,Bogong Moth
1725743640000,-37.873933,145.417082,Agrotis infusa,Bogong Moth
1725747694000,-38.142149,145.15817,Agrotis infusa,Bogong Moth
1725747694000,-38.142149,145.15817,Agrotis infusa,Bogong Moth
1725851460000,-35.275644,149.089356,Agrotis infusa,Bogong Moth
1726197780000,-34.433726,150.474918,Agrotis infusa,Bogong Moth
1726334213000,-31.099531,115.379991,Agrotis infusa,Bogong Moth
1726613400000,-31.92545,115.817301,Agrotis infusa,Bogong Moth
1726613458000,-31.926401,115.816977,Agrotis infusa,Bogong Moth
1726870020000,-30.351289,153.081638,Agrotis infusa,Bogong Moth
1726970854000,-33.850355,151.212172,Agrotis infusa,Bogong Moth
1727079000000,-34.658039,150.300353,Agrotis infusa,Bogong Moth
1727114223000,-33.650087,151.308363,Agrotis infusa,Bogong Moth
1727119554000,-33.620453,151.335198,Agrotis infusa,Bogong Moth
1727119554000,-33.620453,151.335198,Agrotis infusa,Bogong Moth
1727127704000,-33.663365,151.31177,Agrotis infusa,Bogong Moth
1727131103000,-34.870059,138.794918,Agrotis infusa,Bogong Moth
1727131103000,-34.870059,138.794918,Agrotis infusa,Bogong Moth
1727171958000,-37.050725,146.083358,Agrotis infusa,Bogong Moth
1727207100000,-37.848362,145.194199,Agrotis infusa,Bogong Moth
1727207100000,-37.848362,145.194199,Agrotis infusa,Bogong Moth
1727209050000,-37.567838,144.726141,Agrotis infusa,Bogong Moth
1727256572000,-33.800167,151.228972,Agrotis infusa,Bogong Moth
1727263028000,-33.967812,151.26573,Agrotis infusa,Bogong Moth
1727290452000,-33.698065,150.639488,Agrotis infusa,Bogong Moth
1727295925000,-36.412903,148.619583,Agrotis infusa,Bogong Moth
1727322559000,-35.263644,149.031097,Agrotis infusa,Bogong Moth
1727391711000,-37.513131,143.705693,Agrotis infusa,Bogong Moth
1727391711000,-37.513131,143.705693,Agrotis infusa,Bogong Moth
1727440928000,-31.342882,115.598571,Agrotis infusa,Bogong Moth
1727440928000,-31.342882,115.598571,Agrotis infusa,Bogong Moth
1727460307000,-31.75245,115.811118,Agrotis infusa,Bogong Moth
1727461140000,-34.658104,150.300232,Agrotis infusa,Bogong Moth
1727466151000,-33.821118,151.078955,Agrotis infusa,Bogong Moth
1727466151000,-33.821118,151.078955,Agrotis infusa,Bogong Moth
1727541260000,-41.119996,146.007951,Agrotis infusa,Bogong Moth
1727541260000,-41.119996,146.007951,Agrotis infusa,Bogong Moth
1727553660000,-38.354376,146.387945,Agrotis infusa,Bogong Moth
1727553660000,-38.354376,146.387945,Agrotis infusa,Bogong Moth
1727611260000,-35.259171,149.152097,Agrotis infusa,Bogong Moth
1727611860000,-37.817833,144.955572,Agrotis infusa,Bogong Moth
1727638804000,-35.557737,138.624663,Agrotis infusa,Bogong Moth
1727647500000,-35.254995,149.149498,Agrotis infusa,Bogong Moth
1727647500000,-35.254995,149.149498,Agrotis infusa,Bogong Moth
1727688858000,-33.648573,151.309667,Agrotis infusa,Bogong Moth
1727709547000,-35.285308,149.135925,Agrotis infusa,Bogong Moth
1727714356000,-37.27027,144.307525,Agrotis infusa,Bogong Moth
1727714356000,-37.27027,144.307525,Agrotis infusa,Bogong Moth
1727798235000,-33.626011,150.173303,Agrotis infusa,Bogong Moth
1727804180000,-35.275063,149.114272,Agrotis infusa,Bogong Moth
1727804180000,-35.275063,149.114272,Agrotis infusa,Bogong Moth
1727813513000,-34.931215,138.649499,Agrotis infusa,Bogong Moth
1727813513000,-34.931215,138.649499,Agrotis infusa,Bogong Moth
1727819949000,-33.969391,151.020427,Agrotis infusa,Bogong Moth
1727885395000,-38.226788,145.169983,Agrotis infusa,Bogong Moth
1727965380000,-37.853409,144.983771,Agrotis infusa,Bogong Moth
1727988600000,-37.982298,145.589183,Agrotis infusa,Bogong Moth
1727988600000,-37.982298,145.589183,Agrotis infusa,Bogong Moth
1727990905000,-37.771072,144.941712,Agrotis infusa,Bogong Moth
1727991824000,-37.77798,145.030885,Agrotis infusa,Bogong Moth
1727991824000,-37.77798,145.030885,Agrotis infusa,Bogong Moth
1728023175000,-37.511953,143.706092,Agrotis infusa,Bogong Moth
1728024575000,-33.4225,149.578517,Agrotis infusa,Bogong Moth
1728024575000,-33.4225,149.578517,Agrotis infusa,Bogong Moth
1728046580000,-37.662411,144.509186,Agrotis infusa,Bogong Moth
1728046580000,-37.662411,144.509186,Agrotis infusa,Bogong Moth
1728047681000,-33.422678,149.578633,Agrotis infusa,Bogong Moth
1728047681000,-33.422678,149.578633,Agrotis infusa,Bogong Moth
1728074649000,-35.264538,149.070022,Agrotis infusa,Bogong Moth
1728079140000,-37.878,145.411,Agrotis infusa,Bogong Moth
1728085195000,-33.606797,150.746628,Agrotis infusa,Bogong Moth
1728115272000,-32.933729,117.181361,Agrotis infusa,Bogong Moth
1728115293000,-32.934055,117.181163,Agrotis infusa,Bogong Moth
1728115293000,-32.934055,117.181163,Agrotis infusa,Bogong Moth
1728116020000,-32.933908,117.181327,Agrotis infusa,Bogong Moth
1728116020000,-32.933908,117.181327,Agrotis infusa,Bogong Moth
1728137216000,-38.12968,145.865708,Agrotis infusa,Bogong Moth
1728137216000,-38.12968,145.865708,Agrotis infusa,Bogong Moth
1728247954000,-37.751097,144.792206,Agrotis infusa,Bogong Moth
1728251280000,-38.404871,144.176348,Agrotis infusa,Bogong Moth
1728254160000,-33.569135,150.625289,Agrotis infusa,Bogong Moth
1728254160000,-33.569135,150.625289,Agrotis infusa,Bogong Moth
1728254235000,-38.081394,144.343445,Agrotis infusa,Bogong Moth
1728301577000,-38.280983,144.609633,Agrotis infusa,Bogong Moth
1728303613000,-35.430867,149.076356,Agrotis infusa,Bogong Moth
1728327135000,-38.175026,144.573958,Agrotis infusa,Bogong Moth
1728327135000,-38.175026,144.573958,Agrotis infusa,Bogong Moth
1728383760000,-35.208552,149.050288,Agrotis infusa,Bogong Moth
1728383760000,-35.208552,149.050288,Agrotis infusa,Bogong Moth
1728384000000,-35.20854,149.050298,Agrotis infusa,Bogong Moth
1728396600000,-33.677254,151.110862,Agrotis infusa,Bogong Moth
1728423593000,-35.07949,117.811701,Agrotis infusa,Bogong Moth
1728423599000,-35.042264,117.849911,Agrotis infusa,Bogong Moth
1728424260000,-38.074137,144.358638,Agrotis infusa,Bogong Moth
1728514377000,-33.740792,150.70461,Agrotis infusa,Bogong Moth
1728546546000,-33.883722,151.157028,Agrotis infusa,Bogong Moth
1728546546000,-33.883722,151.157028,Agrotis infusa,Bogong Moth
1728590778000,-33.734871,151.267776,Agrotis infusa,Bogong Moth
1728590778000,-33.734871,151.267776,Agrotis infusa,Bogong Moth
1728591828000,-37.511863,143.705861,Agrotis infusa,Bogong Moth
1728604800000,-31.119147,150.898277,Agrotis infusa,Bogong Moth
1728606042000,-35.790176,146.473209,Agrotis infusa,Bogong Moth
1728606042000,-35.790176,146.473209,Agrotis infusa,Bogong Moth
1728618540000,-35.335289,149.043094,Agrotis infusa,Bogong Moth
1728631209000,-38.112578,144.646218,Agrotis infusa,Bogong Moth
1728638127000,-35.721213,147.31624,Agrotis infusa,Bogong Moth
1728651600000,-33.8384,151.215052,Agrotis infusa,Bogong Moth
1728654120000,-36.460375,143.757116,Agrotis infusa,Bogong Moth
1728654120000,-36.460375,143.757116,Agrotis infusa,Bogong Moth
1728659160000,-37.763588,147.772566,Agrotis infusa,Bogong Moth
1728680820000,-33.569135,150.625289,Agrotis infusa,Bogong Moth
1728736387000,-38.323258,144.307977,Agrotis infusa,Bogong Moth
1728753196000,-34.26022,119.410362,Agrotis infusa,Bogong Moth
1728753196000,-34.26022,119.410362,Agrotis infusa,Bogong Moth
1728765780000,-37.887014,144.995457,Agrotis infusa,Bogong Moth
1728819365000,-35.031761,149.220417,Agrotis infusa,Bogong Moth
1728829696000,-37.821085,145.041173,Agrotis infusa,Bogong Moth
1728829696000,-37.821085,145.041173,Agrotis infusa,Bogong Moth
1728851820000,-36.454263,141.666476,Agrotis infusa,Bogong Moth
1728856620000,-37.568073,144.724461,Agrotis infusa,Bogong Moth
1728856620000,-37.568073,144.724461,Agrotis infusa,Bogong Moth
1728878280000,-35.33124,149.141375,Agrotis infusa,Bogong Moth
1728880440000,-35.328164,149.094127,Agrotis infusa,Bogong Moth
1728888940000,-34.745247,146.534242,Agrotis infusa,Bogong Moth
1728888940000,-34.745247,146.534242,Agrotis infusa,Bogong Moth
1728936958000,-35.26067,149.130875,Agrotis infusa,Bogong Moth
1728943705000,-35.229079,149.163431,Agrotis infusa,Bogong Moth
1728972960000,-35.283969,149.125644,Agrotis infusa,Bogong Moth
1729024620000,-37.68941,145.301036,Agrotis infusa,Bogong Moth
1729027536000,-37.77103,144.94168,Agrotis infusa,Bogong Moth
1729028738000,-34.838885,138.400362,Agrotis infusa,Bogong Moth
1729029300000,-37.878013,145.445372,Agrotis infusa,Bogong Moth
1729066003000,-36.889328,143.885848,Agrotis infusa,Bogong Moth
1729066149000,-37.721319,144.889232,Agrotis infusa,Bogong Moth
1729066149000,-37.721319,144.889232,Agrotis infusa,Bogong Moth
1729079206000,-38.189483,144.709696,Agrotis infusa,Bogong Moth
1729082340000,-37.567932,144.697623,Agrotis infusa,Bogong Moth
1729082340000,-37.567932,144.697623,Agrotis infusa,Bogong Moth
1729099959000,-38.432408,146.529053,Agrotis infusa,Bogong Moth
1729099959000,-38.432408,146.529053,Agrotis infusa,Bogong Moth
1729108920000,-38.413942,144.167975,Agrotis infusa,Bogong Moth
1729123200000,-32.798857,116.87384,Agrotis infusa,Bogong Moth
1729123200000,-32.798857,116.87384,Agrotis infusa,Bogong Moth
1729158104000,-35.626933,144.126145,Agrotis infusa,Bogong Moth
1729165721000,-37.391475,144.594483,Agrotis infusa,Bogong Moth
1729176660000,-37.79267,145.064515,Agrotis infusa,Bogong Moth
1729176660000,-37.79267,145.064515,Agrotis infusa,Bogong Moth
1729179218000,-36.322425,145.047164,Agrotis infusa,Bogong Moth
1729199826000,-34.921803,138.69383,Agrotis infusa,Bogong Moth
1729205460000,-35.247019,149.165956,Agrotis infusa,Bogong Moth
1729205460000,-35.247019,149.165956,Agrotis infusa,Bogong Moth
1729270569000,-33.621617,150.274527,Agrotis infusa,Bogong Moth
1729270569000,-33.621617,150.274527,Agrotis infusa,Bogong Moth
1729272329000,-38.196683,145.483095,Agrotis infusa,Bogong Moth
1729274892000,-37.823857,145.045045,Agrotis infusa,Bogong Moth
1729274892000,-37.823857,145.045045,Agrotis infusa,Bogong Moth
1729276350000,-33.772746,150.980985,Agrotis infusa,Bogong Moth
1729276350000,-33.772746,150.980985,Agrotis infusa,Bogong Moth
1729281804000,-38.252913,144.946783,Agrotis infusa,Bogong Moth
1729281804000,-38.252913,144.946783,Agrotis infusa,Bogong Moth
1729285111000,-37.691106,145.288139,Agrotis infusa,Bogong Moth
1729288300000,-38.385931,142.225913,Agrotis infusa,Bogong Moth
1729288300000,-38.385931,142.225913,Agrotis infusa,Bogong Moth
1729326225000,-33.940638,120.127572,Agrotis infusa,Bogong Moth
1729326375000,-33.940513,120.127486,Agrotis infusa,Bogong Moth
1729366676000,-31.967268,116.063116,Agrotis infusa,Bogong Moth
1729366676000,-31.967268,116.063116,Agrotis infusa,Bogong Moth
1729369020000,-38.356945,146.389597,Agrotis infusa,Bogong Moth
1729372020000,-38.35674,146.38971,Agrotis infusa,Bogong Moth
1729372816000,-34.92182,138.693863,Agrotis infusa,Bogong Moth
1729418404000,-34.771313,117.699482,Agrotis infusa,Bogong Moth
1729420987000,-34.774081,117.701259,Agrotis infusa,Bogong Moth
1729426618000,-34.774068,117.701205,Agrotis infusa,Bogong Moth
1729428720000,-37.695919,143.973985,Agrotis infusa,Bogong Moth
1729428720000,-37.695919,143.973985,Agrotis infusa,Bogong Moth
1729432904000,-37.755642,145.064746,Agrotis infusa,Bogong Moth
1729436304000,-34.99692,117.91254,Agrotis infusa,Bogong Moth
1729457406000,-37.781499,144.812823,Agrotis infusa,Bogong Moth
1729484520000,-30.593354,138.400499,Agrotis infusa,Bogong Moth
1729484520000,-30.593354,138.400499,Agrotis infusa,Bogong Moth
1729484526000,-30.593478,138.400554,Agrotis infusa,Bogong Moth
1729484526000,-30.593478,138.400554,Agrotis infusa,Bogong Moth
1729485540000,-34.433726,150.474918,Agrotis infusa,Bogong Moth
1729492038000,-30.592955,138.400008,Agrotis infusa,Bogong Moth
1729492038000,-30.592955,138.400008,Agrotis infusa,Bogong Moth
1729503977000,-35.606706,150.329636,Agrotis infusa,Bogong Moth
1729503977000,-35.606706,150.329636,Agrotis infusa,Bogong Moth
1729532419000,-36.997955,142.330345,Agrotis infusa,Bogong Moth
1729532419000,-36.997955,142.330345,Agrotis infusa,Bogong Moth
1729540980000,-36.457427,142.025516,Agrotis infusa,Bogong Moth
1729541280000,-36.457427,142.025516,Agrotis infusa,Bogong Moth
1729541280000,-36.457427,142.025516,Agrotis infusa,Bogong Moth
1729546380000,-37.712713,144.896072,Agrotis infusa,Bogong Moth
1729547084000,-38.621528,142.995742,Agrotis infusa,Bogong Moth
1729578453000,-37.053775,146.092129,Agrotis infusa,Bogong Moth
1729603991000,-37.768158,144.949172,Agrotis infusa,Bogong Moth
1729608471000,-35.315508,149.139878,Agrotis infusa,Bogong Moth
1729618491000,-37.755983,144.817083,Agrotis infusa,Bogong Moth
1729622174000,-34.93529,138.599947,Agrotis infusa,Bogong Moth
1729630053000,-35.032169,139.48555,Agrotis infusa,Bogong Moth
1729630053000,-35.032169,139.48555,Agrotis infusa,Bogong Moth
1729666740000,-32.83974,138.037854,Agrotis infusa,Bogong Moth
1729672693000,-37.7566,145.069611,Agrotis infusa,Bogong Moth
1729672693000,-37.7566,145.069611,Agrotis infusa,Bogong Moth
1729711397000,-32.129605,115.907571,Agrotis infusa,Bogong Moth
1729719881000,-35.132941,138.530853,Agrotis infusa,Bogong Moth
1729730119000,-37.951383,145.318823,Agrotis infusa,Bogong Moth
1729758992000,-34.935376,138.59993,Agrotis infusa,Bogong Moth
1729758992000,-34.935376,138.59993,Agrotis infusa,Bogong Moth
1729769484000,-37.730669,145.040415,Agrotis infusa,Bogong Moth
1729789841000,-37.870304,144.810832,Agrotis infusa,Bogong Moth
1729802853000,-29.650886,137.213032,Agrotis infusa,Bogong Moth
1729851982000,-37.840196,146.264348,Agrotis infusa,Bogong Moth
1729891651000,-42.977372,147.313583,Agrotis infusa,Bogong Moth
1729892580000,-38.413932,144.16796,Agrotis infusa,Bogong Moth
1729895700000,-31.367408,138.71764,Agrotis infusa,Bogong Moth
1729896420000,-31.367408,138.71764,Agrotis infusa,Bogong Moth
1729936740000,-38.17554,145.132059,Agrotis infusa,Bogong Moth
1729936740000,-38.17554,145.132059,Agrotis infusa,Bogong Moth
1729977120000,-37.022144,144.059094,Agrotis infusa,Bogong Moth
1730014023000,-33.366202,149.079137,Agrotis infusa,Bogong Moth
1730020012000,-35.281292,149.134431,Agrotis infusa,Bogong Moth
1730040498000,-33.902676,151.142517,Agrotis infusa,Bogong Moth
1730059663000,-34.15361,138.422722,Agrotis infusa,Bogong Moth
1730059663000,-34.15361,138.422722,Agrotis infusa,Bogong Moth
1730063520000,-36.701761,144.334575,Agrotis infusa,Bogong Moth
1730064960000,-36.701746,144.334736,Agrotis infusa,Bogong Moth
1730064960000,-36.701746,144.334736,Agrotis infusa,Bogong Moth
1730110353000,-33.598198,150.78953,Agrotis infusa,Bogong Moth
1730111160000,-34.963,117.928,Agrotis infusa,Bogong Moth
1730136218000,-35.336152,149.070252,Agrotis infusa,Bogong Moth
1730136218000,-35.336152,149.070252,Agrotis infusa,Bogong Moth
1730137535000,-33.746414,150.632427,Agrotis infusa,Bogong Moth
1730164844000,-37.787077,144.879,Agrotis infusa,Bogong Moth
1730214840000,-32.113672,115.740251,Agrotis infusa,Bogong Moth
1730228820000,-37.147504,146.452847,Agrotis infusa,Bogong Moth
1730241736000,-35.101871,117.800539,Agrotis infusa,Bogong Moth
1730271673000,-35.132941,138.530853,Agrotis infusa,Bogong Moth
1730281380000,-35.269002,149.117338,Agrotis infusa,Bogong Moth
1730325480000,-37.31653,142.193137,Agrotis infusa,Bogong Moth
1730366074000,-35.364728,149.250778,Agrotis infusa,Bogong Moth
1730367897000,-31.999105,115.542525,Agrotis infusa,Bogong Moth
1730367897000,-31.999105,115.542525,Agrotis infusa,Bogong Moth
1730373240000,-35.208565,149.050307,Agrotis infusa,Bogong Moth
1730390583000,-37.829014,146.914585,Agrotis infusa,Bogong Moth
1730400120000,-34.799759,138.691042,Agrotis infusa,Bogong Moth
1730423341000,-35.068501,117.827123,Agrotis infusa,Bogong Moth
1730424658000,-35.197346,117.821396,Agrotis infusa,Bogong Moth
1730465203000,-37.81733,144.956833,Agrotis infusa,Bogong Moth
1730465203000,-37.81733,144.956833,Agrotis infusa,Bogong Moth
1730467560000,-33.735776,151.126945,Agrotis infusa,Bogong Moth
1730496342000,-31.925229,115.817286,Agrotis infusa,Bogong Moth
1730496342000,-31.925229,115.817286,Agrotis infusa,Bogong Moth
1730502791000,-33.904692,151.154161,Agrotis infusa,Bogong Moth
1730502791000,-33.904692,151.154161,Agrotis infusa,Bogong Moth
1730503500000,-35.171578,149.058242,Agrotis infusa,Bogong Moth
1730542198000,-33.87731,151.211357,Agrotis infusa,Bogong Moth
1730554490000,-34.957147,117.323553,Agrotis infusa,Bogong Moth
1730579340000,-37.885601,144.995726,Agrotis infusa,Bogong Moth
1730580919000,-37.699012,145.035034,Agrotis infusa,Bogong Moth
1730581560000,-37.887017,144.995456,Agrotis infusa,Bogong Moth
1730582055000,-37.808357,144.970354,Agrotis infusa,Bogong Moth
1730582055000,-37.808357,144.970354,Agrotis infusa,Bogong Moth
1730582760000,-37.27918,145.36548,Agrotis infusa,Bogong Moth
1730583420000,-37.887864,144.993577,Agrotis infusa,Bogong Moth
1730584140000,-37.887864,144.993575,Agrotis infusa,Bogong Moth
1730585280000,-37.887182,144.992225,Agrotis infusa,Bogong Moth
1730587920000,-37.87,145.38,Agrotis infusa,Bogong Moth
1730620774000,-38.388125,142.232855,Agrotis infusa,Bogong Moth
1730630267000,-34.773983,117.701362,Agrotis infusa,Bogong Moth
1730631840000,-35.715017,150.168604,Agrotis infusa,Bogong Moth
1730662500000,-38.259487,145.162668,Agrotis infusa,Bogong Moth
1730664000000,-38.259642,145.163107,Agrotis infusa,Bogong Moth
1730668144000,-37.840725,146.266175,Agrotis infusa,Bogong Moth
1730668144000,-37.840725,146.266175,Agrotis infusa,Bogong Moth
1730708640000,-33.724261,150.599688,Agrotis infusa,Bogong Moth
1730753340000,-38.182597,145.119396,Agrotis infusa,Bogong Moth
1730753340000,-38.182597,145.119396,Agrotis infusa,Bogong Moth
1730754840000,-37.244273,149.902801,Agrotis infusa,Bogong Moth
1730758500000,-38.074137,144.358638,Agrotis infusa,Bogong Moth
1730759460000,-37.244273,149.902801,Agrotis infusa,Bogong Moth
1730810096000,-35.272882,149.115447,Agrotis infusa,Bogong Moth
1730811752000,-34.774112,117.70131,Agrotis infusa,Bogong Moth
1730838915000,-37.771076,144.941702,Agrotis infusa,Bogong Moth
1730926759000,-36.448988,148.425353,Agrotis infusa,Bogong Moth
1730929560000,-35.812114,150.222502,Agrotis infusa,Bogong Moth
1730932980000,-35.211433,149.058394,Agrotis infusa,Bogong Moth
1730933460000,-35.211292,149.058517,Agrotis infusa,Bogong Moth
1730944980000,-35.280153,149.121785,Agrotis infusa,Bogong Moth
1730973000000,-42.96221,147.517032,Agrotis infusa,Bogong Moth
1731004570000,-35.229208,149.164481,Agrotis infusa,Bogong Moth
1731024540000,-37.663987,148.366372,Agrotis infusa,Bogong Moth
1731093840000,-34.883975,118.404617,Agrotis infusa,Bogong Moth
1731144083000,-37.034001,141.296376,Agrotis infusa,Bogong Moth
1731144083000,-37.034001,141.296376,Agrotis infusa,Bogong Moth
1731152986000,-37.768375,145.0419,Agrotis infusa,Bogong Moth
1731243600000,-33.838425,151.215065,Agrotis infusa,Bogong Moth
1731272763000,-38.161939,144.580475,Agrotis infusa,Bogong Moth
1731272763000,-38.161939,144.580475,Agrotis infusa,Bogong Moth
1731327321000,-34.282513,150.573545,Agrotis infusa,Bogong Moth
1731362880000,-37.87,145.38,Agrotis infusa,Bogong Moth
1731362880000,-37.87,145.38,Agrotis infusa,Bogong Moth
1731364200000,-37.713109,144.89691,Agrotis infusa,Bogong Moth
1731415128000,-36.362892,146.688812,Agrotis infusa,Bogong Moth
1731419366000,-31.97257,115.826613,Agrotis infusa,Bogong Moth
1731543969000,-35.428052,149.132128,Agrotis infusa,Bogong Moth
1731576642000,-34.77409,117.70132,Agrotis infusa,Bogong Moth
1731583569000,-35.428052,149.132128,Agrotis infusa,Bogong Moth
1731588258000,-33.983417,151.058993,Agrotis infusa,Bogong Moth
1731600200000,-34.971569,117.351914,Agrotis infusa,Bogong Moth
1731600200000,-34.971569,117.351914,Agrotis infusa,Bogong Moth
1731663755000,-37.391445,144.595445,Agrotis infusa,Bogong Moth
1731663755000,-37.391445,144.595445,Agrotis infusa,Bogong Moth
1731681198000,-37.100892,147.590622,Agrotis infusa,Bogong Moth
1731700800000,-38.090232,141.750967,Agrotis infusa,Bogong Moth
1731707090000,-38.385961,142.225654,Agrotis infusa,Bogong Moth
1731750013000,-33.899288,148.162981,Agrotis infusa,Bogong Moth
1731759582000,-37.90885,145.349901,Agrotis infusa,Bogong Moth
1731759582000,-37.90885,145.349901,Agrotis infusa,Bogong Moth
1731774271000,-36.048452,146.911043,Agrotis infusa,Bogong Moth
1731789480000,-37.01837,144.306192,Agrotis infusa,Bogong Moth
1731790800000,-38.386991,142.224011,Agrotis infusa,Bogong Moth
1731793980000,-36.08745,146.924341,Agrotis infusa,Bogong Moth
1731797520000,-37.016372,144.308985,Agrotis infusa,Bogong Moth
1731843881000,-37.732097,144.965707,Agrotis infusa,Bogong Moth
1731876960000,-37.947306,145.131752,Agrotis infusa,Bogong Moth
1731962067000,-37.773762,144.997328,Agrotis infusa,Bogong Moth
1731964080000,-38.090268,141.750824,Agrotis infusa,Bogong Moth
1731964080000,-38.090268,141.750824,Agrotis infusa,Bogong Moth
1731966898000,-37.926321,145.242156,Agrotis infusa,Bogong Moth
1731967920000,-38.69114,143.76916,Agrotis infusa,Bogong Moth
1731997528000,-38.133664,144.34482,Agrotis infusa,Bogong Moth
1732053480000,-35.811375,148.032843,Agrotis infusa,Bogong Moth
1732090499000,-37.967208,145.054785,Agrotis infusa,Bogong Moth
1732091878000,-35.293589,148.924506,Agrotis infusa,Bogong Moth
1732091878000,-35.293589,148.924506,Agrotis infusa,Bogong Moth
1732136157000,-37.253037,144.456588,Agrotis infusa,Bogong Moth
1732136400000,-27.325552,153.082597,Agrotis infusa,Bogong Moth
1732140240000,-37.278778,145.365026,Agrotis infusa,Bogong Moth
1732143540000,-37.785988,144.924964,Agrotis infusa,Bogong Moth
1732143960000,-37.279029,145.365255,Agrotis infusa,Bogong Moth
1732161300000,-37.402272,144.96492,Agrotis infusa,Bogong Moth
1732173675000,-34.469003,139.008972,Agrotis infusa,Bogong Moth
1732228560000,-36.413497,145.405822,Agrotis infusa,Bogong Moth
1732311840000,-37.712573,144.896705,Agrotis infusa,Bogong Moth
1732320096000,-37.833882,145.291672,Agrotis infusa,Bogong Moth
1732392900000,-38.82587,146.117465,Agrotis infusa,Bogong Moth
1732399560000,-35.897237,148.456215,Agrotis infusa,Bogong Moth
1732492800000,-40.150002,145.116669,Agrotis infusa,Bogong Moth
1732567380000,-36.35286,148.565163,Agrotis infusa,Bogong Moth
1732636248000,-37.797404,144.959279,Agrotis infusa,Bogong Moth
1732724880000,-37.14753,146.453827,Agrotis infusa,Bogong Moth
1732724880000,-37.14753,146.453827,Agrotis infusa,Bogong Moth
1732775592000,-34.926164,138.600882,Agrotis infusa,Bogong Moth
1732802059000,-38.109705,144.666274,Agrotis infusa,Bogong Moth
1732831380000,-36.805022,145.792811,Agrotis infusa,Bogong Moth
1732831380000,-36.805022,145.792811,Agrotis infusa,Bogong Moth
1732891200000,-31.744755,115.819702,Agrotis infusa,Bogong Moth
1733009183000,-38.142149,145.15817,Agrotis infusa,Bogong Moth
1733072505000,-36.8648,147.278586,Agrotis infusa,Bogong Moth
1733176920000,-37.848362,145.194199,Agrotis infusa,Bogong Moth
1733213460000,-42.962336,147.517121,Agrotis infusa,Bogong Moth
1733348796000,-36.875125,147.243012,Agrotis infusa,Bogong Moth
1733348796000,-36.875125,147.243012,Agrotis infusa,Bogong Moth
1733404680000,-37.49003,145.88207,Agrotis infusa,Bogong Moth
1733434200000,-38.182597,145.119396,Agrotis infusa,Bogong Moth
1733440553000,-38.353772,145.200122,Agrotis infusa,Bogong Moth
1733471991000,-35.038609,138.885376,Agrotis infusa,Bogong Moth
1733483400000,-38.106878,145.137978,Agrotis infusa,Bogong Moth
1733483400000,-38.106878,145.137978,Agrotis infusa,Bogong Moth
1733512101000,-33.893738,151.142625,Agrotis infusa,Bogong Moth
1733529600000,-35.537595,138.571969,Agrotis infusa,Bogong Moth
1733529600000,-35.537595,138.571969,Agrotis infusa,Bogong Moth
1733605969000,-37.8879,144.993692,Agrotis infusa,Bogong Moth
1733605969000,-37.8879,144.993692,Agrotis infusa,Bogong Moth
1733608274000,-37.771095,144.941758,Agrotis infusa,Bogong Moth
1733763697000,-37.656456,145.134126,Agrotis infusa,Bogong Moth
1733763697000,-37.656456,145.134126,Agrotis infusa,Bogong Moth
1733780984000,-37.830972,144.977748,Agrotis infusa,Bogong Moth
1733784180000,-37.87,145.38,Agrotis infusa,Bogong Moth
1733867880000,-36.413974,146.022937,Agrotis infusa,Bogong Moth
1734034185000,-34.905863,150.655122,Agrotis infusa,Bogong Moth
1734038160000,-37.279033,145.36556,Agrotis infusa,Bogong Moth
1734043020000,-37.87,145.38,Agrotis infusa,Bogong Moth
1734043020000,-37.87,145.38,Agrotis infusa,Bogong Moth
1734043380000,-37.87,145.38,Agrotis infusa,Bogong Moth
1734117120000,-35.070929,138.857776,Agrotis infusa,Bogong Moth
1734161092000,-35.401886,149.199189,Agrotis infusa,Bogong Moth
1734213483000,-35.72443,147.314605,Agrotis infusa,Bogong Moth
1734214781000,-37.7711,144.941758,Agrotis infusa,Bogong Moth
1734214781000,-37.7711,144.941758,Agrotis infusa,Bogong Moth
1734234180000,-38.354376,146.387945,Agrotis infusa,Bogong Moth
1734291478000,-37.771096,144.941755,Agrotis infusa,Bogong Moth
1734297382000,-35.009586,138.769969,Agrotis infusa,Bogong Moth
1734301020000,-37.87,145.38,Agrotis infusa,Bogong Moth
1734301080000,-37.689315,143.997026,Agrotis infusa,Bogong Moth
1734301080000,-37.689315,143.997026,Agrotis infusa,Bogong Moth
1734304020000,-37.87,145.38,Agrotis infusa,Bogong Moth
1734645480000,-37.848362,145.194199,Agrotis infusa,Bogong Moth
1734645480000,-37.848362,145.194199,Agrotis infusa,Bogong Moth
1734648104000,-37.771102,144.941897,Agrotis infusa,Bogong Moth
1734731700000,-37.848362,145.194199,Agrotis infusa,Bogong Moth
1734732840000,-36.979445,147.49559,Agrotis infusa,Bogong Moth
1734738600000,-31.968197,116.063182,Agrotis infusa,Bogong Moth
1734817020000,-37.87,145.38,Agrotis infusa,Bogong Moth
1734874020000,-36.974566,147.137235,Agrotis infusa,Bogong Moth
1734912000000,-34.591256,139.497462,Agrotis infusa,Bogong Moth
1734988074000,-34.815503,138.608521,Agrotis infusa,Bogong Moth
1735135860000,-37.99428,144.532958,Agrotis infusa,Bogong Moth
1735164900000,-38.212104,144.322976,Agrotis infusa,Bogong Moth
1735164900000,-38.212104,144.322976,Agrotis infusa,Bogong Moth
1735170420000,-35.0,138.6,Agrotis infusa,Bogong Moth
1735176600000,-38.354376,146.387945,Agrotis infusa,Bogong Moth
1735206540000,-35.173825,137.863481,Agrotis infusa,Bogong Moth
1735213282000,-34.609988,138.689255,Agrotis infusa,Bogong Moth
1735213282000,-34.609988,138.689255,Agrotis infusa,Bogong Moth
1735313652000,-35.229035,149.163477,Agrotis infusa,Bogong Moth
1735426397000,-37.152772,146.241348,Agrotis infusa,Bogong Moth
1735426397000,-37.152772,146.241348,Agrotis infusa,Bogong Moth
1735511760000,-37.87,145.38,Agrotis infusa,Bogong Moth
1735511760000,-37.87,145.38,Agrotis infusa,Bogong Moth
1735523856000,-34.846023,138.763985,Agrotis infusa,Bogong Moth
1735591500000,-36.928438,148.168214,Agrotis infusa,Bogong Moth
1735591500000,-36.928438,148.168214,Agrotis infusa,Bogong Moth
1735592822000,-37.893642,147.681975,Agrotis infusa,Bogong Moth
1735599060000,-37.87,145.38,Agrotis infusa,Bogong Moth
1735599960000,-37.87,145.38,Agrotis infusa,Bogong Moth
1735599960000,-37.87,145.38,Agrotis infusa,Bogong Moth
1735609320000,-38.354376,146.387945,Agrotis infusa,Bogong Moth
1735770780000,-37.87,145.38,Agrotis infusa,Bogong Moth
1735838816000,-36.900157,148.004654,Agrotis infusa,Bogong Moth
1735838816000,-36.900157,148.004654,Agrotis infusa,Bogong Moth
1735948164000,-37.933173,145.377864,Agrotis infusa,Bogong Moth
1736024539000,-37.885628,144.995678,Agrotis infusa,Bogong Moth
1736027160000,-37.886681,144.993003,Agrotis infusa,Bogong Moth
1736027160000,-37.886681,144.993003,Agrotis infusa,Bogong Moth
1736029860000,-38.089962,141.750951,Agrotis infusa,Bogong Moth
1736030220000,-37.87,145.38,Agrotis infusa,Bogong Moth
1736031180000,-37.887181,144.992236,Agrotis infusa,Bogong Moth
1736043540000,-38.354376,146.387945,Agrotis infusa,Bogong Moth
1736053140000,-38.354376,146.387945,Agrotis infusa,Bogong Moth
1736072509000,-37.870325,144.810918,Agrotis infusa,Bogong Moth
1736072509000,-37.870325,144.810918,Agrotis infusa,Bogong Moth
1736110260000,-37.06158,148.312078,Agrotis infusa,Bogong Moth
1736117419000,-37.771106,144.941899,Agrotis infusa,Bogong Moth
1736118780000,-37.87,145.38,Agrotis infusa,Bogong Moth
1736154360000,-37.148679,146.454483,Agrotis infusa,Bogong Moth
1736272503000,-33.965771,151.263923,Agrotis infusa,Bogong Moth
1736373608000,-34.619795,150.25737,Agrotis infusa,Bogong Moth
1736376324000,-37.629299,144.070703,Agrotis infusa,Bogong Moth
1736405733000,-37.731485,144.963292,Agrotis infusa,Bogong Moth
1736458800000,-37.242809,148.837059,Agrotis infusa,Bogong Moth
1736461260000,-37.87,145.38,Agrotis infusa,Bogong Moth
1736475660000,-38.354376,146.387945,Agrotis infusa,Bogong Moth
1736526540000,-33.631553,115.141747,Agrotis infusa,Bogong Moth
1736546118000,-38.117493,144.635664,Agrotis infusa,Bogong Moth
1736546220000,-37.279237,145.365601,Agrotis infusa,Bogong Moth
1736549400000,-37.87,145.38,Agrotis infusa,Bogong Moth
1736668286000,-38.384605,144.812439,Agrotis infusa,Bogong Moth
1736704260000,-38.176316,144.306747,Agrotis infusa,Bogong Moth
1736717529000,-38.383172,144.810521,Agrotis infusa,Bogong Moth
1736717529000,-38.383172,144.810521,Agrotis infusa,Bogong Moth
1736804851000,-35.574039,138.188919,Agrotis infusa,Bogong Moth
1736883923000,-37.05319,146.08319,Agrotis infusa,Bogong Moth
1736891834000,-37.771109,144.941893,Agrotis infusa,Bogong Moth
1736893680000,-37.87,145.38,Agrotis infusa,Bogong Moth
1736928680000,-38.281389,144.609707,Agrotis infusa,Bogong Moth
1737151260000,-37.799894,145.093109,Agrotis infusa,Bogong Moth
1737154440000,-37.861129,145.152139,Agrotis infusa,Bogong Moth
1737237013000,-36.868968,145.997448,Agrotis infusa,Bogong Moth
1737237779000,-37.109532,144.076727,Agrotis infusa,Bogong Moth
1737239880000,-36.804977,145.792883,Agrotis infusa,Bogong Moth
1737239880000,-37.848362,145.194199,Agrotis infusa,Bogong Moth
1737240188000,-37.771101,144.941896,Agrotis infusa,Bogong Moth
1737269887000,-34.097231,142.019309,Agrotis infusa,Bogong Moth
1737269887000,-34.097231,142.019309,Agrotis infusa,Bogong Moth
1737274220000,-37.007954,142.619339,Agrotis infusa,Bogong Moth
1737287737000,-38.173297,144.560605,Agrotis infusa,Bogong Moth
1737325191000,-34.944864,138.791532,Agrotis infusa,Bogong Moth
1737325380000,-37.527677,145.521437,Agrotis infusa,Bogong Moth
1737325680000,-37.527637,145.521465,Agrotis infusa,Bogong Moth
1737326340000,-37.527554,145.520884,Agrotis infusa,Bogong Moth
1737326340000,-37.527554,145.520884,Agrotis infusa,Bogong Moth
1737374100000,-38.386328,142.517097,Agrotis infusa,Bogong Moth
1737410520000,-37.87,145.38,Agrotis infusa,Bogong Moth
1737410580000,-37.87,145.38,Agrotis infusa,Bogong Moth
1737418533000,-36.098392,144.283858,Agrotis infusa,Bogong Moth
1737425516000,-36.098389,144.283867,Agrotis infusa,Bogong Moth
1737429600000,-38.354376,146.387945,Agrotis infusa,Bogong Moth
1737519660000,-30.412801,151.819722,Agrotis infusa,Bogong Moth
1737536409000,-37.666352,144.849127,Agrotis infusa,Bogong Moth
1737708655000,-37.84323,144.939925,Agrotis infusa,Bogong Moth
1737711635000,-37.562921,144.691468,Agrotis infusa,Bogong Moth
1737753613000,-37.779104,145.028371,Agrotis infusa,Bogong Moth
1737753613000,-37.779104,145.028371,Agrotis infusa,Bogong Moth
1737753840000,-38.165763,146.485218,Agrotis infusa,Bogong Moth
1737753840000,-38.165763,146.485218,Agrotis infusa,Bogong Moth
1737754860000,-38.413942,144.167975,Agrotis infusa,Bogong Moth
1737754860000,-38.413942,144.167975,Agrotis infusa,Bogong Moth
1737757440000,-37.633604,144.088612,Agrotis infusa,Bogong Moth
1737759420000,-37.87,145.38,Agrotis infusa,Bogong Moth
1737761880000,-38.354376,146.387945,Agrotis infusa,Bogong Moth
1737796620000,-42.962296,147.517121,Agrotis infusa,Bogong Moth
1737796680000,-42.962296,147.517126,Agrotis infusa,Bogong Moth
1737803760000,-35.362369,149.04585,Agrotis infusa,Bogong Moth
1737810000000,-35.362326,149.045802,Agrotis infusa,Bogong Moth
1737836760000,-38.354436,146.38788,Agrotis infusa,Bogong Moth
1737837000000,-38.354436,146.38788,Agrotis infusa,Bogong Moth
1737839160000,-38.3542,146.388267,Agrotis infusa,Bogong Moth
1737840300000,-38.354376,146.387945,Agrotis infusa,Bogong Moth
1737841620000,-38.3542,146.388267,Agrotis infusa,Bogong Moth
1737841620000,-38.3542,146.388267,Agrotis infusa,Bogong Moth
1737841899000,-35.812206,148.073578,Agrotis infusa,Bogong Moth
1737845880000,-37.689318,143.997027,Agrotis infusa,Bogong Moth
1737862680000,-38.354259,146.387956,Agrotis infusa,Bogong Moth
1737863400000,-38.3542,146.388267,Agrotis infusa,Bogong Moth
1737891900000,-38.106961,145.138003,Agrotis infusa,Bogong Moth
1737926340000,-38.354382,146.387948,Agrotis infusa,Bogong Moth
1737930135000,-37.771107,144.941893,Agrotis infusa,Bogong Moth
1737930900000,-37.87,145.38,Agrotis infusa,Bogong Moth
1737930900000,-37.87,145.38,Agrotis infusa,Bogong Moth
1737971880000,-37.660951,145.530272,Agrotis infusa,Bogong Moth
1738018889000,-35.790169,146.473205,Agrotis infusa,Bogong Moth
1738084663000,-35.358892,150.479003,Agrotis infusa,Bogong Moth
1738088667000,-38.474532,144.05082,Agrotis infusa,Bogong Moth
1738099012000,-31.899648,115.900416,Agrotis infusa,Bogong Moth
1738099012000,-31.899648,115.900416,Agrotis infusa,Bogong Moth
1738187280000,-31.926844,115.816518,Agrotis infusa,Bogong Moth
1738380780000,-38.354376,146.387945,Agrotis infusa,Bogong Moth
1738446900000,-31.678818,116.64167,Agrotis infusa,Bogong Moth
1738446900000,-31.678818,116.64167,Agrotis infusa,Bogong Moth
1738449660000,-38.38609,146.26676,Agrotis infusa,Bogong Moth
1738454160000,-37.87,145.38,Agrotis infusa,Bogong Moth
1738454160000,-37.87,145.38,Agrotis infusa,Bogong Moth
1738467840000,-38.354376,146.387945,Agrotis infusa,Bogong Moth
1738532444000,-35.279494,138.578189,Agrotis infusa,Bogong Moth
1738536960000,-36.846302,146.676367,Agrotis infusa,Bogong Moth
1738538040000,-38.38609,146.26676,Agrotis infusa,Bogong Moth
1738562520000,-36.63797,145.080014,Agrotis infusa,Bogong Moth
1738618999000,-37.771109,144.9419,Agrotis infusa,Bogong Moth
1738619121000,-37.771109,144.941892,Agrotis infusa,Bogong Moth
1738620552000,-37.771112,144.941891,Agrotis infusa,Bogong Moth
1738621920000,-36.935022,146.926895,Agrotis infusa,Bogong Moth
1738621920000,-36.935022,146.926895,Agrotis infusa,Bogong Moth
1738623300000,-36.935125,146.926822,Agrotis infusa,Bogong Moth
1738624080000,-36.932983,146.927076,Agrotis infusa,Bogong Moth
1738658140000,-41.411401,146.233239,Agrotis infusa,Bogong Moth
1738706280000,-36.943344,147.473826,Agrotis infusa,Bogong Moth
1738798906000,-37.78614,144.925003,Agrotis infusa,Bogong Moth
1738874445000,-33.705955,149.841203,Agrotis infusa,Bogong Moth
1738930936000,-37.8222,144.560408,Agrotis infusa,Bogong Moth
1739013240000,-35.362349,149.045805,Agrotis infusa,Bogong Moth
1739055018000,-36.771809,146.978701,Agrotis infusa,Bogong Moth
1739184287000,-37.678967,144.800036,Agrotis infusa,Bogong Moth
1739272968000,-33.209513,141.316777,Agrotis infusa,Bogong Moth
1739308536000,-36.936121,146.095319,Agrotis infusa,Bogong Moth
1739308536000,-36.936121,146.095319,Agrotis infusa,Bogong Moth
1739311539000,-37.771102,144.941916,Agrotis infusa,Bogong Moth
1739349720000,-34.262153,142.060257,Agrotis infusa,Bogong Moth
1739395831000,-37.771101,144.941926,Agrotis infusa,Bogong Moth
1739395831000,-37.771101,144.941926,Agrotis infusa,Bogong Moth
1739403780000,-37.87,145.38,Agrotis infusa,Bogong Moth
1739403780000,-37.87,145.38,Agrotis infusa,Bogong Moth
1739407753000,-37.909966,145.01517,Agrotis infusa,Bogong Moth
1740177124000,-36.3105,145.051317,Agrotis infusa,Bogong Moth
1740220860000,-35.362343,149.045835,Agrotis infusa,Bogong Moth
1740264240000,-38.429073,146.566574,Agrotis infusa,Bogong Moth
1740265080000,-38.429002,146.566711,Agrotis infusa,Bogong Moth
1740651300000,-35.254995,149.149498,Agrotis infusa,Bogong Moth
1740698394000,-34.872846,138.64666,Agrotis infusa,Bogong Moth
1740744000000,-36.654464,149.843534,Agrotis infusa,Bogong Moth
1740777840000,-37.848362,145.194199,Agrotis infusa,Bogong Moth
1740857611000,-36.455625,148.263503,Agrotis infusa,Bogong Moth
1740861568000,-36.455017,148.26262,Agrotis infusa,Bogong Moth
1740992856000,-38.209678,145.448303,Agrotis infusa,Bogong Moth
1740992856000,-38.209678,145.448303,Agrotis infusa,Bogong Moth
1741215900000,-37.87,145.38,Agrotis infusa,Bogong Moth
1741248479000,-35.299099,149.024521,Agrotis infusa,Bogong Moth
1741296420000,-37.848362,145.194199,Agrotis infusa,Bogong Moth
1741303401000,-37.69181,145.375567,Agrotis infusa,Bogong Moth
1741532331000,-35.398683,138.442055,Agrotis infusa,Bogong Moth
1741678081000,-36.027114,146.984122,Agrotis infusa,Bogong Moth
1742549243000,-36.5,148.28,Agrotis infusa,Bogong Moth
1742850180000,-38.182597,145.119396,Agrotis infusa,Bogong Moth
1742918615000,-33.917667,151.232736,Agrotis infusa,Bogong Moth
1742982300000,-35.254995,149.149498,Agrotis infusa,Bogong Moth
1742984820000,-35.362356,149.04582,Agrotis infusa,Bogong Moth
1743975180000,-36.221247,146.178541,Agrotis infusa,Bogong Moth
1743975420000,-36.221258,146.178475,Agrotis infusa,Bogong Moth
1746434541000,-37.766547,144.905894,Agrotis infusa,Bogong Moth
1746878246000,-38.259987,145.162217,Agrotis infusa,Bogong Moth
1755513154000,-34.774162,117.701459,Agrotis infusa,Bogong Moth
1755513154000,-34.774162,117.701459,Agrotis infusa,Bogong Moth
1755850140000,-34.579981,142.38398,Agrotis infusa,Bogong Moth
1756930440000,-29.088626,141.212273,Agrotis infusa,Bogong Moth
1757714580000,-35.234518,149.721517,Agrotis infusa,Bogong Moth
1757838556000,-33.71262,150.55655,Agrotis infusa,Bogong Moth
1757847060000,-36.438566,148.379272,Agrotis infusa,Bogong Moth
1758340320000,-35.227907,149.094442,Agrotis infusa,Bogong Moth
1758351120000,-37.662618,144.506702,Agrotis infusa,Bogong Moth
1758398670000,-37.885659,144.994276,Agrotis infusa,Bogong Moth
1758571506000,-34.0881,151.154572,Agrotis infusa,Bogong Moth
1758837911000,-35.353695,149.238953,Agrotis infusa,Bogong Moth
1758837911000,-35.353695,149.238953,Agrotis infusa,Bogong Moth
1758871349000,-33.888899,151.1249,Agrotis infusa,Bogong Moth
1758981600000,-33.838318,151.215028,Agrotis infusa,Bogong Moth
1758981600000,-33.838318,151.215028,Agrotis infusa,Bogong Moth
1759066251000,-33.417797,151.354827,Agrotis infusa,Bogong Moth
1759072710000,-35.290849,149.144161,Agrotis infusa,Bogong Moth
1759147583000,-33.699638,150.952377,Agrotis infusa,Bogong Moth
1759147583000,-33.699638,150.952377,Agrotis infusa,Bogong Moth
1759173240000,-35.464594,148.922608,Agrotis infusa,Bogong Moth
1759173540000,-35.480888,148.938147,Agrotis infusa,Bogong Moth
1759173540000,-35.480888,148.938147,Agrotis infusa,Bogong Moth
1759173540000,-35.464594,148.922608,Agrotis infusa,Bogong Moth
1759173540000,-35.464594,148.922608,Agrotis infusa,Bogong Moth
1759176484000,-33.699603,150.536895,Agrotis infusa,Bogong Moth
1759186020000,-38.182597,145.119396,Agrotis infusa,Bogong Moth
1759190400000,-31.119151,150.898271,Agrotis infusa,Bogong Moth
1759190400000,-31.119151,150.898271,Agrotis infusa,Bogong Moth
1759190400000,-31.119151,150.898271,Agrotis infusa,Bogong Moth
1759190400000,-31.119156,150.898272,Agrotis infusa,Bogong Moth
1759230660000,-35.269002,149.117338,Agrotis infusa,Bogong Moth
1759231680000,-33.914226,151.391415,Agrotis infusa,Bogong Moth
1759272963000,-35.373821,149.115655,Agrotis infusa,Bogong Moth
1759324323000,-35.308364,149.122433,Agrotis infusa,Bogong Moth
1759408540000,-36.196491,149.508338,Agrotis infusa,Bogong Moth
1759408540000,-36.196491,149.508338,Agrotis infusa,Bogong Moth
1759435680000,-27.325552,153.082597,Agrotis infusa,Bogong Moth
1759440614000,-32.811692,151.761108,Agrotis infusa,Bogong Moth
1759440614000,-32.811692,151.761108,Agrotis infusa,Bogong Moth
1759479180000,-35.008932,117.86863,Agrotis infusa,Bogong Moth
1759525080000,-38.182597,145.119396,Agrotis infusa,Bogong Moth
1759577460000,-33.701723,151.292473,Agrotis infusa,Bogong Moth
1759592728000,-33.847788,151.062303,Agrotis infusa,Bogong Moth
1759607340000,-38.182597,145.119396,Agrotis infusa,Bogong Moth
1759617660000,-36.099194,144.284326,Agrotis infusa,Bogong Moth
1759697868000,-37.72333,145.139039,Agrotis infusa,Bogong Moth
1759733849000,-34.751737,149.707445,Agrotis infusa,Bogong Moth
1759733849000,-34.751737,149.707445,Agrotis infusa,Bogong Moth
1759754759000,-37.830871,144.974721,Agrotis infusa,Bogong Moth
1759767431000,-30.526053,151.647321,Agrotis infusa,Bogong Moth
1759818540000,-35.32861,149.091132,Agrotis infusa,Bogong Moth
1759822162000,-33.874458,151.208542,Agrotis infusa,Bogong Moth
1759855203000,-33.77323,151.082856,Agrotis infusa,Bogong Moth
1759871940000,-33.753678,151.019735,Agrotis infusa,Bogong Moth
1759871940000,-33.753678,151.019735,Agrotis infusa,Bogong Moth
1759923181000,-33.784866,150.412423,Agrotis infusa,Bogong Moth
1759923181000,-33.784866,150.412423,Agrotis infusa,Bogong Moth
1759955400000,-35.254995,149.149498,Agrotis infusa,Bogong Moth
1759962000000,-33.569135,150.625289,Agrotis infusa,Bogong Moth
1759962360000,-33.569135,150.625289,Agrotis infusa,Bogong Moth
1759962660000,-33.569135,150.625289,Agrotis infusa,Bogong Moth
1759987080000,-35.329965,149.470646,Agrotis infusa,Bogong Moth
1760035740000,-35.532328,150.397556,Agrotis infusa,Bogong Moth
1760035740000,-35.532328,150.397556,Agrotis infusa,Bogong Moth
1760036819000,-33.713026,151.052052,Agrotis infusa,Bogong Moth
1760086527000,-33.076308,151.094939,Agrotis infusa,Bogong Moth
1760086527000,-33.076308,151.094939,Agrotis infusa,Bogong Moth
1760130870000,-33.6404,150.687408,Agrotis infusa,Bogong Moth
1760130870000,-33.6404,150.687408,Agrotis infusa,Bogong Moth
1760195513000,-33.855953,151.162797,Agrotis infusa,Bogong Moth
1760200773000,-33.726172,150.29277,Agrotis infusa,Bogong Moth
1760215080000,-35.254995,149.149498,Agrotis infusa,Bogong Moth
1760227200000,-31.119114,150.898135,Agrotis infusa,Bogong Moth
1760227200000,-31.119114,150.898135,Agrotis infusa,Bogong Moth
1760262541000,-33.608478,151.169457,Agrotis infusa,Bogong Moth
1760264095000,-34.032653,151.078914,Agrotis infusa,Bogong Moth
1760282576000,-35.335063,149.072403,Agrotis infusa,Bogong Moth
1760299980000,-28.171583,153.077028,Agrotis infusa,Bogong Moth
1760313600000,-31.1191,150.898057,Agrotis infusa,Bogong Moth
1760317309000,-37.739697,145.009111,Agrotis infusa,Bogong Moth
1760385930000,-35.310781,149.146611,Agrotis infusa,Bogong Moth
1760406060000,-35.259272,149.070138,Agrotis infusa,Bogong Moth
1760440472000,-31.642205,116.672927,Agrotis infusa,Bogong Moth
1760458750000,-30.526192,151.647555,Agrotis infusa,Bogong Moth
1760458750000,-30.526192,151.647555,Agrotis infusa,Bogong Moth
1760484240000,-35.338502,149.074287,Agrotis infusa,Bogong Moth
1760484240000,-35.338502,149.074287,Agrotis infusa,Bogong Moth
1760515142000,-37.802756,144.821922,Agrotis infusa,Bogong Moth
1760523360000,-31.910376,116.035186,Agrotis infusa,Bogong Moth
1760551958000,-37.79047,145.134584,Agrotis infusa,Bogong Moth
1760560841000,-33.870275,121.876319,Agrotis infusa,Bogong Moth
1760564121000,-33.435036,149.575347,Agrotis infusa,Bogong Moth
1760564121000,-33.435036,149.575347,Agrotis infusa,Bogong Moth
1760567359000,-33.884212,151.232133,Agrotis infusa,Bogong Moth
1760572800000,-31.1191,150.898057,Agrotis infusa,Bogong Moth
1760577600000,-35.307742,149.126321,Agrotis infusa,Bogong Moth
1760607460000,-33.999067,151.044769,Agrotis infusa,Bogong Moth
1760616817000,-33.757419,150.753806,Agrotis infusa,Bogong Moth
1760637519000,-33.822212,151.185913,Agrotis infusa,Bogong Moth
1760646398000,-35.239883,149.048753,Agrotis infusa,Bogong Moth
1760650910000,-33.435239,149.575447,Agrotis infusa,Bogong Moth
1760654580000,-37.848362,145.194199,Agrotis infusa,Bogong Moth
1760654580000,-37.848362,145.194199,Agrotis infusa,Bogong Moth
1760672160000,-32.9043,151.6948,Agrotis infusa,Bogong Moth
1760688654000,-35.251553,149.135392,Agrotis infusa,Bogong Moth
1760690537000,-35.340639,149.143451,Agrotis infusa,Bogong Moth
1760690942000,-33.291213,149.09282,Agrotis infusa,Bogong Moth
1760690942000,-33.291213,149.09282,Agrotis infusa,Bogong Moth
1760732396000,-33.266097,149.100114,Agrotis infusa,Bogong Moth
1760732640000,-29.457031,141.934196,Agrotis infusa,Bogong Moth
1760733840000,-38.182597,145.119396,Agrotis infusa,Bogong Moth
1760739930000,-33.937482,151.130638,Agrotis infusa,Bogong Moth
1760742795000,-35.564304,149.112368,Agrotis infusa,Bogong Moth
1760742801000,-35.562366,149.184852,Agrotis infusa,Bogong Moth
1760766540000,-35.385375,149.034208,Agrotis infusa,Bogong Moth
1760766540000,-35.385375,149.034208,Agrotis infusa,Bogong Moth
1760772360000,-37.923347,145.336345,Agrotis infusa,Bogong Moth
1760815848000,-35.340228,149.06305,Agrotis infusa,Bogong Moth
1760815848000,-35.340228,149.06305,Agrotis infusa,Bogong Moth
1760817684000,-35.24103,149.099914,Agrotis infusa,Bogong Moth
1760818584000,-35.362258,149.045914,Agrotis infusa,Bogong Moth
1760819306000,-37.92331,145.336893,Agrotis infusa,Bogong Moth
1760819400000,-37.923696,145.336779,Agrotis infusa,Bogong Moth
1760821140000,-37.922592,145.336515,Agrotis infusa,Bogong Moth
1760821320000,-37.925298,145.336763,Agrotis infusa,Bogong Moth
1760822333000,-35.362225,149.045883,Agrotis infusa,Bogong Moth
1760828616000,-34.950173,138.788622,Agrotis infusa,Bogong Moth
1760859948000,-33.86856,151.203715,Agrotis infusa,Bogong Moth
1760876834000,-37.72051,145.047146,Agrotis infusa,Bogong Moth
1760879797000,-33.871582,151.221217,Agrotis infusa,Bogong Moth
1760879797000,-33.871582,151.221217,Agrotis infusa,Bogong Moth
1760880407000,-34.780124,150.538978,Agrotis infusa,Bogong Moth
1760892309000,-35.087251,138.89036,Agrotis infusa,Bogong Moth
1760893522000,-35.275444,149.119283,Agrotis infusa,Bogong Moth
1760894358000,-36.749917,144.267394,Agrotis infusa,Bogong Moth
1760900147000,-35.24261,149.166117,Agrotis infusa,Bogong Moth
1760905400000,-35.362238,149.045928,Agrotis infusa,Bogong Moth
1760905447000,-35.362263,149.045883,Agrotis infusa,Bogong Moth
1760906980000,-33.986757,151.154855,Agrotis infusa,Bogong Moth
1760906980000,-33.986757,151.154855,Agrotis infusa,Bogong Moth
1760956217000,-34.750728,149.718903,Agrotis infusa,Bogong Moth
1760957814000,-35.286503,149.143019,Agrotis infusa,Bogong Moth
1760960940000,-35.193103,149.147413,Agrotis infusa,Bogong Moth
1760960940000,-35.193103,149.147413,Agrotis infusa,Bogong Moth
1760962584000,-35.302183,149.134184,Agrotis infusa,Bogong Moth
1760990947000,-33.433415,149.383592,Agrotis infusa,Bogong Moth
1760992365000,-35.362238,149.045897,Agrotis infusa,Bogong Moth
1760995360000,-35.193356,149.148849,Agrotis infusa,Bogong Moth
1760995686000,-35.345229,149.128398,Agrotis infusa,Bogong Moth
1760995686000,-35.345229,149.128398,Agrotis infusa,Bogong Moth
1761039627000,-33.8377,151.206117,Agrotis infusa,Bogong Moth
1761053256000,-35.340278,149.063064,Agrotis infusa,Bogong Moth
1761078562000,-33.433737,149.383721,Agrotis infusa,Bogong Moth
1761115112000,-37.865995,145.341233,Agrotis infusa,Bogong Moth
1761115112000,-37.865995,145.341233,Agrotis infusa,Bogong Moth
1761118011000,-33.835953,150.994737,Agrotis infusa,Bogong Moth
1761118473000,-32.644275,115.801474,Agrotis infusa,Bogong Moth
1761121267000,-32.091811,115.860332,Agrotis infusa,Bogong Moth
1761138660000,-35.087045,150.692151,Agrotis infusa,Bogong Moth
1761166619000,-35.234359,149.063631,Agrotis infusa,Bogong Moth
1761166619000,-35.234359,149.063631,Agrotis infusa,Bogong Moth
1761234296000,-35.238058,149.083924,Agrotis infusa,Bogong Moth
1761235035000,-35.237173,149.083756,Agrotis infusa,Bogong Moth
1761248143000,-36.415072,148.620702,Agrotis infusa,Bogong Moth
1761253560000,-34.065955,150.693596,Agrotis infusa,Bogong Moth
1761285782000,-36.241039,149.131402,Agrotis infusa,Bogong Moth
1761306127000,-37.994597,142.687922,Agrotis infusa,Bogong Moth
1761309810000,-33.892425,151.121183,Agrotis infusa,Bogong Moth
1761311311000,-36.351318,146.315856,Agrotis infusa,Bogong Moth
1761343688000,-33.287489,149.08277,Agrotis infusa,Bogong Moth
1761343688000,-33.287489,149.08277,Agrotis infusa,Bogong Moth
1761345418000,-37.704954,145.683103,Agrotis infusa,Bogong Moth
1761347850000,-34.921825,138.693833,Agrotis infusa,Bogong Moth
1761350400000,-33.834265,151.180502,Agrotis infusa,Bogong Moth
1761386769000,-35.00175,117.330022,Agrotis infusa,Bogong Moth
1761392723000,-35.23667,149.083237,Agrotis infusa,Bogong Moth
1761392723000,-35.23667,149.083237,Agrotis infusa,Bogong Moth
1761423840000,-35.275626,136.939868,Agrotis infusa,Bogong Moth
1761424500000,-35.269037,149.117572,Agrotis infusa,Bogong Moth
1761429300000,-36.16874,146.880808,Agrotis infusa,Bogong Moth
1761512104000,-33.798937,151.28418,Agrotis infusa,Bogong Moth
1761513120000,-35.393568,149.065697,Agrotis infusa,Bogong Moth
1761513120000,-35.393568,149.065697,Agrotis infusa,Bogong Moth
1761517620000,-33.732554,151.008188,Agrotis infusa,Bogong Moth
1761521454000,-34.89259,138.734171,Agrotis infusa,Bogong Moth
1761528600000,-35.397047,149.10037,Agrotis infusa,Bogong Moth
1761555823000,-35.252357,149.12973,Agrotis infusa,Bogong Moth
1761562186000,-35.279408,149.125581,Agrotis infusa,Bogong Moth
1761582676000,-31.968226,116.062881,Agrotis infusa,Bogong Moth
1761583376000,-37.520868,145.322107,Agrotis infusa,Bogong Moth
1761599659000,-33.609521,151.071173,Agrotis infusa,Bogong Moth
1761653376000,-36.229749,149.124143,Agrotis infusa,Bogong Moth
1761665760000,-36.853109,149.924706,Agrotis infusa,Bogong Moth
1761672266000,-33.900558,151.259114,Agrotis infusa,Bogong Moth
1761681060000,-32.923339,151.758484,Agrotis infusa,Bogong Moth
1761681060000,-32.923339,151.758484,Agrotis infusa,Bogong Moth
1761696000000,-34.047686,149.532132,Agrotis infusa,Bogong Moth
1761732298000,-33.87371,151.208003,Agrotis infusa,Bogong Moth
1761741202000,-35.252556,149.130456,Agrotis infusa,Bogong Moth
1761750112000,-36.261268,144.866527,Agrotis infusa,Bogong Moth
1761755485000,-35.281258,149.156936,Agrotis infusa,Bogong Moth
1761755485000,-35.281258,149.156936,Agrotis infusa,Bogong Moth
1761770400000,-35.354746,149.060644,Agrotis infusa,Bogong Moth
1761914646000,-35.430746,149.122026,Agrotis infusa,Bogong Moth
1761938551000,-36.407215,148.635229,Agrotis infusa,Bogong Moth
1761968460000,-34.94855,138.66862,Agrotis infusa,Bogong Moth
1761984353000,-34.632253,150.331272,Agrotis infusa,Bogong Moth
1762035540000,-37.87,145.38,Agrotis infusa,Bogong Moth
1762076432000,-38.305765,145.17025,Agrotis infusa,Bogong Moth
1762100280000,-33.980128,151.093831,Agrotis infusa,Bogong Moth
1762114860000,-38.060433,145.126003,Agrotis infusa,Bogong Moth
1762116780000,-38.527314,145.34155,Agrotis infusa,Bogong Moth
1762117140000,-38.223434,144.65143,Agrotis infusa,Bogong Moth
1762201882000,-38.217439,145.04895,Agrotis infusa,Bogong Moth
1762240920000,-38.060433,145.126003,Agrotis infusa,Bogong Moth
1762240980000,-38.060433,145.126003,Agrotis infusa,Bogong Moth
1762240980000,-38.060433,145.126003,Agrotis infusa,Bogong Moth
1762277801000,-31.95397,115.855553,Agrotis infusa,Bogong Moth
1762287720000,-38.060433,145.126003,Agrotis infusa,Bogong Moth
1762338739000,-38.402213,144.193217,Agrotis infusa,Bogong Moth
1762371960000,-38.060433,145.126003,Agrotis infusa,Bogong Moth
1762381239000,-34.714062,141.179733,Agrotis infusa,Bogong Moth
1762381239000,-34.714062,141.179733,Agrotis infusa,Bogong Moth
1762460400000,-38.060433,145.126003,Agrotis infusa,Bogong Moth
1762464418000,-37.785944,145.032645,Agrotis infusa,Bogong Moth
1762464660000,-37.279117,145.365325,Agrotis infusa,Bogong Moth
1762467300000,-35.254995,149.149498,Agrotis infusa,Bogong Moth
1762467300000,-35.254995,149.149498,Agrotis infusa,Bogong Moth
1762469820000,-37.210158,144.617506,Agrotis infusa,Bogong Moth
1762501260000,-37.6803,148.398953,Agrotis infusa,Bogong Moth
1762513432000,-37.920612,147.730397,Agrotis infusa,Bogong Moth
1762547040000,-38.060433,145.126003,Agrotis infusa,Bogong Moth
1762595528000,-37.75955,145.701096,Agrotis infusa,Bogong Moth
1762595528000,-37.75955,145.701096,Agrotis infusa,Bogong Moth
1762597421000,-37.86467,145.265428,Agrotis infusa,Bogong Moth
1762597421000,-37.86467,145.265428,Agrotis infusa,Bogong Moth
1762619129000,-35.226577,149.053688,Agrotis infusa,Bogong Moth
1762636860000,-35.254995,149.149498,Agrotis infusa,Bogong Moth
1762639200000,-31.96815,116.063246,Agrotis infusa,Bogong Moth
1762699446000,-35.550397,138.621613,Agrotis infusa,Bogong Moth
1762721760000,-36.731803,149.848117,Agrotis infusa,Bogong Moth
1762721760000,-36.731803,149.848117,Agrotis infusa,Bogong Moth
1762866216000,-33.860833,151.216967,Agrotis infusa,Bogong Moth
1762872640000,-33.856197,121.869417,Agrotis infusa,Bogong Moth
1762887107000,-33.64899,134.891732,Agrotis infusa,Bogong Moth
1762930740000,-34.587029,142.392398,Agrotis infusa,Bogong Moth
1762965581000,-37.935062,145.011003,Agrotis infusa,Bogong Moth
1763027280000,-38.150552,144.37939,Agrotis infusa,Bogong Moth
1763030311000,-33.322375,149.085983,Agrotis infusa,Bogong Moth
1763047571000,-33.892397,151.121079,Agrotis infusa,Bogong Moth
1763062054000,-37.100261,141.30407,Agrotis infusa,Bogong Moth
1763107741000,-33.923447,120.188713,Agrotis infusa,Bogong Moth
1763127622000,-36.040903,146.960289,Agrotis infusa,Bogong Moth
1763153340000,-37.848362,145.194199,Agrotis infusa,Bogong Moth
1763153340000,-37.848362,145.194199,Agrotis infusa,Bogong Moth
1763154240000,-38.286999,145.08104,Agrotis infusa,Bogong Moth
1763158260000,-38.286999,145.08104,Agrotis infusa,Bogong Moth
1763158260000,-38.286999,145.08104,Agrotis infusa,Bogong Moth
1763217180000,-31.859142,115.826662,Agrotis infusa,Bogong Moth
1763237820000,-33.324699,151.359263,Agrotis infusa,Bogong Moth
1763239740000,-37.736738,145.137922,Agrotis infusa,Bogong Moth
1763241541000,-37.733812,145.138668,Agrotis infusa,Bogong Moth
1763241541000,-37.733812,145.138668,Agrotis infusa,Bogong Moth
1763241604000,-37.733806,145.138625,Agrotis infusa,Bogong Moth
1763242140000,-37.736738,145.137922,Agrotis infusa,Bogong Moth
1763244832000,-37.689459,143.996921,Agrotis infusa,Bogong Moth
1763246220000,-37.736727,145.138016,Agrotis infusa,Bogong Moth
1763287800000,-37.978847,145.015243,Agrotis infusa,Bogong Moth
1763300055000,-34.259156,137.756089,Agrotis infusa,Bogong Moth
1763329740000,-37.848362,145.194199,Agrotis infusa,Bogong Moth
1763406600000,-36.731677,149.848076,Agrotis infusa,Bogong Moth
1763464696000,-37.80073,144.821822,Agrotis infusa,Bogong Moth
1763467530000,-35.340333,149.063172,Agrotis infusa,Bogong Moth
1763502260000,-31.925348,115.81739,Agrotis infusa,Bogong Moth
1763546657000,-34.750874,149.713539,Agrotis infusa,Bogong Moth
1763546657000,-34.750874,149.713539,Agrotis infusa,Bogong Moth
1763657340000,-34.791462,149.623401,Agrotis infusa,Bogong Moth
1763658082000,-37.666053,144.440155,Agrotis infusa,Bogong Moth
1763658082000,-37.666053,144.440155,Agrotis infusa,Bogong Moth
1763674638000,-35.373667,149.115792,Agrotis infusa,Bogong Moth
1763675640000,-37.848362,145.194199,Agrotis infusa,Bogong Moth
1763675640000,-37.848362,145.194199,Agrotis infusa,Bogong Moth
1763705100000,-38.059058,145.119995,Agrotis infusa,Bogong Moth
1763721313000,-37.728424,144.944732,Agrotis infusa,Bogong Moth
1763721313000,-37.728424,144.944732,Agrotis infusa,Bogong Moth
1763762700000,-31.924928,115.817358,Agrotis infusa,Bogong Moth
1763762700000,-31.924928,115.817358,Agrotis infusa,Bogong Moth
1763762820000,-31.925489,115.818148,Agrotis infusa,Bogong Moth
1763762860000,-31.925356,115.817282,Agrotis infusa,Bogong Moth
1763805900000,-35.362339,149.045821,Agrotis infusa,Bogong Moth
1763808463000,-39.03009,146.319166,Agrotis infusa,Bogong Moth
1763822721000,-37.682407,148.421175,Agrotis infusa,Bogong Moth
1763823180000,-34.97967,116.892673,Agrotis infusa,Bogong Moth
1763829100000,-36.732345,147.305817,Agrotis infusa,Bogong Moth
1763838450000,-37.955283,144.427017,Agrotis infusa,Bogong Moth
1763838450000,-37.955283,144.427017,Agrotis infusa,Bogong Moth
1763845080000,-37.958895,144.427077,Agrotis infusa,Bogong Moth
1763845080000,-37.95891,144.42705,Agrotis infusa,Bogong Moth
1763845080000,-37.95891,144.42705,Agrotis infusa,Bogong Moth
1763845652000,-35.81137,148.032831,Agrotis infusa,Bogong Moth
1763932495000,-35.373649,149.115811,Agrotis infusa,Bogong Moth
1763932495000,-35.373649,149.115811,Agrotis infusa,Bogong Moth
1763933640000,-37.848362,145.194199,Agrotis infusa,Bogong Moth
1763972930000,-35.292355,149.118714,Agrotis infusa,Bogong Moth
1763985952000,-37.814338,144.75743,Agrotis infusa,Bogong Moth
1764022788000,-35.336749,149.070976,Agrotis infusa,Bogong Moth
1764024360000,-33.82415,151.020994,Agrotis infusa,Bogong Moth
1764024360000,-33.82415,151.020994,Agrotis infusa,Bogong Moth
1764024405000,-37.665587,145.07025,Agrotis infusa,Bogong Moth
1764024405000,-37.665587,145.07025,Agrotis infusa,Bogong Moth
1764053940000,-34.751667,142.278825,Agrotis infusa,Bogong Moth
1764053940000,-34.751667,142.278825,Agrotis infusa,Bogong Moth
1764055860000,-34.23345,142.013609,Agrotis infusa,Bogong Moth
1764101896000,-33.817389,151.28709,Agrotis infusa,Bogong Moth
1764105000000,-35.574111,138.601813,Agrotis infusa,Bogong Moth
1764105480000,-37.848362,145.194199,Agrotis infusa,Bogong Moth
1764106343000,-35.811389,148.032789,Agrotis infusa,Bogong Moth
1764106343000,-35.811389,148.032789,Agrotis infusa,Bogong Moth
1764107023000,-35.811347,148.032833,Agrotis infusa,Bogong Moth
1764141985000,-34.329913,142.153145,Agrotis infusa,Bogong Moth
1764141985000,-34.329913,142.153145,Agrotis infusa,Bogong Moth
1764147134000,-37.051858,146.087692,Agrotis infusa,Bogong Moth
1764171237000,-34.329615,142.152204,Agrotis infusa,Bogong Moth
1764192420000,-37.848362,145.194199,Agrotis infusa,Bogong Moth
1764196140000,-35.254995,149.149498,Agrotis infusa,Bogong Moth
1764267521000,-36.154964,146.888458,Agrotis infusa,Bogong Moth
1764282536000,-35.811347,148.032799,Agrotis infusa,Bogong Moth
1764282536000,-35.811347,148.032799,Agrotis infusa,Bogong Moth
1764287040000,-33.209626,141.316859,Agrotis infusa,Bogong Moth
1764377085000,-37.839257,147.952738,Agrotis infusa,Bogong Moth
1764437003000,-38.1296,145.843462,Agrotis infusa,Bogong Moth
1764445620000,-38.145849,145.177234,Agrotis infusa,Bogong Moth
1764452520000,-38.146575,145.177417,Agrotis infusa,Bogong Moth
1764452760000,-38.146328,145.178543,Agrotis infusa,Bogong Moth
1764525064000,-36.86332,147.277953,Agrotis infusa,Bogong Moth
1764525064000,-36.86332,147.277953,Agrotis infusa,Bogong Moth
1764581295000,-36.369638,146.313315,Agrotis infusa,Bogong Moth
1764581295000,-36.369638,146.313315,Agrotis infusa,Bogong Moth
1764619981000,-37.799375,145.25975,Agrotis infusa,Bogong Moth
1764679993000,-37.867343,145.306385,Agrotis infusa,Bogong Moth
1764713940000,-37.848362,145.194199,Agrotis infusa,Bogong Moth
1764761624000,-35.57648,148.779594,Agrotis infusa,Bogong Moth
1764796363000,-36.875144,147.243028,Agrotis infusa,Bogong Moth
1764796561000,-36.875467,147.243092,Agrotis infusa,Bogong Moth
1764798013000,-34.791551,149.623504,Agrotis infusa,Bogong Moth
1764799620000,-38.286999,145.08104,Agrotis infusa,Bogong Moth
1764799885000,-33.35408,141.080186,Agrotis infusa,Bogong Moth
1764800163000,-37.718962,144.925537,Agrotis infusa,Bogong Moth
1764800400000,-37.87,145.38,Agrotis infusa,Bogong Moth
1764856361000,-38.1753,144.343675,Agrotis infusa,Bogong Moth
1764884064000,-35.352478,138.620208,Agrotis infusa,Bogong Moth
1764938567000,-37.716664,145.007761,Agrotis infusa,Bogong Moth
1764970020000,-37.633582,144.088686,Agrotis infusa,Bogong Moth
1764970020000,-37.633582,144.088686,Agrotis infusa,Bogong Moth
1764970920000,-37.848362,145.194199,Agrotis infusa,Bogong Moth
1764970920000,-37.848362,145.194199,Agrotis infusa,Bogong Moth
1765116960000,-37.589201,143.4941,Agrotis infusa,Bogong Moth
1765145314000,-31.749269,116.013669,Agrotis infusa,Bogong Moth
1765146660000,-38.182597,145.119396,Agrotis infusa,Bogong Moth
1765231246000,-37.64054,145.340062,Agrotis infusa,Bogong Moth
1765297200000,-37.148827,146.454763,Agrotis infusa,Bogong Moth
1765541280000,-38.574489,146.197997,Agrotis infusa,Bogong Moth
1765570825000,-36.027017,146.984364,Agrotis infusa,Bogong Moth
1765581780000,-37.683978,145.076354,Agrotis infusa,Bogong Moth
1765615012000,-35.724193,147.313356,Agrotis infusa,Bogong Moth
1765618700000,-37.76618,144.976554,Agrotis infusa,Bogong Moth
1765618700000,-37.76618,144.976554,Agrotis infusa,Bogong Moth
1765662300000,-38.182597,145.119396,Agrotis infusa,Bogong Moth
1765876409000,-37.760447,144.97983,Agrotis infusa,Bogong Moth
1765971900000,-37.717363,144.980788,Agrotis infusa,Bogong Moth
1766005680000,-38.182597,145.119396,Agrotis infusa,Bogong Moth
1766011038000,-34.942081,138.729969,Agrotis infusa,Bogong Moth
1766018634000,-38.263529,144.4893,Agrotis infusa,Bogong Moth
1766062843000,-37.958013,145.176588,Agrotis infusa,Bogong Moth
1766093160000,-37.244273,149.902801,Agrotis infusa,Bogong Moth
1766095800000,-35.158505,149.057738,Agrotis infusa,Bogong Moth
1766098680000,-37.244273,149.902801,Agrotis infusa,Bogong Moth
1766098680000,-37.244273,149.902801,Agrotis infusa,Bogong Moth
1766099251000,-37.648213,145.070913,Agrotis infusa,Bogong Moth
1766099251000,-37.648213,145.070913,Agrotis infusa,Bogong Moth
1766174399000,-36.24,149.12,Agrotis infusa,Bogong Moth
1766180324000,-37.109578,144.076747,Agrotis infusa,Bogong Moth
1766223234000,-38.16365,145.185303,Agrotis infusa,Bogong Moth
1766223234000,-38.16365,145.185303,Agrotis infusa,Bogong Moth
1766224224000,-37.808519,144.970543,Agrotis infusa,Bogong Moth
1766230080000,-35.362339,149.045841,Agrotis infusa,Bogong Moth
1766240520000,-37.922592,145.336716,Agrotis infusa,Bogong Moth
1766240520000,-37.922592,145.336716,Agrotis infusa,Bogong Moth
1766244408000,-38.56562,145.495055,Agrotis infusa,Bogong Moth
1766244408000,-38.56562,145.495055,Agrotis infusa,Bogong Moth
1766417880000,-36.800585,149.937794,Agrotis infusa,Bogong Moth
1766487782000,-37.803558,144.971695,Agrotis infusa,Bogong Moth
1766568000000,-38.029792,145.357665,Agrotis infusa,Bogong Moth
1766580548000,-37.558606,143.795639,Agrotis infusa,Bogong Moth
1766613540000,-37.848362,145.194199,Agrotis infusa,Bogong Moth
1766663119000,-37.564594,143.907311,Agrotis infusa,Bogong Moth
1766778680000,-37.814255,144.964508,Agrotis infusa,Bogong Moth
1766782517000,-36.505356,148.306183,Agrotis infusa,Bogong Moth
1766800629000,-37.821367,145.0457,Agrotis infusa,Bogong Moth
1766916000000,-37.849897,145.289202,Agrotis infusa,Bogong Moth
1766933041000,-37.461067,143.894298,Agrotis infusa,Bogong Moth
1766965155000,-38.358314,145.200747,Agrotis infusa,Bogong Moth
1767009940000,-37.633572,144.886688,Agrotis infusa,Bogong Moth
1767045878000,-37.870637,144.823167,Agrotis infusa,Bogong Moth
1767047528000,-37.77108,144.94185,Agrotis infusa,Bogong Moth
1767047727000,-37.77108,144.94188,Agrotis infusa,Bogong Moth
1767093793000,-37.866182,145.43003,Agrotis infusa,Bogong Moth
1767100440000,-38.092,144.356,Agrotis infusa,Bogong Moth
1767131604000,-36.772067,146.978103,Agrotis infusa,Bogong Moth
1767131604000,-36.772067,146.978103,Agrotis infusa,Bogong Moth
1767132420000,-38.182597,145.119396,Agrotis infusa,Bogong Moth
1767132428000,-38.283661,142.574069,Agrotis infusa,Bogong Moth
1767133220000,-37.154554,146.246535,Agrotis infusa,Bogong Moth
1767167460000,-37.146202,146.450417,Agrotis infusa,Bogong Moth
1767167460000,-37.146202,146.450417,Agrotis infusa,Bogong Moth
1767370383000,-35.042142,138.528829,Agrotis infusa,Bogong Moth
1767391260000,-37.848362,145.194199,Agrotis infusa,Bogong Moth
1767479218000,-36.108251,142.421995,Agrotis infusa,Bogong Moth
1767491635000,-37.849245,145.199016,Agrotis infusa,Bogong Moth
1767525840000,-38.177275,144.469969,Agrotis infusa,Bogong Moth
1767553947000,-33.769441,151.06792,Agrotis infusa,Bogong Moth
1767561481000,-35.150969,138.488297,Agrotis infusa,Bogong Moth
1767649740000,-37.848362,145.194199,Agrotis infusa,Bogong Moth
1767735319000,-37.821367,145.0457,Agrotis infusa,Bogong Moth
1767735319000,-37.821367,145.0457,Agrotis infusa,Bogong Moth
1767791451000,-38.101936,145.288244,Agrotis infusa,Bogong Moth
1767793370000,-35.075242,138.88333,Agrotis infusa,Bogong Moth
1767818580000,-36.820211,147.330959,Agrotis infusa,Bogong Moth
1767819120000,-36.820211,147.330959,Agrotis infusa,Bogong Moth
1767821220000,-36.820211,147.330959,Agrotis infusa,Bogong Moth
1767827760000,-37.87,145.38,Agrotis infusa,Bogong Moth
1767861926000,-36.772077,146.978081,Agrotis infusa,Bogong Moth
1767913721000,-35.158478,138.478212,Agrotis infusa,Bogong Moth
1767952852000,-38.281825,144.491736,Agrotis infusa,Bogong Moth
1767995100000,-37.811682,145.368619,Agrotis infusa,Bogong Moth
1767998580000,-37.87,145.38,Agrotis infusa,Bogong Moth
1767998820000,-37.87,145.38,Agrotis infusa,Bogong Moth
1768007764000,-37.988464,144.681645,Agrotis infusa,Bogong Moth
1768007764000,-37.988464,144.681645,Agrotis infusa,Bogong Moth
1768121225000,-37.786152,144.924896,Agrotis infusa,Bogong Moth
1768292039000,-37.729133,144.991001,Agrotis infusa,Bogong Moth
1768427040000,-31.62687,116.03637,Agrotis infusa,Bogong Moth
1768431123000,-38.13955,144.325378,Agrotis infusa,Bogong Moth
1768490341000,-38.37875,144.772247,Agrotis infusa,Bogong Moth
1768515608000,-38.191992,146.513123,Agrotis infusa,Bogong Moth
1768515608000,-38.191992,146.513123,Agrotis infusa,Bogong Moth
1768548420000,-34.003955,115.027511,Agrotis infusa,Bogong Moth
1768685717000,-37.885708,144.994245,Agrotis infusa,Bogong Moth
1768688740000,-34.849416,138.603235,Agrotis infusa,Bogong Moth
1768688760000,-37.147163,146.090354,Agrotis infusa,Bogong Moth
1768768920000,-37.952682,145.356061,Agrotis infusa,Bogong Moth
1768776360000,-37.792924,144.82567,Agrotis infusa,Bogong Moth
1768828800000,-34.895271,138.71962,Agrotis infusa,Bogong Moth
1768855200000,-38.410839,144.158234,Agrotis infusa,Bogong Moth
1768859893000,-37.7711,144.941833,Agrotis infusa,Bogong Moth
1768860739000,-37.771088,144.941833,Agrotis infusa,Bogong Moth
1768860739000,-37.771088,144.941833,Agrotis infusa,Bogong Moth
1768864740000,-37.87,145.38,Agrotis infusa,Bogong Moth
1768864740000,-37.87,145.38,Agrotis infusa,Bogong Moth
1768946220000,-37.782502,144.941513,Agrotis infusa,Bogong Moth
1769033580000,-38.182597,145.119396,Agrotis infusa,Bogong Moth
1769049660000,-31.925794,115.817082,Agrotis infusa,Bogong Moth
1769049660000,-31.925794,115.817082,Agrotis infusa,Bogong Moth
1769157641000,-38.455288,145.240647,Agrotis infusa,Bogong Moth
1769157641000,-38.455288,145.240647,Agrotis infusa,Bogong Moth
1769199142000,-38.06104,145.487295,Agrotis infusa,Bogong Moth
1769202074000,-37.718862,144.925626,Agrotis infusa,Bogong Moth
1769203440000,-31.925812,115.817078,Agrotis infusa,Bogong Moth
1769206583000,-37.77108,144.941833,Agrotis infusa,Bogong Moth
1769207700000,-38.182597,145.119396,Agrotis infusa,Bogong Moth
1769238000000,-35.33426,149.030428,Agrotis infusa,Bogong Moth
1769288820000,-38.354376,146.387945,Agrotis infusa,Bogong Moth
1769289360000,-38.084117,144.355022,Agrotis infusa,Bogong Moth
1769289360000,-38.084117,144.355022,Agrotis infusa,Bogong Moth
1769290740000,-31.925665,115.817156,Agrotis infusa,Bogong Moth
1769295851000,-37.771092,144.94185,Agrotis infusa,Bogong Moth
1769295851000,-37.771092,144.94185,Agrotis infusa,Bogong Moth
1769296560000,-38.356606,146.389772,Agrotis infusa,Bogong Moth
1769299246000,-37.799465,144.825143,Agrotis infusa,Bogong Moth
1769299246000,-37.799465,144.825143,Agrotis infusa,Bogong Moth
1769301480000,-38.286999,145.08104,Agrotis infusa,Bogong Moth
1769371595000,-38.263706,144.489238,Agrotis infusa,Bogong Moth
1769371595000,-38.263706,144.489238,Agrotis infusa,Bogong Moth
1769378100000,-38.38609,146.26676,Agrotis infusa,Bogong Moth
1769380260000,-38.38609,146.26676,Agrotis infusa,Bogong Moth
1769380260000,-38.38609,146.26676,Agrotis infusa,Bogong Moth
1769428560000,-38.285405,145.093449,Agrotis infusa,Bogong Moth
1769469300000,-37.87,145.38,Agrotis infusa,Bogong Moth
1769469300000,-37.87,145.38,Agrotis infusa,Bogong Moth
1769534016000,-37.81122,145.008758,Agrotis infusa,Bogong Moth
1769534016000,-37.81122,145.008758,Agrotis infusa,Bogong Moth
1769536439000,-37.718872,144.925628,Agrotis infusa,Bogong Moth
1769550204000,-37.77111,144.941889,Agrotis infusa,Bogong Moth
1769551082000,-36.112226,142.467035,Agrotis infusa,Bogong Moth
1769551082000,-36.112226,142.467035,Agrotis infusa,Bogong Moth
1769551468000,-37.77113,144.94185,Agrotis infusa,Bogong Moth
1769556493000,-37.699055,145.034903,Agrotis infusa,Bogong Moth
1769559676000,-35.589016,150.255727,Agrotis infusa,Bogong Moth
1769588428000,-37.785928,144.950745,Agrotis infusa,Bogong Moth
1769623200000,-37.903426,145.063074,Agrotis infusa,Bogong Moth
1769695125000,-37.791534,144.959854,Agrotis infusa,Bogong Moth
1769706578000,-34.926047,138.596175,Agrotis infusa,Bogong Moth
1769706578000,-34.926047,138.596175,Agrotis infusa,Bogong Moth
1769762149000,-37.78588,144.856187,Agrotis infusa,Bogong Moth
1769815515000,-37.819442,145.026353,Agrotis infusa,Bogong Moth
1769895857000,-37.791753,144.956847,Agrotis infusa,Bogong Moth
1769896200000,-37.792237,144.957403,Agrotis infusa,Bogong Moth
1769896200000,-37.792237,144.957403,Agrotis infusa,Bogong Moth
1769943852000,-37.800422,144.963683,Agrotis infusa,Bogong Moth
1770116040000,-35.362344,149.045832,Agrotis infusa,Bogong Moth
1770116040000,-35.362344,149.045832,Agrotis infusa,Bogong Moth
1770129660000,-37.658038,144.094485,Agrotis infusa,Bogong Moth
1770201243000,-37.761977,144.944377,Agrotis infusa,Bogong Moth
1770240396000,-36.185853,140.661057,Agrotis infusa,Bogong Moth
1770240396000,-36.185853,140.661057,Agrotis infusa,Bogong Moth
1770250080000,-35.107295,149.017321,Agrotis infusa,Bogong Moth
1770463260000,-32.129204,115.628599,Agrotis infusa,Bogong Moth
1770503103000,-37.771095,144.94188,Agrotis infusa,Bogong Moth
1770758009000,-36.77207,146.978086,Agrotis infusa,Bogong Moth
1770760440000,-38.386019,146.266639,Agrotis infusa,Bogong Moth
1770846960000,-35.812114,150.222502,Agrotis infusa,Bogong Moth
1770977703000,-33.327394,115.633423,Agrotis infusa,Bogong Moth
1770977703000,-33.327394,115.633423,Agrotis infusa,Bogong Moth
1770978089000,-33.327292,115.633425,Agrotis infusa,Bogong Moth
1770978089000,-33.327292,115.633425,Agrotis infusa,Bogong Moth
1770979020000,-35.362343,149.045841,Agrotis infusa,Bogong Moth
1770987600000,-36.923308,149.635463,Agrotis infusa,Bogong Moth
1771020636000,-38.513438,145.303008,Agrotis infusa,Bogong Moth
1771020636000,-38.513438,145.303008,Agrotis infusa,Bogong Moth
1771024190000,-33.400608,141.207153,Agrotis infusa,Bogong Moth
1771024190000,-33.400608,141.207153,Agrotis infusa,Bogong Moth
1771269165000,-34.863608,138.484041,Agrotis infusa,Bogong Moth
1771300560000,-38.354376,146.387945,Agrotis infusa,Bogong Moth
1771507859000,-34.401663,150.899628,Agrotis infusa,Bogong Moth
1771510513000,-37.216496,144.621942,Agrotis infusa,Bogong Moth
1771536022000,-31.957189,151.425067,Agrotis infusa,Bogong Moth
1771536022000,-31.957189,151.425067,Agrotis infusa,Bogong Moth
1771614540000,-38.539153,143.978112,Agrotis infusa,Bogong Moth
1771706820000,-37.967128,145.160651,Agrotis infusa,Bogong Moth
1771708740000,-38.429418,146.5662,Agrotis infusa,Bogong Moth
1771708740000,-38.429418,146.5662,Agrotis infusa,Bogong Moth
1771708860000,-38.428981,146.566329,Agrotis infusa,Bogong Moth
1771708860000,-38.429366,146.566248,Agrotis infusa,Bogong Moth
1771708860000,-38.429366,146.566248,Agrotis infusa,Bogong Moth
1771710300000,-38.429296,146.565972,Agrotis infusa,Bogong Moth
1771712063000,-34.994969,138.721712,Agrotis infusa,Bogong Moth
1771712160000,-38.429028,146.566548,Agrotis infusa,Bogong Moth
1771712160000,-38.429028,146.566548,Agrotis infusa,Bogong Moth
1771718220000,-38.429436,146.566251,Agrotis infusa,Bogong Moth
1771747777000,-36.197903,149.128647,Agrotis infusa,Bogong Moth
1771747777000,-36.197903,149.128647,Agrotis infusa,Bogong Moth
1771831080000,-35.238142,149.083838,Agrotis infusa,Bogong Moth
1771831080000,-35.238142,149.083838,Agrotis infusa,Bogong Moth
1771917900000,-35.811207,148.032852,Agrotis infusa,Bogong Moth
1771917960000,-35.811207,148.032852,Agrotis infusa,Bogong Moth
1771918320000,-35.811207,148.032852,Agrotis infusa,Bogong Moth
1771918320000,-35.811207,148.032852,Agrotis infusa,Bogong Moth
1771918440000,-35.811207,148.032852,Agrotis infusa,Bogong Moth
1771918440000,-35.811207,148.032852,Agrotis infusa,Bogong Moth
1771919340000,-35.811207,148.032852,Agrotis infusa,Bogong Moth
1771919640000,-35.811207,148.032852,Agrotis infusa,Bogong Moth
1771920480000,-35.811207,148.032852,Agrotis infusa,Bogong Moth
1771966260000,-35.811207,148.032852,Agrotis infusa,Bogong Moth
1771966440000,-35.811207,148.032852,Agrotis infusa,Bogong Moth
1771966560000,-35.811207,148.032852,Agrotis infusa,Bogong Moth
1771969635000,-35.811256,148.032834,Agrotis infusa,Bogong Moth
1771969635000,-35.811256,148.032834,Agrotis infusa,Bogong Moth
1771969999000,-35.81127,148.032776,Agrotis infusa,Bogong Moth
1771970073000,-35.81128,148.032844,Agrotis infusa,Bogong Moth
1771970107000,-35.811275,148.032833,Agrotis infusa,Bogong Moth
1771970107000,-35.811275,148.032833,Agrotis infusa,Bogong Moth
1771971753000,-33.861549,151.209643,Agrotis infusa,Bogong Moth
1771973520000,-35.254995,149.149498,Agrotis infusa,Bogong Moth
1772009160000,-35.885748,147.121855,Agrotis infusa,Bogong Moth
1772012267000,-36.196122,147.898803,Agrotis infusa,Bogong Moth
1772056560000,-35.811207,148.032852,Agrotis infusa,Bogong Moth
1772057040000,-35.811207,148.032852,Agrotis infusa,Bogong Moth
1772057040000,-35.811207,148.032852,Agrotis infusa,Bogong Moth
1772057040000,-35.811207,148.032852,Agrotis infusa,Bogong Moth
1772057100000,-35.811207,148.032852,Agrotis infusa,Bogong Moth
1772057220000,-35.811207,148.032852,Agrotis infusa,Bogong Moth
1772057640000,-35.811207,148.032852,Agrotis infusa,Bogong Moth
1772057760000,-35.811207,148.032852,Agrotis infusa,Bogong Moth
1772057760000,-35.811207,148.032852,Agrotis infusa,Bogong Moth
1772058060000,-35.811207,148.032852,Agrotis infusa,Bogong Moth
1772093365000,-35.54018,148.067437,Agrotis infusa,Bogong Moth
1772093365000,-35.54018,148.067437,Agrotis infusa,Bogong Moth
1772141111000,-36.185891,140.661177,Agrotis infusa,Bogong Moth
1772141111000,-36.185891,140.661177,Agrotis infusa,Bogong Moth
1772141700000,-35.811207,148.032852,Agrotis infusa,Bogong Moth
1772150328000,-36.224747,149.127456,Agrotis infusa,Bogong Moth
1772176734000,-35.827611,148.036013,Agrotis infusa,Bogong Moth
1772177639000,-36.19788,149.128571,Agrotis infusa,Bogong Moth
1772178621000,-35.522102,148.144591,Agrotis infusa,Bogong Moth
1772178621000,-35.522102,148.144591,Agrotis infusa,Bogong Moth
1772178690000,-35.522102,148.144591,Agrotis infusa,Bogong Moth
1772178690000,-35.522102,148.144591,Agrotis infusa,Bogong Moth
1772197763000,-34.743007,139.085906,Agrotis infusa,Bogong Moth
1772206113000,-36.224758,149.127578,Agrotis infusa,Bogong Moth
1772223267000,-36.224812,149.127578,Agrotis infusa,Bogong Moth
1772223856000,-36.224772,149.127564,Agrotis infusa,Bogong Moth
1772268421000,-37.075338,147.598293,Agrotis infusa,Bogong Moth
1772270153000,-35.811267,148.032809,Agrotis infusa,Bogong Moth
1772270472000,-35.811272,148.0328,Agrotis infusa,Bogong Moth
1772312100000,-38.060433,145.126003,Agrotis infusa,Bogong Moth
1772313322000,-36.455538,148.262486,Agrotis infusa,Bogong Moth
1772313527000,-35.511487,138.7109,Agrotis infusa,Bogong Moth
1772314440000,-37.848362,145.194199,Agrotis infusa,Bogong Moth
1772349504000,-35.811257,148.032794,Agrotis infusa,Bogong Moth
1772350055000,-35.811254,148.032827,Agrotis infusa,Bogong Moth
1772350585000,-35.811256,148.032807,Agrotis infusa,Bogong Moth
1772353061000,-35.515804,148.142506,Agrotis infusa,Bogong Moth
1772362399000,-37.786128,144.950604,Agrotis infusa,Bogong Moth
1772364300000,-33.913715,151.221981,Agrotis infusa,Bogong Moth
1772364300000,-33.913715,151.221981,Agrotis infusa,Bogong Moth
1772400678000,-35.81124,148.032842,Agrotis infusa,Bogong Moth
1772400721000,-35.811225,148.032808,Agrotis infusa,Bogong Moth
1772401902000,-35.811264,148.032776,Agrotis infusa,Bogong Moth
1772409600000,-35.828427,148.035222,Agrotis infusa,Bogong Moth
1772551860000,-37.780497,144.970887,Agrotis infusa,Bogong Moth
1772574360000,-35.811207,148.032852,Agrotis infusa,Bogong Moth
1772574360000,-35.811207,148.032852,Agrotis infusa,Bogong Moth
1772602500000,-35.227946,149.094524,Agrotis infusa,Bogong Moth
1772611145000,-35.811256,148.032799,Agrotis infusa,Bogong Moth
1772611866000,-35.811267,148.032782,Agrotis infusa,Bogong Moth
1772611866000,-35.811267,148.032782,Agrotis infusa,Bogong Moth
1772612024000,-35.811265,148.032807,Agrotis infusa,Bogong Moth
1772612057000,-35.811273,148.032805,Agrotis infusa,Bogong Moth
1772612087000,-35.811272,148.032804,Agrotis infusa,Bogong Moth
1772619127000,-36.196163,147.898758,Agrotis infusa,Bogong Moth
1772664190000,-35.901965,149.090341,Agrotis infusa,Bogong Moth
1772664190000,-35.901965,149.090341,Agrotis infusa,Bogong Moth
1772693318000,-36.2248,149.127595,Agrotis infusa,Bogong Moth
1772696547000,-35.811289,148.03277,Agrotis infusa,Bogong Moth
1772697295000,-35.811245,148.032782,Agrotis infusa,Bogong Moth
1772708156000,-37.811598,144.973022,Agrotis infusa,Bogong Moth
1772708940000,-36.079178,142.402344,Agrotis infusa,Bogong Moth
1772708940000,-36.079178,142.402344,Agrotis infusa,Bogong Moth
1772746426000,-35.81127,148.032809,Agrotis infusa,Bogong Moth
1772748840000,-35.811207,148.032852,Agrotis infusa,Bogong Moth
1772752140000,-36.650426,148.66685,Agrotis infusa,Bogong Moth
1772783287000,-35.811306,148.032781,Agrotis infusa,Bogong Moth
1772783443000,-35.811303,148.032795,Agrotis infusa,Bogong Moth
1772786400000,-35.371505,147.238947,Agrotis infusa,Bogong Moth
1772786520000,-35.327977,147.219966,Agrotis infusa,Bogong Moth
1772827740000,-35.779494,149.156311,Agrotis infusa,Bogong Moth
1772827740000,-35.779494,149.156311,Agrotis infusa,Bogong Moth
1772832504000,-35.811338,148.032844,Agrotis infusa,Bogong Moth
1772832504000,-35.811338,148.032844,Agrotis infusa,Bogong Moth
1772835178000,-35.522102,148.144591,Agrotis infusa,Bogong Moth
1772839728000,-35.986726,149.122409,Agrotis infusa,Bogong Moth
1772870611000,-35.811307,148.032787,Agrotis infusa,Bogong Moth
1772871215000,-35.811296,148.032789,Agrotis infusa,Bogong Moth
1772873441000,-35.698069,147.610897,Agrotis infusa,Bogong Moth
1772966221000,-36.196142,147.89873,Agrotis infusa,Bogong Moth
1773017760000,-36.060648,141.34304,Agrotis infusa,Bogong Moth
1773045278000,-35.811249,148.032813,Agrotis infusa,Bogong Moth
1773049020000,-35.272491,147.302301,Agrotis infusa,Bogong Moth
1773091620000,-37.633572,144.088707,Agrotis infusa,Bogong Moth
1773091627000,-35.522102,148.144591,Agrotis infusa,Bogong Moth
1773091627000,-35.522102,148.144591,Agrotis infusa,Bogong Moth
1773092640000,-38.182597,145.119396,Agrotis infusa,Bogong Moth
1773178439000,-33.384838,141.123886,Agrotis infusa,Bogong Moth
1773178439000,-33.384838,141.123886,Agrotis infusa,Bogong Moth
1773470747000,-33.69197,150.545755,Agrotis infusa,Bogong Moth
1773470747000,-33.69197,150.545755,Agrotis infusa,Bogong Moth
1773615224000,-33.422297,141.075517,Agrotis infusa,Bogong Moth
1773615224000,-33.422297,141.075517,Agrotis infusa,Bogong Moth
1773873548000,-35.811245,148.032837,Agrotis infusa,Bogong Moth
1773874620000,-35.811207,148.032852,Agrotis infusa,Bogong Moth
1773910184000,-35.811238,148.03278,Agrotis infusa,Bogong Moth
1773912441000,-35.949761,148.177861,Agrotis infusa,Bogong Moth
1773952629000,-35.811272,148.032822,Agrotis infusa,Bogong Moth
1773992110000,-35.949772,148.177858,Agrotis infusa,Bogong Moth
1774002060000,-38.302152,144.378852,Agrotis infusa,Bogong Moth
1774002060000,-38.302152,144.378852,Agrotis infusa,Bogong Moth
1774250817000,-35.949461,148.177808,Agrotis infusa,Bogong Moth
1774338302000,-35.522102,148.144591,Agrotis infusa,Bogong Moth
1774735020000,-33.70633,150.30037,Agrotis infusa,Bogong Moth
1775332191000,-30.453217,117.869489,Agrotis infusa,Bogong Moth
1775382751000,-32.630579,115.864379,Agrotis infusa,Bogong Moth
1775419715000,-33.378988,141.042008,Agrotis infusa,Bogong Moth
1775419715000,-33.378988,141.042008,Agrotis infusa,Bogong Moth
1775555018000,-38.196695,145.4832,Agrotis infusa,Bogong Moth
1775796273000,-33.632017,151.268925,Agrotis infusa,Bogong Moth
1776095984000,-35.316599,148.227573,Agrotis infusa,Bogong Moth
1776240985000,-35.949708,148.177814,Agrotis infusa,Bogong Moth
1776240985000,-35.949708,148.177814,Agrotis infusa,Bogong Moth
1776458000000,-33.385005,141.123947,Agrotis infusa,Bogong Moth
1776700847000,-36.14748,144.769638,Agrotis infusa,Bogong Moth
1776700847000,-36.14748,144.769638,Agrotis infusa,Bogong Moth
1776859990000,-35.811275,148.032805,Agrotis infusa,Bogong Moth
1776970313000,-37.771095,144.941847,Agrotis infusa,Bogong Moth
1776975026000,-36.185896,140.661217,Agrotis infusa,Bogong Moth
1777062240000,-37.810436,145.089946,Agrotis infusa,Bogong Moth
1777064160000,-37.976136,145.031539,Agrotis infusa,Bogong Moth
1777064160000,-37.976136,145.031539,Agrotis infusa,Bogong Moth
1777110480000,-34.692015,138.826933,Agrotis infusa,Bogong Moth
1777147842000,-37.771103,144.94188,Agrotis infusa,Bogong Moth
1777148207000,-33.428692,141.236145,Agrotis infusa,Bogong Moth
1777152360000,-38.328602,141.476482,Agrotis infusa,Bogong Moth
1777152671000,-37.639296,145.34137,Agrotis infusa,Bogong Moth
1777159860000,-38.074137,144.358638,Agrotis infusa,Bogong Moth
1777208157000,-37.667842,145.159272,Agrotis infusa,Bogong Moth
1777222895000,-35.365248,149.337101,Agrotis infusa,Bogong Moth
1777232803000,-38.383621,144.810989,Agrotis infusa,Bogong Moth
1777232803000,-38.383621,144.810989,Agrotis infusa,Bogong Moth
1777242300000,-37.848362,145.194199,Agrotis infusa,Bogong Moth
1777295176000,-37.87002,144.982247,Agrotis infusa,Bogong Moth
1777298326000,-35.091667,138.654512,Agrotis infusa,Bogong Moth
1777298326000,-35.091667,138.654512,Agrotis infusa,Bogong Moth
1777324740000,-37.954565,145.047368,Agrotis infusa,Bogong Moth
1777452913000,-35.811284,148.03278,Agrotis infusa,Bogong Moth
1777453459000,-35.811258,148.032804,Agrotis infusa,Bogong Moth
1777453899000,-35.522102,148.144591,Agrotis infusa,Bogong Moth
1777454280000,-35.259839,147.27091,Agrotis infusa,Bogong Moth
1777463516000,-37.354592,144.672395,Agrotis infusa,Bogong Moth
1777463516000,-37.354592,144.672395,Agrotis infusa,Bogong Moth
1777481690000,-36.098783,145.447346,Agrotis infusa,Bogong Moth
1777533149000,-35.949575,148.177914,Agrotis infusa,Bogong Moth
1777535059000,-35.522102,148.144591,Agrotis infusa,Bogong Moth
1777535197000,-35.522102,148.144591,Agrotis infusa,Bogong Moth
1777535197000,-35.522102,148.144591,Agrotis infusa,Bogong Moth
1777535542000,-35.81128,148.032827,Agrotis infusa,Bogong Moth
1777535542000,-35.81128,148.032827,Agrotis infusa,Bogong Moth
1777535935000,-35.811349,148.032797,Agrotis infusa,Bogong Moth
1777537762000,-35.54034,148.067388,Agrotis infusa,Bogong Moth
1777537762000,-35.54034,148.067388,Agrotis infusa,Bogong Moth
1777546629000,-37.706093,144.98022,Agrotis infusa,Bogong Moth
1777546629000,-37.706093,144.98022,Agrotis infusa,Bogong Moth
1777559226000,-35.023383,138.5727,Agrotis infusa,Bogong Moth
1777563666000,-36.37865,143.625687,Agrotis infusa,Bogong Moth
1777569665000,-34.853577,138.486218,Agrotis infusa,Bogong Moth
1777569665000,-34.853577,138.486218,Agrotis infusa,Bogong Moth
1777581300000,-36.327333,139.737778,Agrotis infusa,Bogong Moth
1777581300000,-36.327333,139.737778,Agrotis infusa,Bogong Moth
1777585202000,-33.213259,141.168286,Agrotis infusa,Bogong Moth
1777585202000,-33.213259,141.168286,Agrotis infusa,Bogong Moth
1777617738000,-35.698108,147.611124,Agrotis infusa,Bogong Moth
1777622920000,-37.723372,145.139053,Agrotis infusa,Bogong Moth
1777634669000,-37.597617,144.897072,Agrotis infusa,Bogong Moth
1777653680000,-37.868652,144.838786,Agrotis infusa,Bogong Moth
1777653680000,-37.868652,144.838786,Agrotis infusa,Bogong Moth
1777658431000,-37.845546,144.894637,Agrotis infusa,Bogong Moth
1777661917000,-37.771113,144.941863,Agrotis infusa,Bogong Moth
1777662599000,-37.300003,143.248188,Agrotis infusa,Bogong Moth
1777663200000,-36.987898,141.727515,Agrotis infusa,Bogong Moth
1777664458000,-34.940913,138.704912,Agrotis infusa,Bogong Moth
1777664458000,-34.940913,138.704912,Agrotis infusa,Bogong Moth
1777664714000,-37.301092,143.249937,Agrotis infusa,Bogong Moth
1777664781000,-37.301133,143.249987,Agrotis infusa,Bogong Moth
1777664793000,-37.301138,143.249987,Agrotis infusa,Bogong Moth
1777665121000,-38.262196,144.488622,Agrotis infusa,Bogong Moth
1777666380000,-37.300228,143.248584,Agrotis infusa,Bogong Moth
1777666620000,-37.299877,143.248525,Agrotis infusa,Bogong Moth
1777666860000,-35.574093,138.60171,Agrotis infusa,Bogong Moth
1777666860000,-35.574093,138.60171,Agrotis infusa,Bogong Moth
1777666881000,-34.974335,138.65329,Agrotis infusa,Bogong Moth
1777667160000,-37.299607,143.248853,Agrotis infusa,Bogong Moth
1777667160000,-37.299607,143.248853,Agrotis infusa,Bogong Moth
1777668660000,-37.301223,143.25015,Agrotis infusa,Bogong Moth
1777671600000,-37.640442,145.340082,Agrotis infusa,Bogong Moth
1777676880000,-37.848362,145.194199,Agrotis infusa,Bogong Moth
1777680420000,-37.68941,145.301036,Agrotis infusa,Bogong Moth
1777682940000,-38.313183,141.597188,Agrotis infusa,Bogong Moth
1777683480000,-38.313183,141.597182,Agrotis infusa,Bogong Moth
1777684380000,-38.31317,141.597104,Agrotis infusa,Bogong Moth
1777712557000,-37.633929,145.114239,Agrotis infusa,Bogong Moth
1777713963000,-36.378625,143.625703,Agrotis infusa,Bogong Moth
1777713963000,-36.378625,143.625703,Agrotis infusa,Bogong Moth
1777719960000,-37.741754,145.18585,Agrotis infusa,Bogong Moth
1777719960000,-37.741754,145.18585,Agrotis infusa,Bogong Moth
1777724699000,-37.749982,144.95865,Agrotis infusa,Bogong Moth
1777732182000,-37.994341,144.834837,Agrotis infusa,Bogong Moth
1777732182000,-37.994341,144.834837,Agrotis infusa,Bogong Moth
1777737978000,-36.361395,146.683687,Agrotis infusa,Bogong Moth
1777737978000,-36.361395,146.683687,Agrotis infusa,Bogong Moth
1777740009000,-37.561908,144.753525,Agrotis infusa,Bogong Moth
1777740009000,-37.561908,144.753525,Agrotis infusa,Bogong Moth
1777745935000,-38.443205,144.101608,Agrotis infusa,Bogong Moth
1777749247000,-36.637779,145.080537,Agrotis infusa,Bogong Moth
1777749279000,-36.637824,145.080456,Agrotis infusa,Bogong Moth
1777749296000,-36.637788,145.080291,Agrotis infusa,Bogong Moth
1777749764000,-36.318745,145.038071,Agrotis infusa,Bogong Moth
1777754667000,-37.836841,144.927987,Agrotis infusa,Bogong Moth
1777754680000,-37.836841,144.927987,Agrotis infusa,Bogong Moth
1777754691000,-37.836841,144.927987,Agrotis infusa,Bogong Moth
1777754816000,-37.836841,144.927987,Agrotis infusa,Bogong Moth
1777754824000,-37.836841,144.927987,Agrotis infusa,Bogong Moth
1777755360000,-37.447498,143.380503,Agrotis infusa,Bogong Moth
1777755360000,-37.447497,143.380503,Agrotis infusa,Bogong Moth
1777757466000,-37.349956,144.733478,Agrotis infusa,Bogong Moth
1777757466000,-37.349956,144.733478,Agrotis infusa,Bogong Moth
1777758000000,-38.182597,145.119396,Agrotis infusa,Bogong Moth
1777758180000,-38.042324,145.129882,Agrotis infusa,Bogong Moth
1777760220000,-36.804944,145.792772,Agrotis infusa,Bogong Moth
1777761180000,-37.848362,145.194199,Agrotis infusa,Bogong Moth
1777763760000,-38.268522,141.417232,Agrotis infusa,Bogong Moth
1777764600000,-37.87,145.38,Agrotis infusa,Bogong Moth
1777764720000,-37.87,145.38,Agrotis infusa,Bogong Moth
1777764720000,-37.87,145.38,Agrotis infusa,Bogong Moth
1777792500000,-38.177275,144.469969,Agrotis infusa,Bogong Moth
1777794158000,-35.811304,148.032812,Agrotis infusa,Bogong Moth
1777794525000,-35.811273,148.032783,Agrotis infusa,Bogong Moth
1777794602000,-35.811285,148.032813,Agrotis infusa,Bogong Moth
1777794602000,-35.811285,148.032813,Agrotis infusa,Bogong Moth
1777794674000,-35.811272,148.032824,Agrotis infusa,Bogong Moth
1777796437000,-35.811341,148.032786,Agrotis infusa,Bogong Moth
1777796636000,-35.811334,148.032722,Agrotis infusa,Bogong Moth
1777796782000,-35.811288,148.03278,Agrotis infusa,Bogong Moth
1777796887000,-35.811289,148.03278,Agrotis infusa,Bogong Moth
1777797238000,-35.811307,148.032805,Agrotis infusa,Bogong Moth
1777797344000,-35.811281,148.032788,Agrotis infusa,Bogong Moth
1777797409000,-35.811291,148.032804,Agrotis infusa,Bogong Moth
1777797442000,-35.811267,148.032803,Agrotis infusa,Bogong Moth
1777797637000,-35.8113,148.032813,Agrotis infusa,Bogong Moth
1777804272000,-36.630676,144.969897,Agrotis infusa,Bogong Moth
1777813028000,-38.00095,145.093995,Agrotis infusa,Bogong Moth
1777814580000,-37.723328,145.139114,Agrotis infusa,Bogong Moth
1777842665000,-35.522102,148.144591,Agrotis infusa,Bogong Moth
1777849440000,-37.848362,145.194199,Agrotis infusa,Bogong Moth
1777879091000,-35.522102,148.144591,Agrotis infusa,Bogong Moth
1777881147000,-36.148219,144.7695,Agrotis infusa,Bogong Moth
1777886360000,-35.516278,148.142913,Agrotis infusa,Bogong Moth
1777886360000,-35.516278,148.142913,Agrotis infusa,Bogong Moth
1777886945000,-37.47344,144.670741,Agrotis infusa,Bogong Moth
1777886945000,-37.47344,144.670741,Agrotis infusa,Bogong Moth
1777888613000,-37.566255,144.748995,Agrotis infusa,Bogong Moth
1777889289000,-37.82995,144.975908,Agrotis infusa,Bogong Moth
1777893930000,-34.929153,138.583908,Agrotis infusa,Bogong Moth
1777893941000,-37.806765,145.009339,Agrotis infusa,Bogong Moth
1777899295000,-37.639595,144.842605,Agrotis infusa,Bogong Moth
1777899295000,-37.639595,144.842605,Agrotis infusa,Bogong Moth
1777908637000,-37.716584,145.050199,Agrotis infusa,Bogong Moth
1777917660000,-38.000815,145.208137,Agrotis infusa,Bogong Moth
1777920607000,-34.970892,138.599044,Agrotis infusa,Bogong Moth
1777921732000,-35.230638,136.073491,Agrotis infusa,Bogong Moth
1777922499000,-37.561925,144.753508,Agrotis infusa,Bogong Moth
1777941960000,-36.804961,145.792594,Agrotis infusa,Bogong Moth
1777964772000,-37.856363,144.983353,Agrotis infusa,Bogong Moth
1777971720000,-38.097213,145.138536,Agrotis infusa,Bogong Moth
1777972570000,-38.150658,144.377332,Agrotis infusa,Bogong Moth
1777972589000,-35.81126,148.03284,Agrotis infusa,Bogong Moth
1777972589000,-35.81126,148.03284,Agrotis infusa,Bogong Moth
1777972657000,-37.370678,144.684538,Agrotis infusa,Bogong Moth
1777972929000,-35.811308,148.032812,Agrotis infusa,Bogong Moth
1777972929000,-35.811308,148.032812,Agrotis infusa,Bogong Moth
1777972978000,-35.811301,148.032815,Agrotis infusa,Bogong Moth
1777972978000,-35.811301,148.032815,Agrotis infusa,Bogong Moth
1777973139000,-35.81126,148.032795,Agrotis infusa,Bogong Moth
1777973354000,-35.811276,148.032793,Agrotis infusa,Bogong Moth
1777973354000,-35.811276,148.032793,Agrotis infusa,Bogong Moth
1777973499000,-35.811265,148.03282,Agrotis infusa,Bogong Moth
1777988126000,-37.831623,144.906298,Agrotis infusa,Bogong Moth
1777994713000,-37.890575,145.042446,Agrotis infusa,Bogong Moth
1778002396000,-37.597745,144.897021,Agrotis infusa,Bogong Moth
1778002399000,-37.443228,144.386238,Agrotis infusa,Bogong Moth
1778003516000,-38.177791,144.328007,Agrotis infusa,Bogong Moth
1778003649000,-38.177736,144.327989,Agrotis infusa,Bogong Moth
1778008392000,-34.921833,138.693987,Agrotis infusa,Bogong Moth
1778013931000,-34.921817,138.694062,Agrotis infusa,Bogong Moth
1778013931000,-34.921817,138.694062,Agrotis infusa,Bogong Moth
1778013939000,-34.921817,138.694047,Agrotis infusa,Bogong Moth
1778014167000,-37.681603,145.072776,Agrotis infusa,Bogong Moth
1778014980000,-37.699965,144.97146,Agrotis infusa,Bogong Moth
1778015329000,-37.862188,144.973092,Agrotis infusa,Bogong Moth
1778015624000,-33.368725,141.16455,Agrotis infusa,Bogong Moth
1778021400000,-37.848362,145.194199,Agrotis infusa,Bogong Moth
1778049125000,-37.78,145.554992,Agrotis infusa,Bogong Moth
1778056862000,-35.81128,148.032779,Agrotis infusa,Bogong Moth
1778057081000,-35.811287,148.032775,Agrotis infusa,Bogong Moth
1778064381000,-35.516277,148.142918,Agrotis infusa,Bogong Moth
1778066224000,-37.661188,145.291962,Agrotis infusa,Bogong Moth
1778069166000,-37.953208,145.032167,Agrotis infusa,Bogong Moth
1778069166000,-37.953208,145.032167,Agrotis infusa,Bogong Moth
1778089411000,-37.863913,145.059617,Agrotis infusa,Bogong Moth
1778089607000,-36.129478,146.897219,Agrotis infusa,Bogong Moth
1778095610000,-38.058983,145.120011,Agrotis infusa,Bogong Moth
1778102426000,-35.787553,147.310438,Agrotis infusa,Bogong Moth
1778103360000,-37.883887,145.342339,Agrotis infusa,Bogong Moth
1778107560000,-37.848362,145.194199,Agrotis infusa,Bogong Moth
1778144991000,-38.150646,144.377347,Agrotis infusa,Bogong Moth
1778154920000,-36.196142,147.898803,Agrotis infusa,Bogong Moth
1778154996000,-36.196113,147.89882,Agrotis infusa,Bogong Moth
1778160480000,-37.740968,144.978603,Agrotis infusa,Bogong Moth
1778161401000,-35.010906,138.583695,Agrotis infusa,Bogong Moth
1778174749000,-37.856012,145.27977,Agrotis infusa,Bogong Moth
1778186916000,-35.062953,138.600154,Agrotis infusa,Bogong Moth
1778186916000,-35.062953,138.600154,Agrotis infusa,Bogong Moth
1778229161000,-35.811257,148.032753,Agrotis infusa,Bogong Moth
1778235388000,-38.253792,145.173583,Agrotis infusa,Bogong Moth
1778245904000,-37.69115,144.793218,Agrotis infusa,Bogong Moth
1778245904000,-37.69115,144.793218,Agrotis infusa,Bogong Moth
1778249580000,-36.080455,142.596073,Agrotis infusa,Bogong Moth
1778259240000,-35.118792,139.276966,Agrotis infusa,Bogong Moth
1778262796000,-37.712235,145.131783,Agrotis infusa,Bogong Moth
1778263296000,-35.515628,148.142553,Agrotis infusa,Bogong Moth
1778263503000,-37.681511,145.072877,Agrotis infusa,Bogong Moth
1778263503000,-37.681511,145.072877,Agrotis infusa,Bogong Moth
1778265360000,-37.874058,144.228653,Agrotis infusa,Bogong Moth
1778265934000,-37.780307,145.316798,Agrotis infusa,Bogong Moth
1778266380000,-37.883887,145.342339,Agrotis infusa,Bogong Moth
1778266380000,-37.883887,145.342339,Agrotis infusa,Bogong Moth
1778268412000,-37.826149,145.141038,Agrotis infusa,Bogong Moth
1778271540000,-37.874058,144.228653,Agrotis infusa,Bogong Moth
1778275033000,-37.302123,144.091751,Agrotis infusa,Bogong Moth
1778278205000,-37.821528,144.966278,Agrotis infusa,Bogong Moth
1778314620000,-35.811269,148.032799,Agrotis infusa,Bogong Moth
1778314988000,-35.515924,148.142497,Agrotis infusa,Bogong Moth
1778314988000,-35.515924,148.142497,Agrotis infusa,Bogong Moth
1778314992000,-35.811273,148.032827,Agrotis infusa,Bogong Moth
1778314992000,-35.811273,148.032827,Agrotis infusa,Bogong Moth
1778315315000,-35.515834,148.142434,Agrotis infusa,Bogong Moth
1778315659000,-35.515816,148.142481,Agrotis infusa,Bogong Moth
1778315838000,-35.515814,148.14246,Agrotis infusa,Bogong Moth
1778317405000,-35.949736,148.177933,Agrotis infusa,Bogong Moth
1778317405000,-35.949736,148.177933,Agrotis infusa,Bogong Moth
1778317617000,-35.522102,148.144591,Agrotis infusa,Bogong Moth
1778319856000,-35.768283,148.017545,Agrotis infusa,Bogong Moth
1778324220000,-37.787163,145.114219,Agrotis infusa,Bogong Moth
1778328700000,-37.868758,145.060242,Agrotis infusa,Bogong Moth
1778337088000,-37.84993,145.305345,Agrotis infusa,Bogong Moth
1778344810000,-35.485346,148.775662,Agrotis infusa,Bogong Moth
1778357400000,-37.874058,144.228653,Agrotis infusa,Bogong Moth
1778358240000,-37.875523,144.22838,Agrotis infusa,Bogong Moth
1778359229000,-37.71888,144.925628,Agrotis infusa,Bogong Moth
1778359229000,-37.71888,144.925628,Agrotis infusa,Bogong Moth
1778370639000,-37.822075,144.96655,Agrotis infusa,Bogong Moth
1778398988000,-35.515812,148.142606,Agrotis infusa,Bogong Moth
1778399093000,-35.515619,148.14255,Agrotis infusa,Bogong Moth
1778399093000,-35.515619,148.14255,Agrotis infusa,Bogong Moth
1778399228000,-35.515816,148.142505,Agrotis infusa,Bogong Moth
1778399228000,-35.515816,148.142505,Agrotis infusa,Bogong Moth
1778399357000,-35.515813,148.142516,Agrotis infusa,Bogong Moth
1778399405000,-35.515619,148.14255,Agrotis infusa,Bogong Moth
1778399649000,-35.515617,148.142546,Agrotis infusa,Bogong Moth
1778399676000,-35.515617,148.142546,Agrotis infusa,Bogong Moth
1778399676000,-35.515617,148.142546,Agrotis infusa,Bogong Moth
1778403439000,-35.811261,148.032723,Agrotis infusa,Bogong Moth
1778404380000,-35.202213,147.392197,Agrotis infusa,Bogong Moth
1778404380000,-35.202213,147.392197,Agrotis infusa,Bogong Moth
1778404500000,-35.334103,147.379721,Agrotis infusa,Bogong Moth
1778404680000,-35.349719,147.271978,Agrotis infusa,Bogong Moth
1778407200000,-38.122362,145.217992,Agrotis infusa,Bogong Moth
1778410200000,-37.831247,144.937836,Agrotis infusa,Bogong Moth
1778411940000,-38.097213,145.138536,Agrotis infusa,Bogong Moth
1778419994000,-37.863828,145.059892,Agrotis infusa,Bogong Moth
1778421800000,-37.723255,145.138961,Agrotis infusa,Bogong Moth
1778434461000,-32.710639,148.205715,Agrotis infusa,Bogong Moth
1778436402000,-35.808325,144.22096,Agrotis infusa,Bogong Moth
1778436402000,-35.808325,144.22096,Agrotis infusa,Bogong Moth
1778439204000,-37.83772,145.211805,Agrotis infusa,Bogong Moth
1778446680000,-35.218619,147.234391,Agrotis infusa,Bogong Moth
1778484840000,-35.5158,148.142559,Agrotis infusa,Bogong Moth
1778484840000,-35.5158,148.142559,Agrotis infusa,Bogong Moth
1778484900000,-35.5158,148.142559,Agrotis infusa,Bogong Moth
1778485020000,-35.5158,148.142559,Agrotis infusa,Bogong Moth
1778485020000,-35.5158,148.142559,Agrotis infusa,Bogong Moth
1778487480000,-35.349615,147.352611,Agrotis infusa,Bogong Moth
1778487480000,-35.349615,147.352611,Agrotis infusa,Bogong Moth
1778487540000,-35.370908,147.359451,Agrotis infusa,Bogong Moth
1778487960000,-35.381196,147.324445,Agrotis infusa,Bogong Moth
1778488683000,-35.811259,148.032804,Agrotis infusa,Bogong Moth
1778490180000,-35.35957,147.354428,Agrotis infusa,Bogong Moth
1778490960000,-35.257055,147.314,Agrotis infusa,Bogong Moth
1778491500000,-35.370981,147.37573,Agrotis infusa,Bogong Moth
1778491920000,-35.271552,147.349079,Agrotis infusa,Bogong Moth
1778492580000,-35.240451,147.367184,Agrotis infusa,Bogong Moth
1778498853000,-36.37877,143.625838,Agrotis infusa,Bogong Moth
1778499176000,-35.3881,149.029664,Agrotis infusa,Bogong Moth
1778527774000,-36.356324,146.740573,Agrotis infusa,Bogong Moth
1778527774000,-36.356324,146.740573,Agrotis infusa,Bogong Moth
1778531521000,-31.968185,116.06284,Agrotis infusa,Bogong Moth
1778534314000,-37.834539,144.967668,Agrotis infusa,Bogong Moth
1778569988000,-35.522102,148.144591,Agrotis infusa,Bogong Moth
1778572286000,-35.515813,148.142572,Agrotis infusa,Bogong Moth
1778575726000,-35.811255,148.032676,Agrotis infusa,Bogong Moth
1778576034000,-35.811237,148.032741,Agrotis infusa,Bogong Moth
1778582978000,-37.732585,144.873123,Agrotis infusa,Bogong Moth
1778587006000,-37.089613,145.981557,Agrotis infusa,Bogong Moth
1778587006000,-37.089613,145.981557,Agrotis infusa,Bogong Moth
1778611845000,-37.698447,145.048203,Agrotis infusa,Bogong Moth
1778611860000,-37.881911,145.134854,Agrotis infusa,Bogong Moth
1778615404000,-37.782623,144.938171,Agrotis infusa,Bogong Moth
1778626080000,-37.848362,145.194199,Agrotis infusa,Bogong Moth
1778657542000,-35.515806,148.142482,Agrotis infusa,Bogong Moth
1778657542000,-35.515806,148.142482,Agrotis infusa,Bogong Moth
1778657571000,-35.515813,148.142476,Agrotis infusa,Bogong Moth
1778659237000,-35.522102,148.144591,Agrotis infusa,Bogong Moth
1778659302000,-35.522102,148.144591,Agrotis infusa,Bogong Moth
1778659341000,-35.522102,148.144591,Agrotis infusa,Bogong Moth
1778659341000,-35.522102,148.144591,Agrotis infusa,Bogong Moth
1778659559000,-35.522102,148.144591,Agrotis infusa,Bogong Moth
1778660260000,-37.52555,145.123275,Agrotis infusa,Bogong Moth
1778660260000,-37.52555,145.123275,Agrotis infusa,Bogong Moth
1778660940000,-35.336417,147.347031,Agrotis infusa,Bogong Moth
1778661660000,-35.370366,147.287421,Agrotis infusa,Bogong Moth
1778664466000,-37.871357,144.992422,Agrotis infusa,Bogong Moth
1778664466000,-37.871357,144.992422,Agrotis infusa,Bogong Moth
1778672724000,-36.281525,146.374906,Agrotis infusa,Bogong Moth
1778682118000,-38.127844,145.180858,Agrotis infusa,Bogong Moth
1778682118000,-38.127844,145.180858,Agrotis infusa,Bogong Moth
1778688601000,-37.842078,145.044044,Agrotis infusa,Bogong Moth
1778692483000,-37.863747,145.059967,Agrotis infusa,Bogong Moth
1778695462000,-35.522102,148.144591,Agrotis infusa,Bogong Moth
1778699400000,-36.140866,142.469131,Agrotis infusa,Bogong Moth
1778699400000,-36.140866,142.469131,Agrotis infusa,Bogong Moth
1778699460000,-36.115101,142.499189,Agrotis infusa,Bogong Moth
1778699520000,-36.106094,142.459425,Agrotis infusa,Bogong Moth
1778700679000,-35.522102,148.144591,Agrotis infusa,Bogong Moth
1778700813000,-33.091697,119.029236,Agrotis infusa,Bogong Moth
1778717940000,-35.345282,147.23351,Agrotis infusa,Bogong Moth
1778742097000,-35.522102,148.144591,Agrotis infusa,Bogong Moth
1778742097000,-35.522102,148.144591,Agrotis infusa,Bogong Moth
1778742247000,-35.522102,148.144591,Agrotis infusa,Bogong Moth
1778742339000,-35.522102,148.144591,Agrotis infusa,Bogong Moth
1778742383000,-35.522102,148.144591,Agrotis infusa,Bogong Moth
1778742383000,-35.522102,148.144591,Agrotis infusa,Bogong Moth
1778747220000,-35.262274,147.267629,Agrotis infusa,Bogong Moth
1778747520000,-35.256098,147.34012,Agrotis infusa,Bogong Moth
1778747520000,-35.256098,147.34012,Agrotis infusa,Bogong Moth
1778747772000,-35.721206,147.316233,Agrotis infusa,Bogong Moth
1778747820000,-38.188258,145.077529,Agrotis infusa,Bogong Moth
1778747880000,-38.188258,145.077529,Agrotis infusa,Bogong Moth
1778747940000,-38.188258,145.077529,Agrotis infusa,Bogong Moth
1778748060000,-38.188258,145.077529,Agrotis infusa,Bogong Moth
1778748060000,-38.188258,145.077529,Agrotis infusa,Bogong Moth
1778748060000,-38.188258,145.077529,Agrotis infusa,Bogong Moth
1778748194000,-35.51562,148.142537,Agrotis infusa,Bogong Moth
1778748194000,-35.51562,148.142537,Agrotis infusa,Bogong Moth
1778748608000,-37.778125,144.957855,Agrotis infusa,Bogong Moth
1778750452000,-37.79939,144.824849,Agrotis infusa,Bogong Moth
1778751754000,-35.251459,149.099578,Agrotis infusa,Bogong Moth
1778755324000,-37.606155,145.187837,Agrotis infusa,Bogong Moth
1778755337000,-37.606297,145.18808,Agrotis infusa,Bogong Moth
1778755337000,-37.606297,145.18808,Agrotis infusa,Bogong Moth
1778760735000,-37.792601,144.825619,Agrotis infusa,Bogong Moth
1778760735000,-37.792601,144.825619,Agrotis infusa,Bogong Moth
1778767789000,-36.378825,143.62607,Agrotis infusa,Bogong Moth
1778778359000,-37.842202,145.043927,Agrotis infusa,Bogong Moth
1778778359000,-37.842202,145.043927,Agrotis infusa,Bogong Moth
1778783110000,-33.429055,141.235183,Agrotis infusa,Bogong Moth
1778788320000,-37.848362,145.194199,Agrotis infusa,Bogong Moth
1778795400000,-37.049235,143.72818,Agrotis infusa,Bogong Moth
1778833080000,-35.22263,147.370118,Agrotis infusa,Bogong Moth
1778833391000,-35.522102,148.144591,Agrotis infusa,Bogong Moth
1778833800000,-35.353514,147.356074,Agrotis infusa,Bogong Moth
1778834160000,-35.241966,147.378692,Agrotis infusa,Bogong Moth
1778864565000,-37.880663,145.343645,Agrotis infusa,Bogong Moth
1778866620000,-38.149183,144.376322,Agrotis infusa,Bogong Moth
1778866620000,-38.149183,144.376322,Agrotis infusa,Bogong Moth
1778867340000,-38.149183,144.376322,Agrotis infusa,Bogong Moth
1778868664000,-35.319187,150.46933,Agrotis infusa,Bogong Moth
1778868664000,-35.319187,150.46933,Agrotis infusa,Bogong Moth
1778874600000,-35.584127,142.051773,Agrotis infusa,Bogong Moth
1778875200000,-37.904141,147.763647,Agrotis infusa,Bogong Moth
1778875200000,-37.904141,147.763647,Agrotis infusa,Bogong Moth
1778876100000,-36.363339,142.991822,Agrotis infusa,Bogong Moth
1778876100000,-36.363339,142.991822,Agrotis infusa,Bogong Moth
1778876580000,-36.363339,142.991822,Agrotis infusa,Bogong Moth
1778881675000,-36.164711,144.773012,Agrotis infusa,Bogong Moth
1778881947000,-36.164708,144.773025,Agrotis infusa,Bogong Moth
1778882372000,-36.164676,144.773002,Agrotis infusa,Bogong Moth
1778882372000,-36.164676,144.773002,Agrotis infusa,Bogong Moth
1778884013000,-32.647974,149.03764,Agrotis infusa,Bogong Moth
1778884546000,-34.921683,138.693878,Agrotis infusa,Bogong Moth
1778919381000,-35.522102,148.144591,Agrotis infusa,Bogong Moth
1778919381000,-35.522102,148.144591,Agrotis infusa,Bogong Moth
1778920800000,-38.188258,145.077529,Agrotis infusa,Bogong Moth
1778922406000,-35.94284,137.732613,Agrotis infusa,Bogong Moth
1778922406000,-35.94284,137.732613,Agrotis infusa,Bogong Moth
1778928186000,-35.110425,138.514311,Agrotis infusa,Bogong Moth
1778928317000,-34.849355,138.603215,Agrotis infusa,Bogong Moth
1778928360000,-34.992865,138.680426,Agrotis infusa,Bogong Moth
1778929232000,-38.427867,145.04477,Agrotis infusa,Bogong Moth
1778929854000,-35.286567,138.873353,Agrotis infusa,Bogong Moth
1778929854000,-35.286567,138.873353,Agrotis infusa,Bogong Moth
1778932002000,-37.555224,144.905747,Agrotis infusa,Bogong Moth
1778934009000,-37.837261,145.379524,Agrotis infusa,Bogong Moth
1778935162000,-37.747105,145.663064,Agrotis infusa,Bogong Moth
1778936244000,-38.257936,145.25153,Agrotis infusa,Bogong Moth
1778937027000,-37.81112,145.008606,Agrotis infusa,Bogong Moth
1778943474000,-31.343,115.598053,Agrotis infusa,Bogong Moth
1778951640000,-36.09394,142.570296,Agrotis infusa,Bogong Moth
1778954036000,-37.884303,144.996337,Agrotis infusa,Bogong Moth
1778954089000,-37.885513,144.996699,Agrotis infusa,Bogong Moth
1778954170000,-37.885108,144.99677,Agrotis infusa,Bogong Moth
1778954691000,-37.886945,144.995705,Agrotis infusa,Bogong Moth
1778954691000,-37.886945,144.995705,Agrotis infusa,Bogong Moth
1778955003000,-37.887457,144.996298,Agrotis infusa,Bogong Moth
1778955455000,-37.886585,144.995689,Agrotis infusa,Bogong Moth
1778956054000,-37.884776,144.996917,Agrotis infusa,Bogong Moth
1778956063000,-37.884885,144.996644,Agrotis infusa,Bogong Moth
1778958147000,-37.01352,144.246051,Agrotis infusa,Bogong Moth
1778958245000,-38.00075,145.208072,Agrotis infusa,Bogong Moth
1778959440000,-38.182586,145.119449,Agrotis infusa,Bogong Moth
1778960052000,-37.885615,144.995721,Agrotis infusa,Bogong Moth
1778962020000,-38.132753,145.166462,Agrotis infusa,Bogong Moth
1778962999000,-37.885981,144.993711,Agrotis infusa,Bogong Moth
1778967086000,-37.799778,144.825,Agrotis infusa,Bogong Moth
1778967086000,-37.799778,144.825,Agrotis infusa,Bogong Moth
1778967260000,-37.842865,145.28213,Agrotis infusa,Bogong Moth
1778967366000,-37.861095,145.31343,Agrotis infusa,Bogong Moth
1778970780000,-37.87,145.38,Agrotis infusa,Bogong Moth
1778972590000,-37.856217,145.279633,Agrotis infusa,Bogong Moth
1778972640000,-37.848362,145.194199,Agrotis infusa,Bogong Moth
1779005580000,-35.522102,148.144591,Agrotis infusa,Bogong Moth
1779008461000,-33.864449,151.205224,Agrotis infusa,Bogong Moth
1779019786000,-38.031188,145.134133,Agrotis infusa,Bogong Moth
1779019786000,-38.031188,145.134133,Agrotis infusa,Bogong Moth
1779022751000,-38.215347,145.377595,Agrotis infusa,Bogong Moth
1779027372000,-37.902712,145.316362,Agrotis infusa,Bogong Moth
1779033101000,-35.226361,147.877599,Agrotis infusa,Bogong Moth
1779040225000,-38.226458,145.170028,Agrotis infusa,Bogong Moth
1779049756000,-37.914784,147.95453,Agrotis infusa,Bogong Moth
1779051420000,-38.182586,145.119449,Agrotis infusa,Bogong Moth
1779057660000,-37.874961,145.129108,Agrotis infusa,Bogong Moth
1779091787000,-37.780802,145.556142,Agrotis infusa,Bogong Moth
1779093766000,-35.110336,138.514356,Agrotis infusa,Bogong Moth
1779094111000,-37.72335,145.138978,Agrotis infusa,Bogong Moth
1779098400000,-37.732292,145.036378,Agrotis infusa,Bogong Moth
1779101072000,-37.83904,145.232538,Agrotis infusa,Bogong Moth
1779103828000,-37.792887,144.94763,Agrotis infusa,Bogong Moth
1779109716000,-37.736915,144.972803,Agrotis infusa,Bogong Moth
1779112968000,-37.824327,145.161161,Agrotis infusa,Bogong Moth
1779119280000,-36.785252,144.391615,Agrotis infusa,Bogong Moth
1779128460000,-35.298418,149.14171,Agrotis infusa,Bogong Moth
1779128460000,-35.298418,149.14171,Agrotis infusa,Bogong Moth
1779132218000,-37.302126,144.091756,Agrotis infusa,Bogong Moth
1779133260000,-38.182586,145.119449,Agrotis infusa,Bogong Moth
1779142320000,-37.848362,145.194199,Agrotis infusa,Bogong Moth
1779178384000,-37.760712,144.979797,Agrotis infusa,Bogong Moth
1779185371000,-33.935951,137.668225,Agrotis infusa,Bogong Moth
1779185371000,-33.935951,137.668225,Agrotis infusa,Bogong Moth
1779186372000,-35.811289,148.032787,Agrotis infusa,Bogong Moth
1779194288000,-37.91162,145.133225,Agrotis infusa,Bogong Moth
1779226605000,-33.377872,149.578688,Agrotis infusa,Bogong Moth
1779227580000,-37.848362,145.194199,Agrotis infusa,Bogong Moth
1779263100000,-34.282663,140.600499,Agrotis infusa,Bogong Moth
1779263100000,-34.282663,140.600499,Agrotis infusa,Bogong Moth
1779266040000,-35.266029,147.23215,Agrotis infusa,Bogong Moth
1779266580000,-35.213576,147.201905,Agrotis infusa,Bogong Moth
1779273937000,-38.114989,144.634207,Agrotis infusa,Bogong Moth
1779277365000,-35.811256,148.032663,Agrotis infusa,Bogong Moth
1779298010000,-37.8139,145.013,Agrotis infusa,Bogong Moth
1779298010000,-37.8139,145.013,Agrotis infusa,Bogong Moth
1779303000000,-38.391009,144.235539,Agrotis infusa,Bogong Moth
1779309191000,-37.820176,145.043167,Agrotis infusa,Bogong Moth
1779309191000,-37.820176,145.043167,Agrotis infusa,Bogong Moth
1779323880000,-35.301935,147.384958,Agrotis infusa,Bogong Moth
1779353670000,-31.559433,115.820075,Agrotis infusa,Bogong Moth
1779354420000,-35.339204,147.396819,Agrotis infusa,Bogong Moth
1779354480000,-35.211911,147.275212,Agrotis infusa,Bogong Moth
1779354480000,-35.211911,147.275212,Agrotis infusa,Bogong Moth
1779355080000,-35.34932,147.389662,Agrotis infusa,Bogong Moth
1779355687000,-38.150648,144.377328,Agrotis infusa,Bogong Moth
1779356739000,-36.148055,144.769425,Agrotis infusa,Bogong Moth
1779356739000,-36.148055,144.769425,Agrotis infusa,Bogong Moth
1779362942000,-35.811267,148.032773,Agrotis infusa,Bogong Moth
1779362942000,-35.811267,148.032773,Agrotis infusa,Bogong Moth
1779363320000,-37.776213,144.95482,Agrotis infusa,Bogong Moth
1779363320000,-37.776213,144.95482,Agrotis infusa,Bogong Moth
1779375862000,-33.115029,137.420168,Agrotis infusa,Bogong Moth
1779393487000,-37.694921,145.033537,Agrotis infusa,Bogong Moth
1779395760000,-28.248448,148.750807,Agrotis infusa,Bogong Moth
1779401869000,-32.266528,133.568528,Agrotis infusa,Bogong Moth
1779402180000,-35.302103,147.247552,Agrotis infusa,Bogong Moth
1779402360000,-35.369018,147.299549,Agrotis infusa,Bogong Moth
1779402360000,-35.369018,147.299549,Agrotis infusa,Bogong Moth
1779402600000,-35.379734,147.219905,Agrotis infusa,Bogong Moth
1779402600000,-35.379734,147.219905,Agrotis infusa,Bogong Moth
1779435120000,-35.210246,147.262249,Agrotis infusa,Bogong Moth
1779435120000,-35.210246,147.262249,Agrotis infusa,Bogong Moth
1779435180000,-35.214783,147.2573,Agrotis infusa,Bogong Moth
1779436260000,-35.221465,147.27623,Agrotis infusa,Bogong Moth
1779436440000,-35.313771,147.233688,Agrotis infusa,Bogong Moth
1779436440000,-35.313771,147.233688,Agrotis infusa,Bogong Moth
1779436620000,-35.290802,147.257107,Agrotis infusa,Bogong Moth
1779436800000,-35.239327,147.382006,Agrotis infusa,Bogong Moth
1779437580000,-35.354455,147.238333,Agrotis infusa,Bogong Moth
1779443343000,-35.428933,138.724533,Agrotis infusa,Bogong Moth
1779456847000,-37.524912,145.1214,Agrotis infusa,Bogong Moth
1779464577000,-37.840725,144.963242,Agrotis infusa,Bogong Moth
1779476432000,-34.791547,149.623433,Agrotis infusa,Bogong Moth
1779480999000,-33.43373,149.383739,Agrotis infusa,Bogong Moth
1779521040000,-35.285266,147.302426,Agrotis infusa,Bogong Moth
1779521460000,-35.203282,147.393058,Agrotis infusa,Bogong Moth
1779522120000,-35.385897,147.382614,Agrotis infusa,Bogong Moth
1779522120000,-35.385897,147.382614,Agrotis infusa,Bogong Moth
1779522420000,-35.360147,147.397845,Agrotis infusa,Bogong Moth
1779523080000,-35.321758,147.204172,Agrotis infusa,Bogong Moth
1779523080000,-35.321758,147.204172,Agrotis infusa,Bogong Moth
1779523260000,-35.254729,147.207276,Agrotis infusa,Bogong Moth
1779523500000,-35.328445,147.239992,Agrotis infusa,Bogong Moth
1779526500000,-38.188258,145.077529,Agrotis infusa,Bogong Moth
1779539638000,-35.226361,147.877497,Agrotis infusa,Bogong Moth
1779544701000,-38.097236,144.354278,Agrotis infusa,Bogong Moth
1779544701000,-38.097236,144.354278,Agrotis infusa,Bogong Moth
1779546881000,-35.316336,148.227367,Agrotis infusa,Bogong Moth
1779550668000,-37.815443,145.063165,Agrotis infusa,Bogong Moth
1779557917000,-37.82023,144.946796,Agrotis infusa,Bogong Moth
1779561763000,-32.827337,138.189378,Agrotis infusa,Bogong Moth
1779561763000,-32.827337,138.189378,Agrotis infusa,Bogong Moth
1779561831000,-33.179803,134.711608,Agrotis infusa,Bogong Moth
1779561831000,-33.179803,134.711608,Agrotis infusa,Bogong Moth
1779562800000,-38.172413,145.159567,Agrotis infusa,Bogong Moth
1779564413000,-37.4393,143.98437,Agrotis infusa,Bogong Moth
1779566910000,-33.24055,134.744767,Agrotis infusa,Bogong Moth
1779607380000,-38.177275,144.469969,Agrotis infusa,Bogong Moth
1779610776000,-35.522102,148.144591,Agrotis infusa,Bogong Moth
1779621367000,-35.811308,148.032767,Agrotis infusa,Bogong Moth
1779628299000,-37.947573,145.253869,Agrotis infusa,Bogong Moth
1779628299000,-37.947573,145.253869,Agrotis infusa,Bogong Moth
1779633480000,-37.822594,144.968928,Agrotis infusa,Bogong Moth
1779643208000,-34.968405,138.589967,Agrotis infusa,Bogong Moth
1779643208000,-34.968405,138.589967,Agrotis infusa,Bogong Moth
1779646692000,-37.731062,145.190553,Agrotis infusa,Bogong Moth
1779663120000,-37.848362,145.194199,Agrotis infusa,Bogong Moth
1779683244000,-37.881079,145.395267,Agrotis infusa,Bogong Moth
1779683244000,-37.881079,145.395267,Agrotis infusa,Bogong Moth
1779696298000,-35.522102,148.144591,Agrotis infusa,Bogong Moth
1779698181000,-37.780799,145.556141,Agrotis infusa,Bogong Moth
1779699021000,-36.196153,147.89882,Agrotis infusa,Bogong Moth
1779699100000,-37.855519,145.164066,Agrotis infusa,Bogong Moth
1779708434000,-35.24923,149.134461,Agrotis infusa,Bogong Moth
1779709269000,-37.724072,145.053281,Agrotis infusa,Bogong Moth
1779716051000,-37.542758,145.077086,Agrotis infusa,Bogong Moth
1779716136000,-37.8138,145.0131,Agrotis infusa,Bogong Moth
1779744006000,-31.968184,116.062876,Agrotis infusa,Bogong Moth
1779748500000,-37.848362,145.194199,Agrotis infusa,Bogong Moth
1779780112000,-31.920962,115.850517,Agrotis infusa,Bogong Moth
1779782162000,-35.515618,148.142551,Agrotis infusa,Bogong Moth
1779782162000,-35.515618,148.142551,Agrotis infusa,Bogong Moth
1779784860000,-35.38265,147.328659,Agrotis infusa,Bogong Moth
1779784920000,-35.358205,147.204072,Agrotis infusa,Bogong Moth
1779785211000,-35.540148,148.06707,Agrotis infusa,Bogong Moth
1779786000000,-35.239833,147.261534,Agrotis infusa,Bogong Moth
1779786240000,-35.233158,147.323057,Agrotis infusa,Bogong Moth
1779786600000,-35.229155,147.327121,Agrotis infusa,Bogong Moth
1779787020000,-35.38064,147.285371,Agrotis infusa,Bogong Moth
1779788220000,-35.326798,147.293088,Agrotis infusa,Bogong Moth
1779799346000,-35.811256,148.032751,Agrotis infusa,Bogong Moth
1779821612000,-36.079308,140.72192,Agrotis infusa,Bogong Moth
1779875983000,-34.103424,140.780999,Agrotis infusa,Bogong Moth
1779880842000,-36.196055,147.898955,Agrotis infusa,Bogong Moth
1779880932000,-36.196183,147.898758,Agrotis infusa,Bogong Moth
1779885084000,-36.290623,146.731449,Agrotis infusa,Bogong Moth
1779885084000,-36.290623,146.731449,Agrotis infusa,Bogong Moth
1779888406000,-37.685543,143.363663,Agrotis infusa,Bogong Moth
1779888406000,-37.685543,143.363663,Agrotis infusa,Bogong Moth
1779888512000,-37.68556,143.363567,Agrotis infusa,Bogong Moth
1779888512000,-37.68556,143.363567,Agrotis infusa,Bogong Moth
1779888539000,-37.685577,143.363739,Agrotis infusa,Bogong Moth
1779904155000,-37.874277,140.741563,Agrotis infusa,Bogong Moth
1779910364000,-35.515655,148.142561,Agrotis infusa,Bogong Moth
1779954537000,-35.811242,148.032777,Agrotis infusa,Bogong Moth
1779954537000,-35.811242,148.032777,Agrotis infusa,Bogong Moth
1779957943000,-37.777922,144.958008,Agrotis infusa,Bogong Moth
1779958896000,-36.196158,147.898803,Agrotis infusa,Bogong Moth
1779958896000,-36.196158,147.898803,Agrotis infusa,Bogong Moth
1779959400000,-38.188258,145.077529,Agrotis infusa,Bogong Moth
1779959400000,-38.188258,145.077529,Agrotis infusa,Bogong Moth
1779960832000,-34.92458,144.61731,Agrotis infusa,Bogong Moth
1779960832000,-34.92458,144.61731,Agrotis infusa,Bogong Moth
1779961746000,-35.949581,148.177922,Agrotis infusa,Bogong Moth
1779961746000,-35.949581,148.177922,Agrotis infusa,Bogong Moth
1779963960000,-37.820603,145.034547,Agrotis infusa,Bogong Moth
1780049925000,-36.257922,142.395997,Agrotis infusa,Bogong Moth
1780053294000,-36.257962,142.396072,Agrotis infusa,Bogong Moth
1780054507000,-37.881683,145.27333,Agrotis infusa,Bogong Moth
1780082032000,-36.185892,140.661225,Agrotis infusa,Bogong Moth
1780185600000,-34.601517,139.497793,Agrotis infusa,Bogong Moth
1780218618000,-35.827757,149.131123,Agrotis infusa,Bogong Moth
1780218618000,-35.827757,149.131123,Agrotis infusa,Bogong Moth
1780236775000,-36.2504,142.395037,Agrotis infusa,Bogong Moth
1780256841000,-35.811387,148.032838,Agrotis infusa,Bogong Moth
1780256841000,-35.811387,148.032838,Agrotis infusa,Bogong Moth
1780307283000,-35.811247,148.03278,Agrotis infusa,Bogong Moth
1780311325000,-37.747748,145.335698,Agrotis infusa,Bogong Moth
1780311325000,-37.747748,145.335698,Agrotis infusa,Bogong Moth
1780325281000,-36.290623,146.731449,Agrotis infusa,Bogong Moth
1780325281000,-36.290623,146.731449,Agrotis infusa,Bogong Moth
1780341240000,-38.182586,145.119449,Agrotis infusa,Bogong Moth
1780345788000,-36.129528,146.897311,Agrotis infusa,Bogong Moth
1780347817000,-37.830037,144.975128,Agrotis infusa,Bogong Moth
1780391968000,-35.811104,148.032697,Agrotis infusa,Bogong Moth
1780391968000,-35.811104,148.032697,Agrotis infusa,Bogong Moth
1780394666000,-37.741298,144.966611,Agrotis infusa,Bogong Moth
1780417388000,-38.149221,144.362864,Agrotis infusa,Bogong Moth
1780484138000,-35.811257,148.032784,Agrotis infusa,Bogong Moth
1780494091000,-36.378772,143.625838,Agrotis infusa,Bogong Moth
1780513578000,-36.040711,142.588594,Agrotis infusa,Bogong Moth
1780520760000,-37.747399,144.921353,Agrotis infusa,Bogong Moth
1780525803000,-31.926188,115.81427,Agrotis infusa,Bogong Moth
1780525803000,-31.926188,115.81427,Agrotis infusa,Bogong Moth
1780565261000,-35.811113,148.032733,Agrotis infusa,Bogong Moth
1780565261000,-35.811113,148.032733,Agrotis infusa,Bogong Moth
1780568991000,-36.743899,147.17253,Agrotis infusa,Bogong Moth
1780584823000,-38.082803,145.490997,Agrotis infusa,Bogong Moth
1780584823000,-38.082803,145.490997,Agrotis infusa,Bogong Moth
1780596625000,-36.098791,145.447248,Agrotis infusa,Bogong Moth
1780596625000,-36.098791,145.447248,Agrotis infusa,Bogong Moth
1780650044000,-36.196063,147.898955,Agrotis infusa,Bogong Moth
1780650131000,-36.196097,147.89882,Agrotis infusa,Bogong Moth
1780650131000,-36.196097,147.89882,Agrotis infusa,Bogong Moth
1780665582000,-37.796089,144.95805,Agrotis infusa,Bogong Moth
1780665582000,-37.796089,144.95805,Agrotis infusa,Bogong Moth
1780666955000,-37.029533,145.141756,Agrotis infusa,Bogong Moth
1780671790000,-37.785795,145.317795,Agrotis infusa,Bogong Moth
1780671790000,-37.785795,145.317795,Agrotis infusa,Bogong Moth
1780690500000,-36.363333,142.991836,Agrotis infusa,Bogong Moth
1780702364000,-35.3801,149.057703,Agrotis infusa,Bogong Moth
1780702364000,-35.3801,149.057703,Agrotis infusa,Bogong Moth
1780772387000,-34.010769,140.665257,Agrotis infusa,Bogong Moth
1780822620000,-35.334359,147.313337,Agrotis infusa,Bogong Moth
1780838817000,-36.196067,147.898955,Agrotis infusa,Bogong Moth
1780838817000,-36.196067,147.898955,Agrotis infusa,Bogong Moth
1780843437000,-38.113757,144.326075,Agrotis infusa,Bogong Moth
1780866687000,-34.93487,138.641577,Agrotis infusa,Bogong Moth
1780908480000,-35.291806,147.388996,Agrotis infusa,Bogong Moth
1780988769000,-35.949669,148.177731,Agrotis infusa,Bogong Moth
1780993140000,-35.308136,147.267755,Agrotis infusa,Bogong Moth
1780993560000,-35.398114,147.21463,Agrotis infusa,Bogong Moth
1780993740000,-35.319214,147.292282,Agrotis infusa,Bogong Moth
1780994820000,-35.240905,147.341857,Agrotis infusa,Bogong Moth
1781000517000,-37.723642,145.053494,Agrotis infusa,Bogong Moth
1781078880000,-35.102672,139.305522,Agrotis infusa,Bogong Moth
1781078880000,-35.102672,139.305522,Agrotis infusa,Bogong Moth
1781080343000,-35.226101,147.877255,Agrotis infusa,Bogong Moth
1781080343000,-35.226101,147.877255,Agrotis infusa,Bogong Moth
1781119479000,-36.185882,140.661212,Agrotis infusa,Bogong Moth
1781124048000,-34.133653,142.187366,Agrotis infusa,Bogong Moth
1781133627000,-35.894253,149.171426,Agrotis infusa,Bogong Moth
1781165215000,-37.86373,145.060075,Agrotis infusa,Bogong Moth
1781165215000,-37.86373,145.060075,Agrotis infusa,Bogong Moth
1781167594000,-38.390786,142.537013,Agrotis infusa,Bogong Moth
1781173320000,-34.011396,151.230089,Agrotis infusa,Bogong Moth
1781261439000,-35.811284,148.032758,Agrotis infusa,Bogong Moth
1781286334000,-37.609061,144.891274,Agrotis infusa,Bogong Moth
1781306880000,-35.779503,149.156311,Agrotis infusa,Bogong Moth
1781312961000,-37.856083,145.279617,Agrotis infusa,Bogong Moth
1781341920000,-35.375393,147.319027,Agrotis infusa,Bogong Moth
1781341920000,-35.375393,147.319027,Agrotis infusa,Bogong Moth
1781390340000,-35.779494,149.156294,Agrotis infusa,Bogong Moth
1781393160000,-35.254995,149.149498,Agrotis infusa,Bogong Moth
1781393160000,-35.254995,149.149498,Agrotis infusa,Bogong Moth
1781423765000,-35.811288,148.032773,Agrotis infusa,Bogong Moth
1781430609000,-34.80523,150.002944,Agrotis infusa,Bogong Moth
1781437433000,-35.969966,149.069955,Agrotis infusa,Bogong Moth
1781437433000,-35.969966,149.069955,Agrotis infusa,Bogong Moth
1781514360000,-35.226901,147.269257,Agrotis infusa,Bogong Moth
1781516371000,-37.780794,145.556147,Agrotis infusa,Bogong Moth
1781516371000,-37.780794,145.556147,Agrotis infusa,Bogong Moth
1781518821000,-35.811108,148.032797,Agrotis infusa,Bogong Moth
1781520917000,-35.949004,149.034772,Agrotis infusa,Bogong Moth
1781596536000,-36.196137,147.89882,Agrotis infusa,Bogong Moth
1781615127000,-35.811181,148.032783,Agrotis infusa,Bogong Moth
1781615127000,-35.811181,148.032783,Agrotis infusa,Bogong Moth
1781651760000,-35.254995,149.149498,Agrotis infusa,Bogong Moth
1781696994000,-35.811135,148.0328,Agrotis infusa,Bogong Moth
1781707792000,-36.723472,142.1746,Agrotis infusa,Bogong Moth
1781775904000,-36.196158,147.898803,Agrotis infusa,Bogong Moth
1781781903000,-35.811281,148.032795,Agrotis infusa,Bogong Moth
1781863899000,-36.196063,147.898955,Agrotis infusa,Bogong Moth
1781863899000,-36.196063,147.898955,Agrotis infusa,Bogong Moth
1781886465000,-35.81098,148.032845,Agrotis infusa,Bogong Moth
1781914147000,-35.836315,149.011347,Agrotis infusa,Bogong Moth
1781914147000,-35.836315,149.011347,Agrotis infusa,Bogong Moth
1781914206000,-35.995325,149.12925,Agrotis infusa,Bogong Moth
1781942356000,-37.700942,145.120072,Agrotis infusa,Bogong Moth
1781944888000,-36.196075,147.898955,Agrotis infusa,Bogong Moth
1781945321000,-35.811151,148.032826,Agrotis infusa,Bogong Moth
1781948612000,-35.906459,149.025157,Agrotis infusa,Bogong Moth
1781951841000,-37.682562,145.531538,Agrotis infusa,Bogong Moth
1781951841000,-37.682562,145.531538,Agrotis infusa,Bogong Moth
1782035865000,-35.8112,148.032709,Agrotis infusa,Bogong Moth
1782124879000,-31.957497,115.858267,Agrotis infusa,Bogong Moth
1782302226000,-37.642825,145.238617,Agrotis infusa,Bogong Moth
1782302226000,-37.642825,145.238617,Agrotis infusa,Bogong Moth
1782376820000,-35.811067,148.032931,Agrotis infusa,Bogong Moth
1782396157000,-37.780796,145.556148,Agrotis infusa,Bogong Moth
1782413035000,-35.811231,148.032831,Agrotis infusa,Bogong Moth
1782597120000,-35.779542,149.156311,Agrotis infusa,Bogong Moth
1782638563000,-35.811115,148.032845,Agrotis infusa,Bogong Moth
1782638563000,-35.811115,148.032845,Agrotis infusa,Bogong Moth
1782705190000,-35.382481,149.09575,Agrotis infusa,Bogong Moth
1782823708000,-36.72009,144.186815,Agrotis infusa,Bogong Moth
1782823708000,-36.72009,144.186815,Agrotis infusa,Bogong Moth
1782986368000,-35.811156,148.032872,Agrotis infusa,Bogong Moth
1783078036000,-35.811147,148.032899,Agrotis infusa,Bogong Moth
1783078036000,-35.811147,148.032899,Agrotis infusa,Bogong Moth
1783164000000,-36.24435,142.399783,Agrotis infusa,Bogong Moth
1783294500000,-35.254995,149.149498,Agrotis infusa,Bogong Moth
1783452647000,-35.811272,148.032747,Agrotis infusa,Bogong Moth
1785871750000,-35.811269,148.032801,Agrotis infusa,Bogong Moth
1786181542000,-28.605525,151.814317,Agrotis infusa,Bogong Moth
1786181542000,-28.605525,151.814317,Agrotis infusa,Bogong Moth
1786869441000,-31.781564,115.964063,Agrotis infusa,Bogong Moth
1787174302000,-36.185758,140.660712,Agrotis infusa,Bogong Moth
1787174580000,-34.563685,141.07083,Agrotis infusa,Bogong Moth
1787522831000,-36.185898,140.661159,Agrotis infusa,Bogong Moth
1787522831000,-36.185898,140.661159,Agrotis infusa,Bogong Moth
1787683279000,-35.811256,148.03277,Agrotis infusa,Bogong Moth
1787683279000,-35.811256,148.03277,Agrotis infusa,Bogong Moth
1787823814000,-35.811288,148.032783,Agrotis infusa,Bogong Moth
1787863409000,-36.185898,140.661159,Agrotis infusa,Bogong Moth
1788164944000,-27.98777,145.609313,Agrotis infusa,Bogong Moth
1788173970000,-35.811257,148.032893,Agrotis infusa,Bogong Moth
1788261660000,-33.411192,149.578698,Agrotis infusa,Bogong Moth
1788289247000,-33.72205,143.025283,Agrotis infusa,Bogong Moth
1788295080000,-35.254995,149.149498,Agrotis infusa,Bogong Moth
1788342891000,-35.949564,148.177867,Agrotis infusa,Bogong Moth
1788342891000,-35.949564,148.177867,Agrotis infusa,Bogong Moth
1788389040000,-26.823995,152.919953,Agrotis infusa,Bogong Moth
1788425734000,-35.277276,149.116804,Agrotis infusa,Bogong Moth
1788434392000,-32.791058,152.111847,Agrotis infusa,Bogong Moth
1788466291000,-28.242865,153.264999,Agrotis infusa,Bogong Moth
1788466723000,-35.362187,149.045853,Agrotis infusa,Bogong Moth
1788508885000,-35.522102,148.144591,Agrotis infusa,Bogong Moth
1788509046000,-35.522102,148.144591,Agrotis infusa,Bogong Moth
1788547989000,-33.433777,149.38376,Agrotis infusa,Bogong Moth
1788556080000,-38.182586,145.119449,Agrotis infusa,Bogong Moth
1788557160000,-29.065693,152.02509,Agrotis infusa,Bogong Moth
1788557160000,-29.065693,152.02509,Agrotis infusa,Bogong Moth
1788568226000,-37.706371,145.140169,Agrotis infusa,Bogong Moth
1788597350000,-36.224803,149.127503,Agrotis infusa,Bogong Moth
1788610189000,-35.811249,148.032803,Agrotis infusa,Bogong Moth
1788626819000,-33.890006,151.11807,Agrotis infusa,Bogong Moth
1788629498000,-32.930098,151.790848,Agrotis infusa,Bogong Moth
1788632391000,-29.190825,145.05503,Agrotis infusa,Bogong Moth
1788632391000,-29.190825,145.05503,Agrotis infusa,Bogong Moth
1788640812000,-32.721795,151.518463,Agrotis infusa,Bogong Moth
1788643020000,-34.331868,150.900019,Agrotis infusa,Bogong Moth
1788649907000,-33.621842,151.339177,Agrotis infusa,Bogong Moth
1788658740000,-27.98852,153.185612,Agrotis infusa,Bogong Moth
1788690348000,-35.949639,148.178028,Agrotis infusa,Bogong Moth
1788690348000,-35.949639,148.178028,Agrotis infusa,Bogong Moth
1788696042000,-35.811213,148.032783,Agrotis infusa,Bogong Moth
1788696042000,-35.811213,148.032783,Agrotis infusa,Bogong Moth
1788701245000,-35.265055,149.069411,Agrotis infusa,Bogong Moth
1788702900000,-33.854258,151.311111,Agrotis infusa,Bogong Moth
1788772390000,-35.949542,148.1779,Agrotis infusa,Bogong Moth
1788815490000,-27.343092,151.822144,Agrotis infusa,Bogong Moth
1788825533000,-34.948178,138.617937,Agrotis infusa,Bogong Moth
1788857622000,-35.949628,148.177889,Agrotis infusa,Bogong Moth
1788872033000,-33.906904,151.245908,Agrotis infusa,Bogong Moth
1788872033000,-33.906904,151.245908,Agrotis infusa,Bogong Moth
1788892396000,-33.891078,151.248505,Agrotis infusa,Bogong Moth
1788899940000,-32.757375,138.159461,Agrotis infusa,Bogong Moth
1788944533000,-35.522102,148.144591,Agrotis infusa,Bogong Moth
1788945937000,-35.949653,148.178097,Agrotis infusa,Bogong Moth
1788949812000,-35.811293,148.032798,Agrotis infusa,Bogong Moth
1788974766000,-29.780085,151.117148,Agrotis infusa,Bogong Moth
1788974766000,-29.780085,151.117148,Agrotis infusa,Bogong Moth
1788978941000,-33.871573,151.221147,Agrotis infusa,Bogong Moth
1789110237000,-35.205456,149.208806,Agrotis infusa,Bogong Moth
1789113393000,-33.88437,151.242308,Agrotis infusa,Bogong Moth
1789113393000,-33.88437,151.242308,Agrotis infusa,Bogong Moth
1789114606000,-33.876139,151.209486,Agrotis infusa,Bogong Moth
1789150798000,-35.317033,149.157528,Agrotis infusa,Bogong Moth
1789154043000,-33.43975,141.155395,Agrotis infusa,Bogong Moth
1789196760000,-28.792415,151.877616,Agrotis infusa,Bogong Moth
1789196820000,-28.792415,151.877616,Agrotis infusa,Bogong Moth
1789206420000,-35.233672,149.090491,Agrotis infusa,Bogong Moth
1789223892000,-33.871521,151.221251,Agrotis infusa,Bogong Moth
1789238258000,-33.648958,149.965419,Agrotis infusa,Bogong Moth
1789240551000,-37.885667,144.994284,Agrotis infusa,Bogong Moth
1789240620000,-37.885667,144.99428,Agrotis infusa,Bogong Moth
1789240620000,-37.885667,144.99428,Agrotis infusa,Bogong Moth
1789245644000,-33.435047,149.575403,Agrotis infusa,Bogong Moth
1789246080000,-37.886669,144.995737,Agrotis infusa,Bogong Moth
1789246877000,-33.433732,149.383694,Agrotis infusa,Bogong Moth
1789311087000,-29.088792,141.202867,Agrotis infusa,Bogong Moth
1789311087000,-29.088792,141.202867,Agrotis infusa,Bogong Moth
1789315920000,-37.911247,145.35714,Agrotis infusa,Bogong Moth
1789316943000,-35.157958,149.058286,Agrotis infusa,Bogong Moth
1789316943000,-35.157958,149.058286,Agrotis infusa,Bogong Moth
1789322030000,-37.965649,145.01555,Agrotis infusa,Bogong Moth
1789322030000,-37.965649,145.01555,Agrotis infusa,Bogong Moth
1789332720000,-37.8382,145.217706,Agrotis infusa,Bogong Moth
1789334185000,-38.142149,145.15817,Agrotis infusa,Bogong Moth
1789334185000,-38.142149,145.15817,Agrotis infusa,Bogong Moth
1789335112000,-33.906892,151.177236,Agrotis infusa,Bogong Moth
1789336740000,-37.87,145.38,Agrotis infusa,Bogong Moth
1789337880000,-37.848362,145.194199,Agrotis infusa,Bogong Moth
1789338038000,-38.142149,145.15817,Agrotis infusa,Bogong Moth
1789338038000,-38.142149,145.15817,Agrotis infusa,Bogong Moth
1789372643000,-35.522102,148.144591,Agrotis infusa,Bogong Moth
1789372643000,-35.522102,148.144591,Agrotis infusa,Bogong Moth
1789379213000,-35.811248,148.032828,Agrotis infusa,Bogong Moth
1789382872000,-36.11131,146.845847,Agrotis infusa,Bogong Moth
1789384042000,-33.761688,140.124467,Agrotis infusa,Bogong Moth
1789391747000,-33.271912,149.077676,Agrotis infusa,Bogong Moth
1789398569000,-37.9547,144.440622,Agrotis infusa,Bogong Moth
1789402454000,-33.771305,151.294188,Agrotis infusa,Bogong Moth
1789402454000,-33.771305,151.294188,Agrotis infusa,Bogong Moth
1789402608000,-33.771183,151.294358,Agrotis infusa,Bogong Moth
1789402685000,-38.371358,144.891581,Agrotis infusa,Bogong Moth
1789402685000,-38.371358,144.891581,Agrotis infusa,Bogong Moth
1789403096000,-33.770908,151.294738,Agrotis infusa,Bogong Moth
1789403132000,-33.880374,151.259516,Agrotis infusa,Bogong Moth
1789404198000,-35.376689,150.466613,Agrotis infusa,Bogong Moth
1789406737000,-32.978342,151.734494,Agrotis infusa,Bogong Moth
1789415073000,-33.917883,151.014124,Agrotis infusa,Bogong Moth
1789415073000,-33.917883,151.014124,Agrotis infusa,Bogong Moth
1789417907000,-33.433732,149.383694,Agrotis infusa,Bogong Moth
1789418565000,-34.709671,135.849963,Agrotis infusa,Bogong Moth
1789419354000,-37.077537,144.216067,Agrotis infusa,Bogong Moth
1789421640000,-37.848362,145.194199,Agrotis infusa,Bogong Moth
1789425360000,-37.87,145.38,Agrotis infusa,Bogong Moth
1789428310000,-33.689317,150.55748,Agrotis infusa,Bogong Moth
1789428680000,-33.689137,150.557312,Agrotis infusa,Bogong Moth
1789458812000,-33.857003,151.205795,Agrotis infusa,Bogong Moth
1789458812000,-33.857003,151.205795,Agrotis infusa,Bogong Moth
1789461318000,-35.811279,148.032793,Agrotis infusa,Bogong Moth
1789462380000,-35.949581,148.177889,Agrotis infusa,Bogong Moth
1789464277000,-37.636007,145.060465,Agrotis infusa,Bogong Moth
1789471146000,-33.916237,151.166275,Agrotis infusa,Bogong Moth
1789472327000,-33.685847,151.112931,Agrotis infusa,Bogong Moth
1789487584000,-35.318843,150.472971,Agrotis infusa,Bogong Moth
1789487584000,-35.318843,150.472971,Agrotis infusa,Bogong Moth
1789487584000,-35.3189,150.472917,Agrotis infusa,Bogong Moth
1789489356000,-34.295069,150.941822,Agrotis infusa,Bogong Moth
1789490245000,-31.998762,148.408023,Agrotis infusa,Bogong Moth
1789490245000,-31.998762,148.408023,Agrotis infusa,Bogong Moth
1789496676000,-35.351523,150.468608,Agrotis infusa,Bogong Moth
1789496676000,-35.351523,150.468608,Agrotis infusa,Bogong Moth
1789500240000,-30.492767,152.4069,Agrotis infusa,Bogong Moth
1789501929000,-33.376888,149.578383,Agrotis infusa,Bogong Moth
1789505411000,-38.262225,144.488622,Agrotis infusa,Bogong Moth
1789507860000,-37.848362,145.194199,Agrotis infusa,Bogong Moth
1789507860000,-37.848362,145.194199,Agrotis infusa,Bogong Moth
1789508700000,-37.738709,144.96874,Agrotis infusa,Bogong Moth
1789508700000,-37.738709,144.96874,Agrotis infusa,Bogong Moth
1789551223000,-37.205825,145.711747,Agrotis infusa,Bogong Moth
1789559107000,-35.811319,148.032782,Agrotis infusa,Bogong Moth
1789565470000,-37.921312,147.703095,Agrotis infusa,Bogong Moth
1789569120000,-35.23909,137.04859,Agrotis infusa,Bogong Moth
1789569144000,-30.540647,151.679003,Agrotis infusa,Bogong Moth
1789570213000,-32.925686,151.768983,Agrotis infusa,Bogong Moth
1789571880000,-35.336448,149.125813,Agrotis infusa,Bogong Moth
1789575935000,-35.802577,144.221087,Agrotis infusa,Bogong Moth
1789575935000,-35.802577,144.221087,Agrotis infusa,Bogong Moth
1789584624000,-33.614326,151.021374,Agrotis infusa,Bogong Moth
1789588738000,-34.423579,150.812224,Agrotis infusa,Bogong Moth
1789588738000,-34.423579,150.812224,Agrotis infusa,Bogong Moth
1789594383000,-37.899925,145.092279,Agrotis infusa,Bogong Moth
1789597020000,-34.331868,150.900019,Agrotis infusa,Bogong Moth
1789637207000,-29.110906,147.459638,Agrotis infusa,Bogong Moth
1789641187000,-35.240843,149.073755,Agrotis infusa,Bogong Moth
1789642200000,-33.856935,151.161936,Agrotis infusa,Bogong Moth
1789642200000,-33.856935,151.161936,Agrotis infusa,Bogong Moth
1789651046000,-33.818674,151.160021,Agrotis infusa,Bogong Moth
1789654120000,-33.818826,151.159939,Agrotis infusa,Bogong Moth
1789654120000,-33.818826,151.159939,Agrotis infusa,Bogong Moth
1789657324000,-34.473999,150.851984,Agrotis infusa,Bogong Moth
1789657324000,-34.473999,150.851984,Agrotis infusa,Bogong Moth
1789658368000,-33.81875,151.160143,Agrotis infusa,Bogong Moth
1789663765000,-34.482087,150.884995,Agrotis infusa,Bogong Moth
1789669080000,-33.757444,150.620964,Agrotis infusa,Bogong Moth
1789669440000,-33.86225,151.207684,Agrotis infusa,Bogong Moth
1789669440000,-33.86225,151.207684,Agrotis infusa,Bogong Moth
1789670229000,-33.730264,150.484522,Agrotis infusa,Bogong Moth
1789670229000,-33.730264,150.484522,Agrotis infusa,Bogong Moth
1789671441000,-33.255889,151.504056,Agrotis infusa,Bogong Moth
1789713153000,-30.500221,151.668564,Agrotis infusa,Bogong Moth
1789719879000,-35.238045,149.073867,Agrotis infusa,Bogong Moth
1789722062000,-37.719406,145.12823,Agrotis infusa,Bogong Moth
1789722062000,-37.719406,145.12823,Agrotis infusa,Bogong Moth
1789722190000,-34.287895,150.939178,Agrotis infusa,Bogong Moth
1789722737000,-36.122064,146.873258,Agrotis infusa,Bogong Moth
1789734660000,-38.138249,146.494986,Agrotis infusa,Bogong Moth
1789734660000,-38.138249,146.494986,Agrotis infusa,Bogong Moth
1789741860000,-38.025263,145.337987,Agrotis infusa,Bogong Moth
1789741980000,-38.138156,146.494986,Agrotis infusa,Bogong Moth
1789748820000,-35.243863,150.527728,Agrotis infusa,Bogong Moth
1789752111000,-33.96706,151.186043,Agrotis infusa,Bogong Moth
1789756194000,-36.077244,146.925203,Agrotis infusa,Bogong Moth
1789759200000,-37.938201,143.300473,Agrotis infusa,Bogong Moth
1789761402000,-33.699672,150.53702,Agrotis infusa,Bogong Moth
1789761452000,-33.699672,150.53702,Agrotis infusa,Bogong Moth
1789761535000,-34.791513,149.623499,Agrotis infusa,Bogong Moth
1789761806000,-31.044064,149.318253,Agrotis infusa,Bogong Moth
1789765161000,-35.698135,147.611046,Agrotis infusa,Bogong Moth
1789766416000,-37.717174,143.83383,Agrotis infusa,Bogong Moth
1789772086000,-33.433712,149.383677,Agrotis infusa,Bogong Moth
1789774380000,-34.331868,150.900019,Agrotis infusa,Bogong Moth
1789776360000,-34.331868,150.900019,Agrotis infusa,Bogong Moth
1789778844000,-33.987555,151.144853,Agrotis infusa,Bogong Moth
1789778844000,-33.987555,151.144853,Agrotis infusa,Bogong Moth
1789783560000,-38.354376,146.387945,Agrotis infusa,Bogong Moth
1789815277000,-35.351025,149.089431,Agrotis infusa,Bogong Moth
1789824279000,-33.710717,151.103072,Agrotis infusa,Bogong Moth
1789824279000,-33.710717,151.103072,Agrotis infusa,Bogong Moth
1789842781000,-38.29578,145.256795,Agrotis infusa,Bogong Moth
1789847389000,-31.044025,149.318345,Agrotis infusa,Bogong Moth
1789847485000,-31.044017,149.318283,Agrotis infusa,Bogong Moth
1789847543000,-33.368408,141.171128,Agrotis infusa,Bogong Moth
1789847543000,-33.368408,141.171128,Agrotis infusa,Bogong Moth
1789849101000,-41.676931,146.9165,Agrotis infusa,Bogong Moth
1789849320000,-31.043933,149.318358,Agrotis infusa,Bogong Moth
1789849393000,-31.043975,149.318388,Agrotis infusa,Bogong Moth
1789850700000,-37.710766,145.155106,Agrotis infusa,Bogong Moth
1789851283000,-41.676931,146.9165,Agrotis infusa,Bogong Moth
1789851324000,-41.676931,146.9165,Agrotis infusa,Bogong Moth
1789851357000,-41.676931,146.9165,Agrotis infusa,Bogong Moth
1789852707000,-33.898797,151.090732,Agrotis infusa,Bogong Moth
1789854840000,-37.710766,145.155106,Agrotis infusa,Bogong Moth
1789854840000,-37.710766,145.155106,Agrotis infusa,Bogong Moth
1789854900000,-30.28788,152.737063,Agrotis infusa,Bogong Moth
1789854900000,-30.28788,152.737063,Agrotis infusa,Bogong Moth
1789854960000,-30.28788,152.737063,Agrotis infusa,Bogong Moth
1789855268000,-36.060586,141.342895,Agrotis infusa,Bogong Moth
1789858140000,-36.060533,141.342846,Agrotis infusa,Bogong Moth
1789858500000,-33.943612,151.122178,Agrotis infusa,Bogong Moth
1789865702000,-34.043834,151.084719,Agrotis infusa,Bogong Moth
1789865702000,-34.043834,151.084719,Agrotis infusa,Bogong Moth
1789869730000,-33.784503,151.192933,Agrotis infusa,Bogong Moth
1789869730000,-33.784503,151.192933,Agrotis infusa,Bogong Moth
1789872936000,-32.900104,151.663053,Agrotis infusa,Bogong Moth
1789886640000,-28.820435,153.333771,Agrotis infusa,Bogong Moth
1789887300000,-28.820435,153.333771,Agrotis infusa,Bogong Moth
1789887878000,-35.949631,148.177933,Agrotis infusa,Bogong Moth
1789887959000,-35.949631,148.177933,Agrotis infusa,Bogong Moth
1789889640000,-28.820435,153.333771,Agrotis infusa,Bogong Moth
1789889640000,-28.820435,153.333771,Agrotis infusa,Bogong Moth
1789889820000,-28.820435,153.333771,Agrotis infusa,Bogong Moth
1789890145000,-35.522102,148.144591,Agrotis infusa,Bogong Moth
1789893140000,-33.524353,150.624192,Agrotis infusa,Bogong Moth
1789894361000,-28.068742,145.682789,Agrotis infusa,Bogong Moth
1789902896000,-33.632483,150.301133,Agrotis infusa,Bogong Moth
1789903639000,-34.365336,150.894801,Agrotis infusa,Bogong Moth
1789904590000,-33.944471,151.083762,Agrotis infusa,Bogong Moth
1789904590000,-33.944471,151.083762,Agrotis infusa,Bogong Moth
1789907311000,-30.504866,151.672607,Agrotis infusa,Bogong Moth
1789910965000,-29.781136,151.346675,Agrotis infusa,Bogong Moth
1789917491000,-33.843892,151.193148,Agrotis infusa,Bogong Moth
1789917520000,-33.843776,151.193169,Agrotis infusa,Bogong Moth
1789917806000,-33.890177,151.169103,Agrotis infusa,Bogong Moth
1789917806000,-33.890177,151.169103,Agrotis infusa,Bogong Moth
1789924020000,-35.458517,149.082196,Agrotis infusa,Bogong Moth
1789926540000,-34.366141,150.900547,Agrotis infusa,Bogong Moth
1789929777000,-34.494647,150.448853,Agrotis infusa,Bogong Moth
1789929777000,-34.494647,150.448853,Agrotis infusa,Bogong Moth
1789930747000,-32.657322,151.338487,Agrotis infusa,Bogong Moth
1789930747000,-32.657322,151.338487,Agrotis infusa,Bogong Moth
1789933831000,-30.245905,146.746967,Agrotis infusa,Bogong Moth
1789933831000,-30.245905,146.746967,Agrotis infusa,Bogong Moth
1789933881000,-35.698114,147.611054,Agrotis infusa,Bogong Moth
1789934700000,-34.366141,150.900547,Agrotis infusa,Bogong Moth
1789935060000,-34.366141,150.900547,Agrotis infusa,Bogong Moth
1789935060000,-34.366141,150.900547,Agrotis infusa,Bogong Moth
1789935060000,-34.366141,150.900547,Agrotis infusa,Bogong Moth
1789935225000,-32.957805,151.703974,Agrotis infusa,Bogong Moth
1789935240000,-34.366141,150.900547,Agrotis infusa,Bogong Moth
1789935311000,-32.957716,151.703912,Agrotis infusa,Bogong Moth
1789935311000,-32.957716,151.703912,Agrotis infusa,Bogong Moth
1789938060000,-34.049479,150.887873,Agrotis infusa,Bogong Moth
1789938068000,-33.83855,151.197445,Agrotis infusa,Bogong Moth
1789938068000,-33.83855,151.197445,Agrotis infusa,Bogong Moth
1789939860000,-34.366141,150.900547,Agrotis infusa,Bogong Moth
1789939860000,-34.366141,150.900547,Agrotis infusa,Bogong Moth
1789939920000,-34.366141,150.900547,Agrotis infusa,Bogong Moth
1789939920000,-34.366141,150.900547,Agrotis infusa,Bogong Moth
1789939920000,-37.710766,145.155106,Agrotis infusa,Bogong Moth
1789939980000,-34.366141,150.900547,Agrotis infusa,Bogong Moth
1789939980000,-34.366141,150.900547,Agrotis infusa,Bogong Moth
1789940100000,-34.366141,150.900547,Agrotis infusa,Bogong Moth
1789940100000,-34.366141,150.900547,Agrotis infusa,Bogong Moth
1789940100000,-34.366141,150.900547,Agrotis infusa,Bogong Moth
1789941180000,-30.28788,152.737063,Agrotis infusa,Bogong Moth
1789942380000,-33.351135,151.439198,Agrotis infusa,Bogong Moth
1789942380000,-33.351135,151.439198,Agrotis infusa,Bogong Moth
1789942560000,-37.710766,145.155106,Agrotis infusa,Bogong Moth
1789942560000,-37.710766,145.155106,Agrotis infusa,Bogong Moth
1789942620000,-33.351135,151.439198,Agrotis infusa,Bogong Moth
1789942680000,-33.351129,151.439216,Agrotis infusa,Bogong Moth
1789943280000,-37.710766,145.155106,Agrotis infusa,Bogong Moth
1789943280000,-37.710766,145.155106,Agrotis infusa,Bogong Moth
1789946520000,-37.050886,149.91537,Agrotis infusa,Bogong Moth
1789948800000,-31.119144,150.898247,Agrotis infusa,Bogong Moth
1789948800000,-31.119144,150.898247,Agrotis infusa,Bogong Moth
1789950520000,-33.622191,151.339006,Agrotis infusa,Bogong Moth
1789950641000,-33.622262,151.339025,Agrotis infusa,Bogong Moth
1789951582000,-33.622252,151.339134,Agrotis infusa,Bogong Moth
1789976549000,-35.522102,148.144591,Agrotis infusa,Bogong Moth
1789976549000,-35.522102,148.144591,Agrotis infusa,Bogong Moth
1789977417000,-33.843781,151.251345,Agrotis infusa,Bogong Moth
1789977417000,-33.843781,151.251345,Agrotis infusa,Bogong Moth
1789979969000,-35.811302,148.032849,Agrotis infusa,Bogong Moth
1789983217000,-35.226283,147.877596,Agrotis infusa,Bogong Moth
1789985068000,-33.702959,150.37258,Agrotis infusa,Bogong Moth
1789985359000,-35.016307,150.828629,Agrotis infusa,Bogong Moth
1789989970000,-33.711704,150.447687,Agrotis infusa,Bogong Moth
1789990012000,-33.865145,151.199203,Agrotis infusa,Bogong Moth
1789991609000,-33.818571,151.309592,Agrotis infusa,Bogong Moth
1789993620000,-27.320374,153.06442,Agrotis infusa,Bogong Moth
1789993682000,-33.111617,151.646667,Agrotis infusa,Bogong Moth
1790003819000,-30.324345,149.786087,Agrotis infusa,Bogong Moth
1790007388000,-36.121975,146.87318,Agrotis infusa,Bogong Moth
1790007388000,-36.121975,146.87318,Agrotis infusa,Bogong Moth
1790012032000,-33.764415,150.648058,Agrotis infusa,Bogong Moth
1790014015000,-30.32443,149.786133,Agrotis infusa,Bogong Moth
1790014015000,-30.32443,149.786133,Agrotis infusa,Bogong Moth
1790014559000,-27.771562,153.440244,Agrotis infusa,Bogong Moth
1790016441000,-33.94658,150.855878,Agrotis infusa,Bogong Moth
1790017248000,-33.433748,149.383519,Agrotis infusa,Bogong Moth
1790018267000,-33.185378,151.560487,Agrotis infusa,Bogong Moth
1790018267000,-33.185378,151.560487,Agrotis infusa,Bogong Moth
1790019641000,-33.266105,149.100145,Agrotis infusa,Bogong Moth
1790024040000,-30.287872,152.737134,Agrotis infusa,Bogong Moth
1790025507000,-34.694024,150.847723,Agrotis infusa,Bogong Moth
1790025540000,-33.569135,150.625289,Agrotis infusa,Bogong Moth
1790025540000,-33.569135,150.625289,Agrotis infusa,Bogong Moth
1790025540000,-33.569135,150.625289,Agrotis infusa,Bogong Moth
1790026020000,-30.404149,152.864126,Agrotis infusa,Bogong Moth
1790026020000,-30.404149,152.864126,Agrotis infusa,Bogong Moth
1790027820000,-30.28788,152.737063,Agrotis infusa,Bogong Moth
1790027820000,-30.28788,152.737063,Agrotis infusa,Bogong Moth
1790029176000,-33.433745,149.383627,Agrotis infusa,Bogong Moth
1790029214000,-33.433705,149.383677,Agrotis infusa,Bogong Moth
1790030740000,-29.678401,152.938431,Agrotis infusa,Bogong Moth
1790035200000,-33.661271,151.039003,Agrotis infusa,Bogong Moth
1790035200000,-33.661271,151.039003,Agrotis infusa,Bogong Moth
1790056969000,-33.663609,151.12265,Agrotis infusa,Bogong Moth
1790060363000,-33.90103,151.136108,Agrotis infusa,Bogong Moth
1790068943000,-30.328055,149.784728,Agrotis infusa,Bogong Moth
1790072094000,-33.75419,151.228684,Agrotis infusa,Bogong Moth
1790072467000,-33.996335,151.091319,Agrotis infusa,Bogong Moth
1790072467000,-33.996335,151.091319,Agrotis infusa,Bogong Moth
1790073322000,-36.476097,148.274963,Agrotis infusa,Bogong Moth
1790073322000,-36.476097,148.274963,Agrotis infusa,Bogong Moth
1790082210000,-37.804553,144.99083,Agrotis infusa,Bogong Moth
1790083506000,-33.876028,151.21238,Agrotis infusa,Bogong Moth
1790083605000,-33.876062,151.212355,Agrotis infusa,Bogong Moth
1790087473000,-31.960158,151.431183,Agrotis infusa,Bogong Moth
1790088307000,-33.788762,151.146789,Agrotis infusa,Bogong Moth
1790088307000,-33.788762,151.146789,Agrotis infusa,Bogong Moth
1790090453000,-36.122088,146.873189,Agrotis infusa,Bogong Moth
1790098377000,-35.209645,148.999572,Agrotis infusa,Bogong Moth
1790104560000,-32.225856,152.454856,Agrotis infusa,Bogong Moth
1790104676000,-38.672922,145.620712,Agrotis infusa,Bogong Moth
1790108397000,-34.438261,150.885442,Agrotis infusa,Bogong Moth
1790110429000,-36.185898,140.661159,Agrotis infusa,Bogong Moth
1790119477000,-37.512301,143.70565,Agrotis infusa,Bogong Moth
1790134519000,-29.863967,150.578757,Agrotis infusa,Bogong Moth
1790167156000,-33.826745,151.159728,Agrotis infusa,Bogong Moth
1790167862000,-34.418014,150.759992,Agrotis infusa,Bogong Moth
1790168927000,-36.535044,144.212192,Agrotis infusa,Bogong Moth
1790173507000,-37.723747,145.053539,Agrotis infusa,Bogong Moth
1790176651000,-33.816361,151.005712,Agrotis infusa,Bogong Moth
1790178480000,-34.077535,151.165996,Agrotis infusa,Bogong Moth
1790182238000,-34.508883,150.803955,Agrotis infusa,Bogong Moth
1790182238000,-34.508883,150.803955,Agrotis infusa,Bogong Moth
1790186580000,-33.295312,148.639784,Agrotis infusa,Bogong Moth
1790186580000,-33.295312,148.639784,Agrotis infusa,Bogong Moth
1790188500000,-31.119148,150.898258,Agrotis infusa,Bogong Moth
1790188500000,-31.119148,150.898258,Agrotis infusa,Bogong Moth
1790188500000,-31.119148,150.898258,Agrotis infusa,Bogong Moth
1790188500000,-31.119148,150.898258,Agrotis infusa,Bogong Moth
1790189317000,-34.859269,149.087043,Agrotis infusa,Bogong Moth
1790189317000,-34.859269,149.087043,Agrotis infusa,Bogong Moth
1790190730000,-33.43371,149.383673,Agrotis infusa,Bogong Moth
1790190887000,-33.43374,149.383629,Agrotis infusa,Bogong Moth
1790191055000,-34.791513,149.623514,Agrotis infusa,Bogong Moth
1790193118000,-37.406683,144.979823,Agrotis infusa,Bogong Moth
1790198729000,-29.072952,153.516708,Agrotis infusa,Bogong Moth
1790198997000,-35.242622,149.067703,Agrotis infusa,Bogong Moth
1790200919000,-33.99969,151.27279,Agrotis infusa,Bogong Moth
1790203591000,-33.87646,151.206265,Agrotis infusa,Bogong Moth
1790229055000,-33.72608,150.292787,Agrotis infusa,Bogong Moth
1790229055000,-33.72608,150.292787,Agrotis infusa,Bogong Moth
1790231867000,-33.639367,150.29325,Agrotis infusa,Bogong Moth
1790236384000,-33.892397,151.121079,Agrotis infusa,Bogong Moth
1790236384000,-33.892397,151.121079,Agrotis infusa,Bogong Moth
1790236578000,-34.745903,150.825214,Agrotis infusa,Bogong Moth
1790237868000,-29.778617,151.352325,Agrotis infusa,Bogong Moth
1790241120000,-32.848682,151.459308,Agrotis infusa,Bogong Moth
1790242032000,-32.789456,151.66946,Agrotis infusa,Bogong Moth
1790250624000,-34.29707,150.942092,Agrotis infusa,Bogong Moth
1790251088000,-33.689266,150.790021,Agrotis infusa,Bogong Moth
1790253546000,-33.788344,151.366788,Agrotis infusa,Bogong Moth
1790256647000,-33.613806,150.749147,Agrotis infusa,Bogong Moth
1790257860000,-33.983155,151.058608,Agrotis infusa,Bogong Moth
1790261340000,-33.941515,151.243697,Agrotis infusa,Bogong Moth
1790262300000,-33.612524,150.74878,Agrotis infusa,Bogong Moth
1790264820000,-35.647786,150.293968,Agrotis infusa,Bogong Moth
1790265474000,-32.957331,151.714907,Agrotis infusa,Bogong Moth
1790265474000,-32.957331,151.714907,Agrotis infusa,Bogong Moth
1790265549000,-33.433805,149.383712,Agrotis infusa,Bogong Moth
1790266995000,-33.524312,150.624283,Agrotis infusa,Bogong Moth
1790268960000,-33.265547,149.09839,Agrotis infusa,Bogong Moth
1790269424000,-33.522303,151.316646,Agrotis infusa,Bogong Moth
1790269621000,-33.726138,150.292892,Agrotis infusa,Bogong Moth
1790269629000,-33.726167,150.292862,Agrotis infusa,Bogong Moth
1790273099000,-35.339263,149.283158,Agrotis infusa,Bogong Moth
1790273099000,-35.339263,149.283158,Agrotis infusa,Bogong Moth
1790273610000,-33.43371,149.383673,Agrotis infusa,Bogong Moth
1790274126000,-32.732449,152.114842,Agrotis infusa,Bogong Moth
1790275421000,-33.43379,149.383665,Agrotis infusa,Bogong Moth
1790275569000,-33.43371,149.383673,Agrotis infusa,Bogong Moth
1790275831000,-33.43371,149.383673,Agrotis infusa,Bogong Moth
1790276476000,-33.281531,149.086224,Agrotis infusa,Bogong Moth
1790276476000,-33.281531,149.086224,Agrotis infusa,Bogong Moth
1790276600000,-33.767345,150.94348,Agrotis infusa,Bogong Moth
1790276778000,-32.472102,151.462504,Agrotis infusa,Bogong Moth
1790277138000,-32.471992,151.462481,Agrotis infusa,Bogong Moth
1790277528000,-33.43371,149.383673,Agrotis infusa,Bogong Moth
1790277569000,-33.43371,149.383673,Agrotis infusa,Bogong Moth
1790277608000,-33.43371,149.383673,Agrotis infusa,Bogong Moth
1790277632000,-33.43371,149.383673,Agrotis infusa,Bogong Moth
1790278020000,-38.354376,146.387945,Agrotis infusa,Bogong Moth
1790278020000,-38.354376,146.387945,Agrotis infusa,Bogong Moth
1790279520000,-37.209993,144.61741,Agrotis infusa,Bogong Moth
1790279520000,-37.209993,144.61741,Agrotis infusa,Bogong Moth
1790280695000,-37.693861,144.741543,Agrotis infusa,Bogong Moth
1790281260000,-34.658015,150.307911,Agrotis infusa,Bogong Moth
1790281440000,-34.65803,150.307889,Agrotis infusa,Bogong Moth
1790283480000,-38.837297,146.003199,Agrotis infusa,Bogong Moth
1790284709000,-33.689328,150.557388,Agrotis infusa,Bogong Moth
1790284709000,-33.689328,150.557388,Agrotis infusa,Bogong Moth
1790284907000,-33.817457,151.3891,Agrotis infusa,Bogong Moth
1790285050000,-33.43371,149.383673,Agrotis infusa,Bogong Moth
1790285942000,-33.966314,151.122091,Agrotis infusa,Bogong Moth
1790287293000,-38.142149,145.15817,Agrotis infusa,Bogong Moth
1790287293000,-38.142149,145.15817,Agrotis infusa,Bogong Moth
1790290649000,-33.43371,149.383673,Agrotis infusa,Bogong Moth
1790309580000,-33.873605,150.854724,Agrotis infusa,Bogong Moth
1790309580000,-33.873605,150.854724,Agrotis infusa,Bogong Moth
1790319818000,-35.355011,150.46669,Agrotis infusa,Bogong Moth
1790319975000,-35.366982,149.250304,Agrotis infusa,Bogong Moth
1790319975000,-35.366982,149.250304,Agrotis infusa,Bogong Moth
1790321797000,-35.004886,150.720597,Agrotis infusa,Bogong Moth
1790321947000,-33.504181,150.707321,Agrotis infusa,Bogong Moth
1790322180000,-33.702141,150.959978,Agrotis infusa,Bogong Moth
1790322180000,-33.702141,150.959978,Agrotis infusa,Bogong Moth
1790322600000,-33.720557,150.310474,Agrotis infusa,Bogong Moth
1790322705000,-35.275728,149.127235,Agrotis infusa,Bogong Moth
1790322705000,-35.275728,149.127235,Agrotis infusa,Bogong Moth
1790322834000,-34.136719,150.639394,Agrotis infusa,Bogong Moth
1790324038000,-35.275833,149.12736,Agrotis infusa,Bogong Moth
1790324210000,-33.73258,151.081375,Agrotis infusa,Bogong Moth
1790324459000,-33.83175,151.075133,Agrotis infusa,Bogong Moth
1790325120000,-36.620013,148.683511,Agrotis infusa,Bogong Moth
1790325684000,-36.198425,147.901887,Agrotis infusa,Bogong Moth
1790327561000,-35.078279,150.688194,Agrotis infusa,Bogong Moth
1790328647000,-35.736162,150.201553,Agrotis infusa,Bogong Moth
1790328660000,-33.988154,150.811871,Agrotis infusa,Bogong Moth
1790328723000,-34.466933,150.43695,Agrotis infusa,Bogong Moth
1790329079000,-34.30522,150.929845,Agrotis infusa,Bogong Moth
1790331780000,-33.727329,150.293746,Agrotis infusa,Bogong Moth
1790331780000,-33.727329,150.293746,Agrotis infusa,Bogong Moth
1790332643000,-35.291095,149.141831,Agrotis infusa,Bogong Moth
1790333032000,-34.850903,150.545768,Agrotis infusa,Bogong Moth
1790333032000,-34.850903,150.545768,Agrotis infusa,Bogong Moth
1790333804000,-32.225825,152.454788,Agrotis infusa,Bogong Moth
1790334127000,-33.885246,150.701801,Agrotis infusa,Bogong Moth
1790334127000,-33.885246,150.701801,Agrotis infusa,Bogong Moth
1790334141000,-33.885236,150.701822,Agrotis infusa,Bogong Moth
1790334480000,-33.528335,151.348241,Agrotis infusa,Bogong Moth
1790334480000,-33.528335,151.348241,Agrotis infusa,Bogong Moth
1790334686000,-34.861107,150.579776,Agrotis infusa,Bogong Moth
1790335263000,-36.381776,150.056713,Agrotis infusa,Bogong Moth
1790335381000,-33.888262,151.17688,Agrotis infusa,Bogong Moth
1790335381000,-33.888262,151.17688,Agrotis infusa,Bogong Moth
1790338080000,-36.85304,149.924686,Agrotis infusa,Bogong Moth
1790338920000,-33.762602,151.135178,Agrotis infusa,Bogong Moth
1790339068000,-33.762555,151.135067,Agrotis infusa,Bogong Moth
1790340724000,-32.648413,149.036195,Agrotis infusa,Bogong Moth
1790340724000,-32.648413,149.036195,Agrotis infusa,Bogong Moth
1790343027000,-33.672208,150.500828,Agrotis infusa,Bogong Moth
1790343027000,-33.672208,150.500828,Agrotis infusa,Bogong Moth
1790343442000,-36.88834,149.919295,Agrotis infusa,Bogong Moth
1790343442000,-36.88834,149.919295,Agrotis infusa,Bogong Moth
1790345192000,-33.944481,151.083773,Agrotis infusa,Bogong Moth
1790345470000,-33.944476,151.083778,Agrotis infusa,Bogong Moth
1790346056000,-33.944438,151.083777,Agrotis infusa,Bogong Moth
1790346056000,-33.944438,151.083777,Agrotis infusa,Bogong Moth
1790346061000,-34.656919,150.296733,Agrotis infusa,Bogong Moth
1790346061000,-34.656917,150.29673,Agrotis infusa,Bogong Moth
1790346465000,-35.917894,150.140683,Agrotis infusa,Bogong Moth
1790346465000,-35.917894,150.140683,Agrotis infusa,Bogong Moth
1790347073000,-34.423021,150.874999,Agrotis infusa,Bogong Moth
1790347320000,-35.238142,149.083838,Agrotis infusa,Bogong Moth
1790348655000,-35.827,150.194811,Agrotis infusa,Bogong Moth
1790348655000,-35.827,150.194811,Agrotis infusa,Bogong Moth
1790348762000,-35.827008,150.194792,Agrotis infusa,Bogong Moth
1790349453000,-33.825108,151.240128,Agrotis infusa,Bogong Moth
1790350442000,-36.305122,150.127578,Agrotis infusa,Bogong Moth
1790350680000,-36.814442,149.937272,Agrotis infusa,Bogong Moth
1790350860000,-33.53904,150.422102,Agrotis infusa,Bogong Moth
1790350860000,-33.53904,150.422102,Agrotis infusa,Bogong Moth
1790350875000,-33.302873,151.542101,Agrotis infusa,Bogong Moth
1790351934000,-35.101619,150.654938,Agrotis infusa,Bogong Moth
1790352346000,-33.684548,150.348298,Agrotis infusa,Bogong Moth
1790352360000,-33.766426,151.151633,Agrotis infusa,Bogong Moth
1790352631000,-34.303279,148.310137,Agrotis infusa,Bogong Moth
1790352695000,-34.385442,150.908956,Agrotis infusa,Bogong Moth
1790353200000,-32.561074,151.418785,Agrotis infusa,Bogong Moth
1790354519000,-35.057511,150.672634,Agrotis infusa,Bogong Moth
1790354579000,-35.37168,149.201645,Agrotis infusa,Bogong Moth
1790354618000,-33.771871,151.25681,Agrotis infusa,Bogong Moth
1790354618000,-33.771871,151.25681,Agrotis infusa,Bogong Moth
1790356158000,-33.680043,150.343125,Agrotis infusa,Bogong Moth
1790356194000,-33.89143,151.163911,Agrotis infusa,Bogong Moth
1790356194000,-33.89143,151.163911,Agrotis infusa,Bogong Moth
1790356488000,-35.505418,147.107052,Agrotis infusa,Bogong Moth
1790356551000,-35.505449,147.107088,Agrotis infusa,Bogong Moth
1790357324000,-35.354797,149.037553,Agrotis infusa,Bogong Moth
1790357891000,-33.764186,150.64771,Agrotis infusa,Bogong Moth
1790358300000,-35.391447,149.063061,Agrotis infusa,Bogong Moth
1790358570000,-36.19825,147.901795,Agrotis infusa,Bogong Moth
1790358600000,-32.402989,151.752448,Agrotis infusa,Bogong Moth
1790358705000,-35.415385,149.139729,Agrotis infusa,Bogong Moth
1790358900000,-35.113458,149.027175,Agrotis infusa,Bogong Moth
1790359560000,-35.384312,150.456253,Agrotis infusa,Bogong Moth
1790360653000,-32.313537,151.799933,Agrotis infusa,Bogong Moth
1790360653000,-32.313537,151.799933,Agrotis infusa,Bogong Moth
1790361044000,-32.894696,151.687146,Agrotis infusa,Bogong Moth
1790362320000,-35.240736,149.144964,Agrotis infusa,Bogong Moth
1790362680000,-38.354376,146.387945,Agrotis infusa,Bogong Moth
1790362796000,-41.676961,146.916503,Agrotis infusa,Bogong Moth
1790362948000,-33.43371,149.383673,Agrotis infusa,Bogong Moth
1790362968000,-41.676917,146.916456,Agrotis infusa,Bogong Moth
1790362968000,-41.676917,146.916456,Agrotis infusa,Bogong Moth
1790362969000,-33.43371,149.383673,Agrotis infusa,Bogong Moth
1790363002000,-33.43371,149.383673,Agrotis infusa,Bogong Moth
1790363002000,-33.43371,149.383673,Agrotis infusa,Bogong Moth
1790363069000,-33.43371,149.383673,Agrotis infusa,Bogong Moth
1790363139000,-33.43371,149.383673,Agrotis infusa,Bogong Moth
1790363163000,-33.43371,149.383673,Agrotis infusa,Bogong Moth
1790363255000,-33.43371,149.383673,Agrotis infusa,Bogong Moth
1790363289000,-33.43371,149.383673,Agrotis infusa,Bogong Moth
1790363459000,-33.43371,149.383673,Agrotis infusa,Bogong Moth
1790363491000,-33.732167,150.312592,Agrotis infusa,Bogong Moth
1790363956000,-33.982525,151.242762,Agrotis infusa,Bogong Moth
1790363956000,-33.982525,151.242762,Agrotis infusa,Bogong Moth
1790364374000,-36.430923,150.067552,Agrotis infusa,Bogong Moth
1790364374000,-36.430923,150.067552,Agrotis infusa,Bogong Moth
1790366203000,-33.703316,150.340768,Agrotis infusa,Bogong Moth
1790366226000,-33.799682,150.3059,Agrotis infusa,Bogong Moth
1790367626000,-33.705517,150.338294,Agrotis infusa,Bogong Moth
1790367801000,-33.705522,150.338317,Agrotis infusa,Bogong Moth
1790368060000,-33.705956,150.338236,Agrotis infusa,Bogong Moth
1790368112000,-41.676944,146.916492,Agrotis infusa,Bogong Moth
1790368112000,-41.676944,146.916492,Agrotis infusa,Bogong Moth
1790368200000,-38.182586,145.119449,Agrotis infusa,Bogong Moth
1790368200000,-38.182586,145.119449,Agrotis infusa,Bogong Moth
1790368285000,-33.706188,150.338148,Agrotis infusa,Bogong Moth
1790368304000,-33.706442,150.337833,Agrotis infusa,Bogong Moth
1790368532000,-35.228932,149.163464,Agrotis infusa,Bogong Moth
1790369192000,-35.319183,150.46933,Agrotis infusa,Bogong Moth
1790370801000,-34.042366,151.123283,Agrotis infusa,Bogong Moth
1790370801000,-34.042366,151.123283,Agrotis infusa,Bogong Moth
1790371200000,-35.509112,143.876587,Agrotis infusa,Bogong Moth
1790371411000,-33.787073,150.901584,Agrotis infusa,Bogong Moth
1790371802000,-33.920454,150.86421,Agrotis infusa,Bogong Moth
1790371802000,-33.920454,150.86421,Agrotis infusa,Bogong Moth
1790373117000,-33.43371,149.383673,Agrotis infusa,Bogong Moth
1790373117000,-33.43371,149.383673,Agrotis infusa,Bogong Moth
1790373350000,-35.291613,149.142258,Agrotis infusa,Bogong Moth
1790373360000,-37.848362,145.194199,Agrotis infusa,Bogong Moth
1790373964000,-33.715062,150.299072,Agrotis infusa,Bogong Moth
1790374001000,-33.715,150.299042,Agrotis infusa,Bogong Moth
1790374061000,-33.714988,150.299028,Agrotis infusa,Bogong Moth
1790375160000,-35.066706,147.344494,Agrotis infusa,Bogong Moth
1790375580000,-35.066717,147.344516,Agrotis infusa,Bogong Moth
1790375700000,-37.87,145.38,Agrotis infusa,Bogong Moth
1790376120000,-34.140525,141.346272,Agrotis infusa,Bogong Moth
1790376720000,-34.140525,141.346272,Agrotis infusa,Bogong Moth
1790376800000,-33.669195,151.112929,Agrotis infusa,Bogong Moth
1790377662000,-34.861102,150.57976,Agrotis infusa,Bogong Moth
1790379060000,-35.509112,143.876587,Agrotis infusa,Bogong Moth
1790382099000,-33.886333,151.10852,Agrotis infusa,Bogong Moth
1790383140000,-30.287872,152.737134,Agrotis infusa,Bogong Moth
1790383140000,-30.287872,152.737134,Agrotis infusa,Bogong Moth
1790395920000,-38.354376,146.387945,Agrotis infusa,Bogong Moth
1790395920000,-38.354376,146.387945,Agrotis infusa,Bogong Moth
1790400718000,-34.907166,150.748057,Agrotis infusa,Bogong Moth
1790400838000,-33.842552,151.251103,Agrotis infusa,Bogong Moth
1790402519000,-36.002636,150.144347,Agrotis infusa,Bogong Moth
1790405840000,-35.832462,150.017976,Agrotis infusa,Bogong Moth
1790405877000,-33.957912,151.23117,Agrotis infusa,Bogong Moth
1790406043000,-34.73778,150.829362,Agrotis infusa,Bogong Moth
1790406043000,-34.73778,150.829362,Agrotis infusa,Bogong Moth
1790406266000,-34.737725,150.829253,Agrotis infusa,Bogong Moth
1790407888000,-33.698837,151.106003,Agrotis infusa,Bogong Moth
1790407938000,-36.783679,149.667627,Agrotis infusa,Bogong Moth
1790407938000,-36.783679,149.667627,Agrotis infusa,Bogong Moth
1790409508000,-33.901987,151.135606,Agrotis infusa,Bogong Moth
1790409508000,-33.901987,151.135606,Agrotis infusa,Bogong Moth
1790410990000,-35.256908,149.069472,Agrotis infusa,Bogong Moth
1790411855000,-33.692995,150.548605,Agrotis infusa,Bogong Moth
1790411855000,-33.692995,150.548605,Agrotis infusa,Bogong Moth
1790411876000,-33.957912,151.23117,Agrotis infusa,Bogong Moth
1790411876000,-33.957912,151.23117,Agrotis infusa,Bogong Moth
1790413020000,-33.753336,151.087251,Agrotis infusa,Bogong Moth
1790414040000,-33.719303,150.608581,Agrotis infusa,Bogong Moth
1790414076000,-33.288417,151.595173,Agrotis infusa,Bogong Moth
1790414160000,-33.719311,150.608581,Agrotis infusa,Bogong Moth
1790414952000,-35.809595,145.567122,Agrotis infusa,Bogong Moth
1790414952000,-35.809595,145.567122,Agrotis infusa,Bogong Moth
1790415513000,-36.169617,150.124925,Agrotis infusa,Bogong Moth
1790415660000,-33.985508,151.235262,Agrotis infusa,Bogong Moth
1790416190000,-35.839501,149.138669,Agrotis infusa,Bogong Moth
1790416269000,-35.257275,150.522408,Agrotis infusa,Bogong Moth
1790416571000,-35.852795,149.04674,Agrotis infusa,Bogong Moth
1790416831000,-34.858324,150.579251,Agrotis infusa,Bogong Moth
1790416831000,-34.858324,150.579251,Agrotis infusa,Bogong Moth
1790416847000,-36.050041,150.125589,Agrotis infusa,Bogong Moth
1790416905000,-34.70278,150.156753,Agrotis infusa,Bogong Moth
1790417210000,-33.539299,150.422149,Agrotis infusa,Bogong Moth
1790417740000,-34.424542,150.90105,Agrotis infusa,Bogong Moth
1790417740000,-34.424542,150.90105,Agrotis infusa,Bogong Moth
1790418451000,-34.029945,151.064707,Agrotis infusa,Bogong Moth
1790418496000,-36.229456,150.126883,Agrotis infusa,Bogong Moth
1790419893000,-33.902808,151.167542,Agrotis infusa,Bogong Moth
1790419893000,-33.902808,151.167542,Agrotis infusa,Bogong Moth
1790420100000,-37.244273,149.902801,Agrotis infusa,Bogong Moth
1790420532000,-32.720783,152.0206,Agrotis infusa,Bogong Moth
1790420739000,-36.371969,146.2886,Agrotis infusa,Bogong Moth
1790421754000,-36.816052,145.179672,Agrotis infusa,Bogong Moth
1790421754000,-36.816052,145.179672,Agrotis infusa,Bogong Moth
1790422412000,-36.742093,149.981666,Agrotis infusa,Bogong Moth
1790422468000,-34.668628,150.719055,Agrotis infusa,Bogong Moth
1790422608000,-35.387108,149.05116,Agrotis infusa,Bogong Moth
1790422860000,-33.384922,151.354865,Agrotis infusa,Bogong Moth
1790422867000,-34.07083,150.726222,Agrotis infusa,Bogong Moth
1790423219000,-33.708267,150.797003,Agrotis infusa,Bogong Moth
1790423527000,-35.068986,150.658679,Agrotis infusa,Bogong Moth
1790424005000,-32.776076,151.337416,Agrotis infusa,Bogong Moth
1790424005000,-32.776076,151.337416,Agrotis infusa,Bogong Moth
1790424150000,-33.879269,151.119709,Agrotis infusa,Bogong Moth
1790424339000,-35.340765,149.03922,Agrotis infusa,Bogong Moth
1790424356000,-33.899806,151.184893,Agrotis infusa,Bogong Moth
1790425089000,-32.856694,151.397302,Agrotis infusa,Bogong Moth
1790425219000,-33.488322,151.330307,Agrotis infusa,Bogong Moth
1790425644000,-33.732362,150.31247,Agrotis infusa,Bogong Moth
1790425644000,-33.732362,150.31247,Agrotis infusa,Bogong Moth
1790425726000,-33.498884,151.419745,Agrotis infusa,Bogong Moth
1790425726000,-33.498884,151.419745,Agrotis infusa,Bogong Moth
1790425901000,-33.891892,151.065258,Agrotis infusa,Bogong Moth
1790425901000,-33.891892,151.065258,Agrotis infusa,Bogong Moth
1790426040000,-33.718964,150.608581,Agrotis infusa,Bogong Moth
1790426330000,-33.697892,150.639428,Agrotis infusa,Bogong Moth
1790426509000,-33.69792,150.6398,Agrotis infusa,Bogong Moth
1790426532000,-35.81127,148.032809,Agrotis infusa,Bogong Moth
1790426532000,-35.81127,148.032809,Agrotis infusa,Bogong Moth
1790426676000,-35.086336,150.599115,Agrotis infusa,Bogong Moth
1790426977000,-35.086178,150.599111,Agrotis infusa,Bogong Moth
1790427042000,-35.334488,149.084214,Agrotis infusa,Bogong Moth
1790427100000,-35.735683,150.2014,Agrotis infusa,Bogong Moth
1790427936000,-33.41838,151.44127,Agrotis infusa,Bogong Moth
1790428274000,-34.088004,151.154845,Agrotis infusa,Bogong Moth
1790428305000,-34.418075,150.896775,Agrotis infusa,Bogong Moth
1790428312000,-33.82397,151.19417,Agrotis infusa,Bogong Moth
1790428338000,-33.917162,151.112,Agrotis infusa,Bogong Moth
1790428711000,-34.416038,150.895247,Agrotis infusa,Bogong Moth
1790428711000,-34.416038,150.895247,Agrotis infusa,Bogong Moth
1790429344000,-35.258535,149.081547,Agrotis infusa,Bogong Moth
1790429544000,-33.658321,151.014953,Agrotis infusa,Bogong Moth
1790429676000,-33.524362,150.624313,Agrotis infusa,Bogong Moth
1790429698000,-33.454597,151.444533,Agrotis infusa,Bogong Moth
1790430525000,-35.312331,150.462725,Agrotis infusa,Bogong Moth
1790430621000,-34.020929,151.09545,Agrotis infusa,Bogong Moth
1790431205000,-34.394505,150.894238,Agrotis infusa,Bogong Moth
1790431619000,-34.39467,150.895135,Agrotis infusa,Bogong Moth
1790432507000,-34.394361,150.894155,Agrotis infusa,Bogong Moth
1790432640000,-34.340154,150.907985,Agrotis infusa,Bogong Moth
1790432937000,-33.826503,151.190917,Agrotis infusa,Bogong Moth
1790433000000,-35.348649,149.049416,Agrotis infusa,Bogong Moth
1790433989000,-34.421595,150.899689,Agrotis infusa,Bogong Moth
1790434532000,-33.957753,151.140031,Agrotis infusa,Bogong Moth
1790434532000,-33.957753,151.140031,Agrotis infusa,Bogong Moth
1790435244000,-34.623955,150.371338,Agrotis infusa,Bogong Moth
1790435404000,-33.41,151.44,Agrotis infusa,Bogong Moth
1790435410000,-34.044672,151.14128,Agrotis infusa,Bogong Moth
1790435410000,-34.044672,151.14128,Agrotis infusa,Bogong Moth
1790435520000,-34.083882,151.028226,Agrotis infusa,Bogong Moth
1790435842000,-34.623955,150.371322,Agrotis infusa,Bogong Moth
1790435940000,-35.716369,150.252472,Agrotis infusa,Bogong Moth
1790435940000,-36.196689,147.902286,Agrotis infusa,Bogong Moth
1790436040000,-36.054069,150.138625,Agrotis infusa,Bogong Moth
1790436358000,-34.599711,150.960803,Agrotis infusa,Bogong Moth
1790436600000,-34.411083,150.880456,Agrotis infusa,Bogong Moth
1790437295000,-33.352119,151.439377,Agrotis infusa,Bogong Moth
1790437543000,-34.422031,150.8976,Agrotis infusa,Bogong Moth
1790437560000,-32.505424,152.27655,Agrotis infusa,Bogong Moth
1790437764000,-35.300378,148.21855,Agrotis infusa,Bogong Moth
1790437764000,-35.300378,148.21855,Agrotis infusa,Bogong Moth
1790438711000,-33.756897,150.61043,Agrotis infusa,Bogong Moth
1790439086000,-33.630729,151.32507,Agrotis infusa,Bogong Moth
1790439194000,-33.717548,150.725528,Agrotis infusa,Bogong Moth
1790439840000,-33.432897,149.384142,Agrotis infusa,Bogong Moth
1790440076000,-33.894797,151.197708,Agrotis infusa,Bogong Moth
1790440646000,-34.135325,151.0849,Agrotis infusa,Bogong Moth
1790440725000,-34.293414,150.941193,Agrotis infusa,Bogong Moth
1790441174000,-33.785418,151.205801,Agrotis infusa,Bogong Moth
1790441296000,-34.764522,150.7798,Agrotis infusa,Bogong Moth
1790442125000,-35.31208,149.036606,Agrotis infusa,Bogong Moth
1790442284000,-33.504048,151.32612,Agrotis infusa,Bogong Moth
1790442936000,-33.915358,151.166808,Agrotis infusa,Bogong Moth
1790443260000,-33.925808,151.037263,Agrotis infusa,Bogong Moth
1790443474000,-34.468583,150.439372,Agrotis infusa,Bogong Moth
1790443513000,-34.033089,151.084297,Agrotis infusa,Bogong Moth
1790443671000,-33.869855,150.925977,Agrotis infusa,Bogong Moth
1790443682000,-34.242083,150.887087,Agrotis infusa,Bogong Moth
1790443687000,-35.255937,150.522988,Agrotis infusa,Bogong Moth
1790444394000,-33.835601,151.082689,Agrotis infusa,Bogong Moth
1790444756000,-33.644355,151.044783,Agrotis infusa,Bogong Moth
1790444864000,-33.659406,151.120516,Agrotis infusa,Bogong Moth
1790445101000,-33.987462,151.039665,Agrotis infusa,Bogong Moth
1790445101000,-33.987462,151.039665,Agrotis infusa,Bogong Moth
1790445118000,-34.079914,150.788422,Agrotis infusa,Bogong Moth
1790445167000,-33.98434,151.0835,Agrotis infusa,Bogong Moth
1790445184000,-33.774307,150.636686,Agrotis infusa,Bogong Moth
1790445410000,-33.247652,151.283862,Agrotis infusa,Bogong Moth
1790445542000,-33.720853,150.424378,Agrotis infusa,Bogong Moth
1790445660000,-34.032415,151.079237,Agrotis infusa,Bogong Moth
1790446200000,-32.822077,151.488982,Agrotis infusa,Bogong Moth
1790446224000,-29.750555,151.097017,Agrotis infusa,Bogong Moth
1790446342000,-34.611169,150.853277,Agrotis infusa,Bogong Moth
1790446342000,-34.611169,150.853277,Agrotis infusa,Bogong Moth
1790446345000,-33.621762,150.302138,Agrotis infusa,Bogong Moth
1790446589000,-33.706192,151.093536,Agrotis infusa,Bogong Moth
1790446875000,-33.398394,151.348586,Agrotis infusa,Bogong Moth
1790446895000,-33.736787,151.124364,Agrotis infusa,Bogong Moth
1790447075000,-33.644351,151.109525,Agrotis infusa,Bogong Moth
1790447280000,-33.749998,151.068042,Agrotis infusa,Bogong Moth
1790447923000,-34.039677,151.065445,Agrotis infusa,Bogong Moth
1790448000000,-33.698369,151.326459,Agrotis infusa,Bogong Moth
1790448291000,-33.433712,149.383697,Agrotis infusa,Bogong Moth
1790448319000,-33.744276,151.276936,Agrotis infusa,Bogong Moth
1790448789000,-34.195297,150.567097,Agrotis infusa,Bogong Moth
1790449045000,-35.256905,149.06952,Agrotis infusa,Bogong Moth
1790449157000,-37.876928,145.293564,Agrotis infusa,Bogong Moth
1790449745000,-33.263331,151.525501,Agrotis infusa,Bogong Moth
1790450054000,-34.425551,150.870588,Agrotis infusa,Bogong Moth
1790450340000,-33.852613,150.842254,Agrotis infusa,Bogong Moth
1790450340000,-33.852613,150.842254,Agrotis infusa,Bogong Moth
1790450757000,-35.036324,138.912637,Agrotis infusa,Bogong Moth
1790450808000,-33.76192,150.686653,Agrotis infusa,Bogong Moth
1790450808000,-33.76192,150.686653,Agrotis infusa,Bogong Moth
1790451242000,-33.433731,149.383716,Agrotis infusa,Bogong Moth
1790451264000,-33.433752,149.383637,Agrotis infusa,Bogong Moth
1790452193000,-33.433752,149.383637,Agrotis infusa,Bogong Moth
1790452193000,-33.433752,149.383637,Agrotis infusa,Bogong Moth
1790452564000,-33.71558,150.602913,Agrotis infusa,Bogong Moth
1790452564000,-33.71558,150.602913,Agrotis infusa,Bogong Moth
1790453206000,-38.366914,145.045985,Agrotis infusa,Bogong Moth
1790453779000,-33.77219,151.102778,Agrotis infusa,Bogong Moth
1790453817000,-25.244828,130.9841,Agrotis infusa,Bogong Moth
1790454611000,-34.756693,149.696764,Agrotis infusa,Bogong Moth
1790455040000,-35.256922,149.069472,Agrotis infusa,Bogong Moth
1790455040000,-35.256922,149.069472,Agrotis infusa,Bogong Moth
1790455899000,-33.69965,150.536972,Agrotis infusa,Bogong Moth
1790455906000,-33.69965,150.536972,Agrotis infusa,Bogong Moth
1790455916000,-33.69965,150.536972,Agrotis infusa,Bogong Moth
1790455919000,-33.69965,150.536972,Agrotis infusa,Bogong Moth
1790455950000,-33.69965,150.536972,Agrotis infusa,Bogong Moth
1790455951000,-33.69965,150.536972,Agrotis infusa,Bogong Moth
1790455986000,-33.69965,150.536972,Agrotis infusa,Bogong Moth
1790455987000,-33.69965,150.536972,Agrotis infusa,Bogong Moth
1790455998000,-33.69965,150.536972,Agrotis infusa,Bogong Moth
1790456160000,-35.254995,149.149498,Agrotis infusa,Bogong Moth
1790456472000,-33.756069,151.110953,Agrotis infusa,Bogong Moth
1790456760000,-35.428057,149.132107,Agrotis infusa,Bogong Moth
1790457826000,-32.683512,151.357183,Agrotis infusa,Bogong Moth
1790458556000,-33.578572,151.287685,Agrotis infusa,Bogong Moth
1790458736000,-33.249312,151.444275,Agrotis infusa,Bogong Moth
1790458765000,-35.174133,149.143067,Agrotis infusa,Bogong Moth
1790461001000,-33.744797,150.472972,Agrotis infusa,Bogong Moth
1790462504000,-33.365403,151.277175,Agrotis infusa,Bogong Moth
1790462504000,-33.365403,151.277175,Agrotis infusa,Bogong Moth
1790462820000,-33.433731,149.383716,Agrotis infusa,Bogong Moth
1790463445000,-33.945909,150.639095,Agrotis infusa,Bogong Moth
1790464050000,-33.71755,150.725541,Agrotis infusa,Bogong Moth
1790464469000,-34.286955,150.943222,Agrotis infusa,Bogong Moth
1790464569000,-33.461937,151.436206,Agrotis infusa,Bogong Moth
1790464572000,-34.286928,150.94307,Agrotis infusa,Bogong Moth
1790468687000,-33.710924,151.108415,Agrotis infusa,Bogong Moth
1790468687000,-33.710924,151.108415,Agrotis infusa,Bogong Moth
1790471873000,-33.892468,151.121485,Agrotis infusa,Bogong Moth
1790471873000,-33.892468,151.121485,Agrotis infusa,Bogong Moth
1790486275000,-33.792762,151.240804,Agrotis infusa,Bogong Moth
1790492043000,-33.524968,150.67001,Agrotis infusa,Bogong Moth
1790493790000,-32.408638,151.755875,Agrotis infusa,Bogong Moth
1790494503000,-33.549747,150.807542,Agrotis infusa,Bogong Moth
1790495396000,-35.79892,150.227273,Agrotis infusa,Bogong Moth
1790496488000,-32.906023,151.750072,Agrotis infusa,Bogong Moth
1790496949000,-34.085641,151.158087,Agrotis infusa,Bogong Moth
1790497483000,-33.725617,151.128114,Agrotis infusa,Bogong Moth
1790497560000,-33.92645,151.163717,Agrotis infusa,Bogong Moth
1790498981000,-35.259455,149.150601,Agrotis infusa,Bogong Moth
1790498981000,-35.259455,149.150601,Agrotis infusa,Bogong Moth
1790499060000,-33.641496,150.796648,Agrotis infusa,Bogong Moth
1790499664000,-33.733689,151.169689,Agrotis infusa,Bogong Moth
1790499664000,-33.733689,151.169689,Agrotis infusa,Bogong Moth
1790499678000,-33.774377,151.07439,Agrotis infusa,Bogong Moth
1790499678000,-33.774377,151.07439,Agrotis infusa,Bogong Moth
1790500761000,-33.735295,151.082414,Agrotis infusa,Bogong Moth
1790501852000,-35.281108,148.537737,Agrotis infusa,Bogong Moth
1790502122000,-35.231613,149.160461,Agrotis infusa,Bogong Moth
1790502514000,-33.34273,151.499955,Agrotis infusa,Bogong Moth
1790502514000,-33.34273,151.499955,Agrotis infusa,Bogong Moth
1790502702000,-33.687572,151.286622,Agrotis infusa,Bogong Moth
1790503800000,-32.923253,147.709656,Agrotis infusa,Bogong Moth
1790504014000,-33.244259,149.432646,Agrotis infusa,Bogong Moth
1790504520000,-32.923328,147.709428,Agrotis infusa,Bogong Moth
1790504520000,-32.923314,147.709533,Agrotis infusa,Bogong Moth
1790504714000,-38.365138,144.755797,Agrotis infusa,Bogong Moth
1790504714000,-38.365138,144.755797,Agrotis infusa,Bogong Moth
1790505029000,-34.039776,151.065506,Agrotis infusa,Bogong Moth
1790505120000,-32.923381,147.709519,Agrotis infusa,Bogong Moth
1790505308000,-33.715147,150.430603,Agrotis infusa,Bogong Moth
1790507514000,-33.73594,150.918433,Agrotis infusa,Bogong Moth
1790508417000,-32.881921,151.616472,Agrotis infusa,Bogong Moth
1790509578000,-33.760425,151.283905,Agrotis infusa,Bogong Moth
1790509984000,-33.881397,151.276914,Agrotis infusa,Bogong Moth
1790510201000,-33.89388,151.152164,Agrotis infusa,Bogong Moth
1790512405000,-33.801192,149.899946,Agrotis infusa,Bogong Moth
1790513708000,-33.711825,150.558044,Agrotis infusa,Bogong Moth
1790513708000,-33.711825,150.558044,Agrotis infusa,Bogong Moth
1790513784000,-33.822247,151.185883,Agrotis infusa,Bogong Moth
1790516879000,-33.733689,151.169688,Agrotis infusa,Bogong Moth
1790517553000,-33.799122,151.170506,Agrotis infusa,Bogong Moth
1790519034000,-34.095101,151.161261,Agrotis infusa,Bogong Moth
1790519034000,-34.095101,151.161261,Agrotis infusa,Bogong Moth
1790519371000,-36.436313,150.056795,Agrotis infusa,Bogong Moth
1790519557000,-33.905463,151.253852,Agrotis infusa,Bogong Moth
1790519628000,-33.90748,150.922363,Agrotis infusa,Bogong Moth
1790520780000,-33.799401,151.284689,Agrotis infusa,Bogong Moth
1790520873000,-31.080918,150.942707,Agrotis infusa,Bogong Moth
1790521039000,-33.998511,150.902698,Agrotis infusa,Bogong Moth
1790523000000,-37.790381,148.780456,Agrotis infusa,Bogong Moth
1790523000000,-37.790381,148.780456,Agrotis infusa,Bogong Moth
1790523818000,-33.71927,150.708755,Agrotis infusa,Bogong Moth
1790524757000,-31.643188,152.835128,Agrotis infusa,Bogong Moth
1790526971000,-33.424386,149.563731,Agrotis infusa,Bogong Moth
1790528494000,-34.058239,151.084397,Agrotis infusa,Bogong Moth
1790529237000,-33.958447,151.072892,Agrotis infusa,Bogong Moth
1790529237000,-33.958447,151.072892,Agrotis infusa,Bogong Moth
1790529691000,-32.927991,151.775274,Agrotis infusa,Bogong Moth
1790529788000,-33.694669,150.823415,Agrotis infusa,Bogong Moth
1790530019000,-33.770327,151.278345,Agrotis infusa,Bogong Moth
1790530019000,-33.770327,151.278345,Agrotis infusa,Bogong Moth
1790530157000,-30.526194,151.647478,Agrotis infusa,Bogong Moth
1790530333000,-34.088061,150.804475,Agrotis infusa,Bogong Moth
1790530430000,-34.44642,147.53418,Agrotis infusa,Bogong Moth
1790531273000,-34.095214,150.81468,Agrotis infusa,Bogong Moth
1790532001000,-33.778269,150.902964,Agrotis infusa,Bogong Moth
1790532139000,-33.827387,151.266113,Agrotis infusa,Bogong Moth
1790532139000,-33.827387,151.266113,Agrotis infusa,Bogong Moth
1790532207000,-34.079922,150.788405,Agrotis infusa,Bogong Moth
1790532516000,-33.733402,150.717772,Agrotis infusa,Bogong Moth
1790532525000,-33.894689,151.197642,Agrotis infusa,Bogong Moth
1790532525000,-33.894689,151.197642,Agrotis infusa,Bogong Moth
1790532686000,-33.740363,150.726331,Agrotis infusa,Bogong Moth
1790532977000,-35.309167,148.21927,Agrotis infusa,Bogong Moth
1790533164000,-34.884026,150.598572,Agrotis infusa,Bogong Moth
1790533164000,-34.884026,150.598572,Agrotis infusa,Bogong Moth
1790533980000,-34.073836,150.847092,Agrotis infusa,Bogong Moth
1790534804000,-33.8948,151.106476,Agrotis infusa,Bogong Moth
1790534804000,-33.8948,151.106476,Agrotis infusa,Bogong Moth
1790535074000,-33.433749,149.383644,Agrotis infusa,Bogong Moth
1790535300000,-36.430419,150.067404,Agrotis infusa,Bogong Moth
1790535300000,-36.430419,150.067404,Agrotis infusa,Bogong Moth
1790535384000,-33.777264,151.061349,Agrotis infusa,Bogong Moth
1790536200000,-35.362183,149.050919,Agrotis infusa,Bogong Moth
1790536405000,-33.433749,149.383644,Agrotis infusa,Bogong Moth
1790536678000,-34.050408,151.043562,Agrotis infusa,Bogong Moth
1790538110000,-31.65135,152.79182,Agrotis infusa,Bogong Moth
1790539396000,-33.585568,149.890622,Agrotis infusa,Bogong Moth
1790540503000,-33.58553,149.89052,Agrotis infusa,Bogong Moth
1790540839000,-33.776838,151.071122,Agrotis infusa,Bogong Moth
1790541300000,-33.619856,150.933251,Agrotis infusa,Bogong Moth
1790543515000,-35.354251,147.538323,Agrotis infusa,Bogong Moth
1790544345000,-33.688106,151.214936,Agrotis infusa,Bogong Moth
1790544345000,-33.688106,151.214936,Agrotis infusa,Bogong Moth
1790545750000,-35.249955,149.164628,Agrotis infusa,Bogong Moth
1790545750000,-35.249955,149.164628,Agrotis infusa,Bogong Moth
1790546253000,-32.761514,151.65995,Agrotis infusa,Bogong Moth
1790546253000,-32.761514,151.65995,Agrotis infusa,Bogong Moth
1790546336000,-34.47483,150.847682,Agrotis infusa,Bogong Moth
1790546495000,-34.475158,150.847783,Agrotis infusa,Bogong Moth
1790546882000,-34.475033,150.847842,Agrotis infusa,Bogong Moth
1790557020000,-35.254995,149.149498,Agrotis infusa,Bogong Moth
1790577953000,-35.309108,148.21933,Agrotis infusa,Bogong Moth
1790578527000,-33.699366,151.090537,Agrotis infusa,Bogong Moth
1790579340000,-35.835936,150.176183,Agrotis infusa,Bogong Moth
1790580193000,-35.14411,150.672713,Agrotis infusa,Bogong Moth
1790580501000,-33.894903,151.197628,Agrotis infusa,Bogong Moth
1790580970000,-33.886841,151.134147,Agrotis infusa,Bogong Moth
1790581045000,-33.925553,151.247829,Agrotis infusa,Bogong Moth
1790581140000,-34.525825,150.395386,Agrotis infusa,Bogong Moth
1790582119000,-33.422597,149.578519,Agrotis infusa,Bogong Moth
1790582238000,-33.886927,151.134649,Agrotis infusa,Bogong Moth
1790582238000,-33.886927,151.134649,Agrotis infusa,Bogong Moth
1790582856000,-31.078603,150.872008,Agrotis infusa,Bogong Moth
1790583850000,-33.910005,151.244445,Agrotis infusa,Bogong Moth
1790584757000,-33.800358,150.888016,Agrotis infusa,Bogong Moth
1790585527000,-35.256431,149.077165,Agrotis infusa,Bogong Moth
1790585828000,-35.918841,149.113679,Agrotis infusa,Bogong Moth
1790586310000,-35.811247,148.032839,Agrotis infusa,Bogong Moth
1790586310000,-35.811247,148.032839,Agrotis infusa,Bogong Moth
1790589104000,-33.663393,151.311753,Agrotis infusa,Bogong Moth
1790591220000,-35.51416,150.391994,Agrotis infusa,Bogong Moth
1790591640000,-33.926211,151.093228,Agrotis infusa,Bogong Moth
1790591640000,-33.926211,151.093228,Agrotis infusa,Bogong Moth
1790592500000,-34.190903,150.792192,Agrotis infusa,Bogong Moth
1790594093000,-33.591312,151.325079,Agrotis infusa,Bogong Moth
1790594700000,-33.995292,151.134002,Agrotis infusa,Bogong Moth
1790595145000,-35.239108,149.159025,Agrotis infusa,Bogong Moth
1790596449000,-31.463578,152.9218,Agrotis infusa,Bogong Moth
1790596449000,-31.463578,152.9218,Agrotis infusa,Bogong Moth
1790597214000,-33.393193,151.476525,Agrotis infusa,Bogong Moth
1790597750000,-35.754913,148.812042,Agrotis infusa,Bogong Moth
1790597750000,-35.754913,148.812042,Agrotis infusa,Bogong Moth
1790598083000,-33.557781,150.206967,Agrotis infusa,Bogong Moth
1790598383000,-41.045772,145.900197,Agrotis infusa,Bogong Moth
1790599800000,-32.980812,151.717168,Agrotis infusa,Bogong Moth
1790601522000,-33.771367,150.965055,Agrotis infusa,Bogong Moth
1790602682000,-33.638986,150.302636,Agrotis infusa,Bogong Moth
1790602800000,-33.719169,150.608537,Agrotis infusa,Bogong Moth
1790602800000,-32.912357,151.744324,Agrotis infusa,Bogong Moth
1790602800000,-32.912357,151.744324,Agrotis infusa,Bogong Moth
1790603879000,-36.232123,150.128415,Agrotis infusa,Bogong Moth
1790604420000,-35.238531,149.161464,Agrotis infusa,Bogong Moth
1790605110000,-33.832706,150.992959,Agrotis infusa,Bogong Moth
1790605260000,-33.538151,150.423402,Agrotis infusa,Bogong Moth
1790605260000,-33.538151,150.423402,Agrotis infusa,Bogong Moth
1790605367000,-35.340137,149.062958,Agrotis infusa,Bogong Moth
1790605367000,-35.340137,149.062958,Agrotis infusa,Bogong Moth
1790605380000,-37.763636,145.208517,Agrotis infusa,Bogong Moth
1790605380000,-37.763636,145.208517,Agrotis infusa,Bogong Moth
1790606166000,-33.936764,151.250256,Agrotis infusa,Bogong Moth
1790606177000,-37.713283,145.17105,Agrotis infusa,Bogong Moth
1790606177000,-37.713283,145.17105,Agrotis infusa,Bogong Moth
1790607110000,-33.385189,151.483187,Agrotis infusa,Bogong Moth
1790607110000,-33.385189,151.483187,Agrotis infusa,Bogong Moth
1790609576000,-37.782653,145.135649,Agrotis infusa,Bogong Moth
1790610240000,-33.481189,151.078727,Agrotis infusa,Bogong Moth
1790612870000,-36.285728,146.19313,Agrotis infusa,Bogong Moth
1790612870000,-36.285728,146.19313,Agrotis infusa,Bogong Moth
1790612880000,-36.682152,149.912235,Agrotis infusa,Bogong Moth
1790613003000,-33.697899,150.639784,Agrotis infusa,Bogong Moth
1790613355000,-30.486603,151.611725,Agrotis infusa,Bogong Moth
1790613355000,-30.486603,151.611725,Agrotis infusa,Bogong Moth
1790613595000,-35.292755,149.149623,Agrotis infusa,Bogong Moth
1790613595000,-35.292755,149.149623,Agrotis infusa,Bogong Moth
1790613835000,-33.743375,150.607087,Agrotis infusa,Bogong Moth
1790613835000,-33.743375,150.607087,Agrotis infusa,Bogong Moth
1790613954000,-33.944958,151.050933,Agrotis infusa,Bogong Moth
1790614514000,-35.357861,149.142928,Agrotis infusa,Bogong Moth
1790615580000,-33.60914,151.153499,Agrotis infusa,Bogong Moth
1790616521000,-33.879817,151.18712,Agrotis infusa,Bogong Moth
1790616708000,-33.916345,151.166367,Agrotis infusa,Bogong Moth
1790617184000,-34.08828,150.816837,Agrotis infusa,Bogong Moth
1790617603000,-33.810343,151.173956,Agrotis infusa,Bogong Moth
1790617684000,-33.984588,151.24942,Agrotis infusa,Bogong Moth
1790618208000,-34.906987,149.372297,Agrotis infusa,Bogong Moth
1790618587000,-37.076733,149.87445,Agrotis infusa,Bogong Moth
1790618640000,-33.916426,151.155211,Agrotis infusa,Bogong Moth
1790619484000,-35.026196,149.268694,Agrotis infusa,Bogong Moth
1790619567000,-33.828319,151.07845,Agrotis infusa,Bogong Moth
1790620043000,-33.822865,151.15848,Agrotis infusa,Bogong Moth
1790620081000,-33.740727,151.133906,Agrotis infusa,Bogong Moth
1790620173000,-36.430961,150.06743,Agrotis infusa,Bogong Moth
1790620817000,-33.391572,151.338045,Agrotis infusa,Bogong Moth
1790620856000,-33.391563,151.33812,Agrotis infusa,Bogong Moth
1790620856000,-33.391563,151.33812,Agrotis infusa,Bogong Moth
1790621109000,-35.21359,149.037175,Agrotis infusa,Bogong Moth
1790621133000,-33.984413,150.882858,Agrotis infusa,Bogong Moth
1790621393000,-33.466894,149.771091,Agrotis infusa,Bogong Moth
1790622788000,-38.082255,145.284365,Agrotis infusa,Bogong Moth
1790622839000,-33.433748,149.383641,Agrotis infusa,Bogong Moth
1790622882000,-33.433748,149.38364,Agrotis infusa,Bogong Moth
1790622882000,-33.433748,149.38364,Agrotis infusa,Bogong Moth
1790622960000,-33.777596,151.226297,Agrotis infusa,Bogong Moth
1790623732000,-33.984353,150.882995,Agrotis infusa,Bogong Moth
1790623926000,-33.876848,151.186275,Agrotis infusa,Bogong Moth
1790625109000,-33.783716,151.076172,Agrotis infusa,Bogong Moth
1790625480000,-34.116615,150.210906,Agrotis infusa,Bogong Moth
1790625711000,-33.922695,151.194733,Agrotis infusa,Bogong Moth
1790625711000,-33.922695,151.194733,Agrotis infusa,Bogong Moth
1790625989000,-35.196164,149.124825,Agrotis infusa,Bogong Moth
1790626061000,-34.911535,150.541575,Agrotis infusa,Bogong Moth
1790626208000,-33.433748,149.383641,Agrotis infusa,Bogong Moth
1790626415000,-33.71934,151.080758,Agrotis infusa,Bogong Moth
1790628377000,-30.739647,150.727146,Agrotis infusa,Bogong Moth
1790628499000,-34.087722,150.998017,Agrotis infusa,Bogong Moth
1790628711000,-33.754704,151.01778,Agrotis infusa,Bogong Moth
1790629245000,-34.058024,151.152472,Agrotis infusa,Bogong Moth
1790630032000,-33.885853,150.875795,Agrotis infusa,Bogong Moth
1790630604000,-34.763608,149.703658,Agrotis infusa,Bogong Moth
1790630857000,-33.433748,149.383641,Agrotis infusa,Bogong Moth
1790631070000,-32.907144,151.705472,Agrotis infusa,Bogong Moth
1790631312000,-33.810525,151.124078,Agrotis infusa,Bogong Moth
1790631312000,-33.810525,151.124078,Agrotis infusa,Bogong Moth
1790631528000,-33.430338,151.442458,Agrotis infusa,Bogong Moth
1790633001000,-33.708117,151.105887,Agrotis infusa,Bogong Moth
1790633001000,-33.708117,151.105887,Agrotis infusa,Bogong Moth
1790633350000,-33.817479,151.047502,Agrotis infusa,Bogong Moth
1790634145000,-33.964309,151.103302,Agrotis infusa,Bogong Moth
1790634614000,-36.410805,146.230697,Agrotis infusa,Bogong Moth
1790635140000,-33.351192,151.439229,Agrotis infusa,Bogong Moth
1790635200000,-33.351192,151.439229,Agrotis infusa,Bogong Moth
1790635200000,-33.351192,151.439229,Agrotis infusa,Bogong Moth
1790636160000,-37.838397,145.218003,Agrotis infusa,Bogong Moth
1790640000000,-31.119157,150.898255,Agrotis infusa,Bogong Moth
1790640000000,-31.119157,150.898255,Agrotis infusa,Bogong Moth
1790640000000,-31.119157,150.898255,Agrotis infusa,Bogong Moth
1790649441000,-32.925511,151.675651,Agrotis infusa,Bogong Moth
1790649441000,-32.925511,151.675651,Agrotis infusa,Bogong Moth
1790662755000,-32.968273,151.681465,Agrotis infusa,Bogong Moth
1790663870000,-32.618237,149.586455,Agrotis infusa,Bogong Moth
1790665398000,-33.920738,151.150165,Agrotis infusa,Bogong Moth
1790665522000,-33.840186,121.854908,Agrotis infusa,Bogong Moth
1790665685000,-33.004399,151.610628,Agrotis infusa,Bogong Moth
1790666592000,-33.525597,151.300758,Agrotis infusa,Bogong Moth
1790667016000,-33.897708,151.157197,Agrotis infusa,Bogong Moth
1790667120000,-33.951245,150.874681,Agrotis infusa,Bogong Moth
1790668021000,-33.423388,149.570805,Agrotis infusa,Bogong Moth
1790669220000,-33.887088,151.134695,Agrotis infusa,Bogong Moth
1790670000000,-33.963126,151.254366,Agrotis infusa,Bogong Moth
1790670000000,-33.963126,151.254366,Agrotis infusa,Bogong Moth
1790670420000,-33.960776,150.994849,Agrotis infusa,Bogong Moth
1790670864000,-35.811295,148.032846,Agrotis infusa,Bogong Moth
1790670864000,-35.811295,148.032846,Agrotis infusa,Bogong Moth
1790671020000,-32.233504,148.653934,Agrotis infusa,Bogong Moth
1790671054000,-33.939055,151.020981,Agrotis infusa,Bogong Moth
1790671498000,-33.973613,151.093038,Agrotis infusa,Bogong Moth
1790671498000,-33.973613,151.093038,Agrotis infusa,Bogong Moth
1790672160000,-34.98955,149.367896,Agrotis infusa,Bogong Moth
1790672400000,-37.564093,144.719626,Agrotis infusa,Bogong Moth
1790672529000,-35.804158,149.094384,Agrotis infusa,Bogong Moth
1790673117000,-33.773481,151.158256,Agrotis infusa,Bogong Moth
1790673562000,-34.681899,150.212244,Agrotis infusa,Bogong Moth
1790673652000,-33.187925,151.621913,Agrotis infusa,Bogong Moth
1790674439000,-35.259319,149.150525,Agrotis infusa,Bogong Moth
1790677040000,-37.845633,145.193817,Agrotis infusa,Bogong Moth
1790677040000,-37.845633,145.193817,Agrotis infusa,Bogong Moth
1790677079000,-32.914864,151.751984,Agrotis infusa,Bogong Moth
1790677079000,-32.914864,151.751984,Agrotis infusa,Bogong Moth
1790677522000,-37.372508,144.686828,Agrotis infusa,Bogong Moth
1790679288000,-33.907555,151.17627,Agrotis infusa,Bogong Moth
1790680226000,-34.583419,150.402211,Agrotis infusa,Bogong Moth
1790680226000,-34.583419,150.402211,Agrotis infusa,Bogong Moth
1790680311000,-33.809212,151.045806,Agrotis infusa,Bogong Moth
1790680348000,-33.685966,151.257729,Agrotis infusa,Bogong Moth
1790680749000,-34.580256,150.362582,Agrotis infusa,Bogong Moth
1790680749000,-34.580256,150.362582,Agrotis infusa,Bogong Moth
1790681895000,-33.895527,150.979574,Agrotis infusa,Bogong Moth
1790682971000,-32.138791,150.351573,Agrotis infusa,Bogong Moth
1790682971000,-32.138791,150.351573,Agrotis infusa,Bogong Moth
1790683404000,-32.584153,150.719666,Agrotis infusa,Bogong Moth
1790683404000,-32.584153,150.719666,Agrotis infusa,Bogong Moth
1790683569000,-33.809087,151.045958,Agrotis infusa,Bogong Moth
1790684034000,-36.603397,149.999725,Agrotis infusa,Bogong Moth
1790684212000,-35.299828,149.137358,Agrotis infusa,Bogong Moth
1790684965000,-33.747108,151.161697,Agrotis infusa,Bogong Moth
1790685705000,-36.055383,144.114658,Agrotis infusa,Bogong Moth
1790686469000,-34.907338,149.319114,Agrotis infusa,Bogong Moth
1790687721000,-34.066124,150.661909,Agrotis infusa,Bogong Moth
1790687721000,-34.066124,150.661909,Agrotis infusa,Bogong Moth
1790688592000,-35.306633,149.027178,Agrotis infusa,Bogong Moth
1790688592000,-35.306633,149.027178,Agrotis infusa,Bogong Moth
1790688602000,-35.229233,149.101176,Agrotis infusa,Bogong Moth
1790690624000,-36.132861,144.765197,Agrotis infusa,Bogong Moth
1790690624000,-36.132861,144.765197,Agrotis infusa,Bogong Moth
1790693400000,-34.195248,151.025732,Agrotis infusa,Bogong Moth
1790693511000,-34.07083,150.726222,Agrotis infusa,Bogong Moth
1790694683000,-35.238866,149.159304,Agrotis infusa,Bogong Moth
1790694702000,-33.963972,151.139848,Agrotis infusa,Bogong Moth
1790696251000,-33.892047,151.073272,Agrotis infusa,Bogong Moth
1790696980000,-33.98172,151.073442,Agrotis infusa,Bogong Moth
1790697164000,-36.076992,150.111436,Agrotis infusa,Bogong Moth
1790697290000,-33.777225,151.117704,Agrotis infusa,Bogong Moth
1790699882000,-38.226108,145.157182,Agrotis infusa,Bogong Moth
1790699887000,-31.453422,152.882208,Agrotis infusa,Bogong Moth
1790699887000,-31.453422,152.882208,Agrotis infusa,Bogong Moth
1790701221000,-33.620052,149.807855,Agrotis infusa,Bogong Moth
1790701380000,-35.109747,147.356206,Agrotis infusa,Bogong Moth
1790701500000,-33.433343,149.383557,Agrotis infusa,Bogong Moth
1790701800000,-33.907627,151.111614,Agrotis infusa,Bogong Moth
1790702348000,-34.041275,151.049881,Agrotis infusa,Bogong Moth
1790703461000,-33.876091,151.152294,Agrotis infusa,Bogong Moth
1790703960000,-35.240002,149.0673,Agrotis infusa,Bogong Moth
1790703960000,-35.240002,149.0673,Agrotis infusa,Bogong Moth
1790704028000,-35.664886,147.033488,Agrotis infusa,Bogong Moth
1790704095000,-33.855805,151.104233,Agrotis infusa,Bogong Moth
1790704488000,-34.059277,151.071859,Agrotis infusa,Bogong Moth
1790704488000,-34.059277,151.071859,Agrotis infusa,Bogong Moth
1790705040000,-34.032653,151.054703,Agrotis infusa,Bogong Moth
1790705438000,-33.73467,150.478736,Agrotis infusa,Bogong Moth
1790706038000,-33.756043,151.111007,Agrotis infusa,Bogong Moth
1790706067000,-36.053372,150.136978,Agrotis infusa,Bogong Moth
1790706594000,-33.871625,151.100027,Agrotis infusa,Bogong Moth
1790706660000,-33.931099,151.249731,Agrotis infusa,Bogong Moth
1790706660000,-33.746954,151.076363,Agrotis infusa,Bogong Moth
1790706720000,-32.91853,151.79818,Agrotis infusa,Bogong Moth
1790706837000,-33.873017,151.164383,Agrotis infusa,Bogong Moth
1790706931000,-34.08405,151.056886,Agrotis infusa,Bogong Moth
1790706953000,-33.614168,151.023663,Agrotis infusa,Bogong Moth
1790706999000,-35.213772,149.109725,Agrotis infusa,Bogong Moth
1790706999000,-35.213772,149.109725,Agrotis infusa,Bogong Moth
1790707093000,-32.918565,151.798306,Agrotis infusa,Bogong Moth
1790707101000,-30.500261,151.668633,Agrotis infusa,Bogong Moth
1790707522000,-33.700061,150.927896,Agrotis infusa,Bogong Moth
1790707522000,-33.700061,150.927896,Agrotis infusa,Bogong Moth
1790707747000,-36.111601,146.846098,Agrotis infusa,Bogong Moth
1790708520000,-30.502475,151.651322,Agrotis infusa,Bogong Moth
1790708627000,-33.773225,150.984777,Agrotis infusa,Bogong Moth
1790708653000,-35.64235,146.302563,Agrotis infusa,Bogong Moth
1790709749000,-33.433746,149.383639,Agrotis infusa,Bogong Moth
1790709749000,-33.433746,149.383639,Agrotis infusa,Bogong Moth
1790709808000,-33.433727,149.38371,Agrotis infusa,Bogong Moth
1790709808000,-33.433727,149.38371,Agrotis infusa,Bogong Moth
1790709952000,-33.433746,149.383639,Agrotis infusa,Bogong Moth
1790709952000,-33.433746,149.383639,Agrotis infusa,Bogong Moth
1790709963000,-35.247985,149.443949,Agrotis infusa,Bogong Moth
1790709963000,-35.247985,149.443949,Agrotis infusa,Bogong Moth
1790710803000,-37.79936,144.825063,Agrotis infusa,Bogong Moth
1790710803000,-37.79936,144.825063,Agrotis infusa,Bogong Moth
1790710837000,-33.433746,149.383639,Agrotis infusa,Bogong Moth
1790710883000,-33.433746,149.383639,Agrotis infusa,Bogong Moth
1790710883000,-33.433746,149.383639,Agrotis infusa,Bogong Moth
1790711220000,-31.650532,152.793422,Agrotis infusa,Bogong Moth
1790711873000,-33.94495,151.050933,Agrotis infusa,Bogong Moth
1790711873000,-33.94495,151.050933,Agrotis infusa,Bogong Moth
1790712720000,-31.119154,150.89828,Agrotis infusa,Bogong Moth
1790712720000,-31.119154,150.89828,Agrotis infusa,Bogong Moth
1790712720000,-31.119154,150.89828,Agrotis infusa,Bogong Moth
1790713232000,-33.287118,149.031011,Agrotis infusa,Bogong Moth
1790713232000,-33.287118,149.031011,Agrotis infusa,Bogong Moth
1790713435000,-33.903413,151.13617,Agrotis infusa,Bogong Moth
1790713478000,-33.903462,151.13617,Agrotis infusa,Bogong Moth
1790714051000,-33.7982,151.182878,Agrotis infusa,Bogong Moth
1790714142000,-33.798263,151.182878,Agrotis infusa,Bogong Moth
1790715453000,-31.429088,152.888329,Agrotis infusa,Bogong Moth
1790715600000,-33.024906,151.69101,Agrotis infusa,Bogong Moth
1790715894000,-33.783716,151.076169,Agrotis infusa,Bogong Moth
1790715894000,-33.783716,151.076169,Agrotis infusa,Bogong Moth
1790716388000,-33.908676,151.146727,Agrotis infusa,Bogong Moth
1790716584000,-33.87917,151.185837,Agrotis infusa,Bogong Moth
1790717155000,-33.808014,150.796215,Agrotis infusa,Bogong Moth
1790717400000,-37.7793,145.178164,Agrotis infusa,Bogong Moth
1790717400000,-37.7793,145.178164,Agrotis infusa,Bogong Moth
1790718060000,-37.848362,145.194199,Agrotis infusa,Bogong Moth
1790718180000,-37.848362,145.194199,Agrotis infusa,Bogong Moth
1790718180000,-37.848362,145.194199,Agrotis infusa,Bogong Moth
1790719160000,-33.828417,151.193809,Agrotis infusa,Bogong Moth
1790719340000,-37.693694,145.867256,Agrotis infusa,Bogong Moth
1790719997000,-29.778956,151.351914,Agrotis infusa,Bogong Moth
1790721036000,-37.3435,144.137839,Agrotis infusa,Bogong Moth
1790721036000,-37.3435,144.137839,Agrotis infusa,Bogong Moth
1790721061000,-30.529458,151.674637,Agrotis infusa,Bogong Moth
1790723200000,-33.683958,151.105714,Agrotis infusa,Bogong Moth
1790724480000,-38.182586,145.119449,Agrotis infusa,Bogong Moth
1790726639000,-33.701363,151.125625,Agrotis infusa,Bogong Moth
1790726639000,-33.701363,151.125625,Agrotis infusa,Bogong Moth
1790727921000,-33.725058,151.102547,Agrotis infusa,Bogong Moth
1790727921000,-33.725058,151.102547,Agrotis infusa,Bogong Moth
1790731378000,-33.77011,150.728084,Agrotis infusa,Bogong Moth
1790731378000,-33.77011,150.728084,Agrotis infusa,Bogong Moth
1790731822000,-33.982951,151.24152,Agrotis infusa,Bogong Moth
1790731822000,-33.982951,151.24152,Agrotis infusa,Bogong Moth
1790733000000,-34.032465,151.058638,Agrotis infusa,Bogong Moth
1790741860000,-33.775748,151.115718,Agrotis infusa,Bogong Moth
1790741860000,-33.775748,151.115718,Agrotis infusa,Bogong Moth
1790746441000,-37.546543,149.745877,Agrotis infusa,Bogong Moth
1790748956000,-31.455653,152.908662,Agrotis infusa,Bogong Moth
1790749365000,-38.268588,144.615692,Agrotis infusa,Bogong Moth
1790749474000,-37.253033,144.456528,Agrotis infusa,Bogong Moth
1790749474000,-37.253033,144.456528,Agrotis infusa,Bogong Moth
1790751411000,-35.384772,149.086517,Agrotis infusa,Bogong Moth
1790751414000,-34.611942,150.852905,Agrotis infusa,Bogong Moth
1790751900000,-37.864169,145.384542,Agrotis infusa,Bogong Moth
1790752680000,-37.244273,149.902801,Agrotis infusa,Bogong Moth
1790753340000,-35.200291,149.013425,Agrotis infusa,Bogong Moth
1790753623000,-36.164391,144.772908,Agrotis infusa,Bogong Moth
1790753623000,-36.164391,144.772908,Agrotis infusa,Bogong Moth
1790753940000,-38.104876,145.135596,Agrotis infusa,Bogong Moth
1790753940000,-38.104876,145.135596,Agrotis infusa,Bogong Moth
1790754814000,-37.683165,145.071349,Agrotis infusa,Bogong Moth
1790755036000,-35.991727,146.391709,Agrotis infusa,Bogong Moth
1790755385000,-35.351675,150.468685,Agrotis infusa,Bogong Moth
1790755612000,-29.464983,147.978458,Agrotis infusa,Bogong Moth
1790755860000,-33.756446,151.111464,Agrotis infusa,Bogong Moth
1790756168000,-33.676502,150.282641,Agrotis infusa,Bogong Moth
1790756168000,-33.676502,150.282641,Agrotis infusa,Bogong Moth
1790756204000,-33.713126,150.312162,Agrotis infusa,Bogong Moth
1790756684000,-37.831101,144.84445,Agrotis infusa,Bogong Moth
1790757697000,-30.958388,150.32146,Agrotis infusa,Bogong Moth
1790757697000,-30.958388,150.32146,Agrotis infusa,Bogong Moth
1790757864000,-35.932805,149.003293,Agrotis infusa,Bogong Moth
1790757941000,-35.984479,149.068993,Agrotis infusa,Bogong Moth
1790757941000,-35.984479,149.068993,Agrotis infusa,Bogong Moth
1790757973000,-35.800291,149.00943,Agrotis infusa,Bogong Moth
1790757973000,-35.800291,149.00943,Agrotis infusa,Bogong Moth
1790758224000,-38.342403,144.298187,Agrotis infusa,Bogong Moth
1790758376000,-35.873508,149.106567,Agrotis infusa,Bogong Moth
1790758981000,-38.266322,144.520789,Agrotis infusa,Bogong Moth
1790759290000,-35.811262,148.032805,Agrotis infusa,Bogong Moth
1790759713000,-33.680412,150.593812,Agrotis infusa,Bogong Moth
1790760190000,-33.767914,151.265565,Agrotis infusa,Bogong Moth
1790760737000,-34.55555,146.390687,Agrotis infusa,Bogong Moth
1790760780000,-38.00268,145.141404,Agrotis infusa,Bogong Moth
1790760900000,-42.962258,147.517129,Agrotis infusa,Bogong Moth
1790760900000,-42.962258,147.517129,Agrotis infusa,Bogong Moth
1790761980000,-33.719006,150.608581,Agrotis infusa,Bogong Moth
1790762220000,-33.718997,150.608642,Agrotis infusa,Bogong Moth
1790762220000,-33.718997,150.608642,Agrotis infusa,Bogong Moth
1790762400000,-33.719028,150.608581,Agrotis infusa,Bogong Moth
1790763128000,-37.814513,145.010528,Agrotis infusa,Bogong Moth
1790763242000,-33.021336,151.6866,Agrotis infusa,Bogong Moth
1790764135000,-35.706193,150.240695,Agrotis infusa,Bogong Moth
1790764464000,-33.666621,151.103142,Agrotis infusa,Bogong Moth
1790764464000,-33.666621,151.103142,Agrotis infusa,Bogong Moth
1790765142000,-34.791347,149.623489,Agrotis infusa,Bogong Moth
1790766087000,-34.184776,142.144894,Agrotis infusa,Bogong Moth
1790766091000,-35.527958,144.963913,Agrotis infusa,Bogong Moth
1790766257000,-38.037125,145.131303,Agrotis infusa,Bogong Moth
1790766523000,-33.964566,150.154678,Agrotis infusa,Bogong Moth
1790766642000,-34.552206,150.854118,Agrotis infusa,Bogong Moth
1790766692000,-34.251772,140.465081,Agrotis infusa,Bogong Moth
1790767994000,-38.354563,142.254268,Agrotis infusa,Bogong Moth
1790768092000,-38.28156,144.499221,Agrotis infusa,Bogong Moth
1790768532000,-31.434514,152.91905,Agrotis infusa,Bogong Moth
1790769898000,-38.26727,144.623465,Agrotis infusa,Bogong Moth
1790770053000,-37.706254,145.185017,Agrotis infusa,Bogong Moth
1790770224000,-36.479835,143.646692,Agrotis infusa,Bogong Moth
1790770369000,-36.355248,146.682626,Agrotis infusa,Bogong Moth
1790770800000,-33.811342,151.16297,Agrotis infusa,Bogong Moth
1790771000000,-35.664721,147.032802,Agrotis infusa,Bogong Moth
1790771081000,-35.68703,150.239086,Agrotis infusa,Bogong Moth
1790771081000,-35.68703,150.239086,Agrotis infusa,Bogong Moth
1790771793000,-38.266271,144.617657,Agrotis infusa,Bogong Moth
1790771982000,-37.951639,145.200196,Agrotis infusa,Bogong Moth
1790772600000,-32.928056,151.771166,Agrotis infusa,Bogong Moth
1790774400000,-35.015693,150.817859,Agrotis infusa,Bogong Moth
1790774580000,-33.69486,150.559407,Agrotis infusa,Bogong Moth
1790774640000,-38.313794,144.329194,Agrotis infusa,Bogong Moth
1790774760000,-33.886936,151.025925,Agrotis infusa,Bogong Moth
1790774760000,-33.886936,151.025925,Agrotis infusa,Bogong Moth
1790775360000,-33.694843,150.559445,Agrotis infusa,Bogong Moth
1790775430000,-33.854305,151.180629,Agrotis infusa,Bogong Moth
1790775575000,-37.406683,144.979823,Agrotis infusa,Bogong Moth
1790776320000,-33.772759,151.112198,Agrotis infusa,Bogong Moth
1790776320000,-33.772759,151.112198,Agrotis infusa,Bogong Moth
1790777178000,-33.989617,149.91113,Agrotis infusa,Bogong Moth
1790777178000,-33.989617,149.91113,Agrotis infusa,Bogong Moth
1790777365000,-37.544077,143.785414,Agrotis infusa,Bogong Moth
1790778385000,-36.065586,150.132995,Agrotis infusa,Bogong Moth
1790778884000,-33.531988,151.31067,Agrotis infusa,Bogong Moth
1790779297000,-33.721158,151.050031,Agrotis infusa,Bogong Moth
1790779315000,-33.746833,151.161728,Agrotis infusa,Bogong Moth
1790779500000,-33.694841,150.55939,Agrotis infusa,Bogong Moth
1790779500000,-33.694841,150.55939,Agrotis infusa,Bogong Moth
1790779500000,-33.694841,150.55939,Agrotis infusa,Bogong Moth
1790779500000,-33.694841,150.55939,Agrotis infusa,Bogong Moth
1790779580000,-37.534308,149.74115,Agrotis infusa,Bogong Moth
1790779716000,-33.773027,150.98015,Agrotis infusa,Bogong Moth
1790779716000,-33.773027,150.98015,Agrotis infusa,Bogong Moth
1790779740000,-37.545489,149.711717,Agrotis infusa,Bogong Moth
1790780100000,-33.6948,150.559419,Agrotis infusa,Bogong Moth
1790780520000,-33.694834,150.559435,Agrotis infusa,Bogong Moth
1790780520000,-33.694834,150.559435,Agrotis infusa,Bogong Moth
1790780520000,-35.354369,149.074215,Agrotis infusa,Bogong Moth
1790781533000,-33.391637,151.328308,Agrotis infusa,Bogong Moth
1790782680000,-37.858991,144.882262,Agrotis infusa,Bogong Moth
1790782680000,-37.858991,144.882262,Agrotis infusa,Bogong Moth
1790782841000,-33.981705,151.073425,Agrotis infusa,Bogong Moth
1790783088000,-33.736354,151.05492,Agrotis infusa,Bogong Moth
1790784241000,-33.701444,150.563698,Agrotis infusa,Bogong Moth
1790784260000,-35.347137,150.471542,Agrotis infusa,Bogong Moth
1790785020000,-33.499976,151.390777,Agrotis infusa,Bogong Moth
1790785247000,-37.504225,144.168944,Agrotis infusa,Bogong Moth
1790785441000,-33.75139,150.633402,Agrotis infusa,Bogong Moth
1790785441000,-33.75139,150.633402,Agrotis infusa,Bogong Moth
1790785496000,-34.486105,150.334122,Agrotis infusa,Bogong Moth
1790785595000,-38.289599,144.494811,Agrotis infusa,Bogong Moth
1790785838000,-33.733671,151.05498,Agrotis infusa,Bogong Moth
1790785838000,-33.733671,151.05498,Agrotis infusa,Bogong Moth
1790786172000,-37.095847,144.203551,Agrotis infusa,Bogong Moth
1790786220000,-33.694847,150.559426,Agrotis infusa,Bogong Moth
1790786336000,-37.259769,150.047764,Agrotis infusa,Bogong Moth
1790786340000,-37.654367,145.513717,Agrotis infusa,Bogong Moth
1790786962000,-33.777257,151.118045,Agrotis infusa,Bogong Moth
1790787711000,-35.900638,150.059853,Agrotis infusa,Bogong Moth
1790787711000,-35.900638,150.059853,Agrotis infusa,Bogong Moth
1790787780000,-33.433209,149.383423,Agrotis infusa,Bogong Moth
1790787951000,-33.694873,150.55947,Agrotis infusa,Bogong Moth
1790788380000,-33.723486,150.451837,Agrotis infusa,Bogong Moth
1790788838000,-33.903983,151.153,Agrotis infusa,Bogong Moth
1790789042000,-37.671453,144.549867,Agrotis infusa,Bogong Moth
1790789682000,-34.04308,151.117447,Agrotis infusa,Bogong Moth
1790789682000,-34.04308,151.117447,Agrotis infusa,Bogong Moth
1790789730000,-33.667078,151.092884,Agrotis infusa,Bogong Moth
1790789940000,-33.866663,151.098332,Agrotis infusa,Bogong Moth
1790790048000,-33.765698,150.626573,Agrotis infusa,Bogong Moth
1790790620000,-34.088275,150.816826,Agrotis infusa,Bogong Moth
1790790956000,-34.247525,150.541763,Agrotis infusa,Bogong Moth
1790790998000,-34.757117,149.707026,Agrotis infusa,Bogong Moth
1790791028000,-38.288353,144.623273,Agrotis infusa,Bogong Moth
1790791066000,-33.756084,151.111042,Agrotis infusa,Bogong Moth
1790791116000,-33.908358,151.130389,Agrotis infusa,Bogong Moth
1790791200000,-38.423164,144.176987,Agrotis infusa,Bogong Moth
1790791280000,-34.79152,149.623511,Agrotis infusa,Bogong Moth
1790791332000,-34.791538,149.623495,Agrotis infusa,Bogong Moth
1790791332000,-34.791538,149.623495,Agrotis infusa,Bogong Moth
1790791533000,-33.732558,150.312513,Agrotis infusa,Bogong Moth
1790791550000,-34.022567,151.019364,Agrotis infusa,Bogong Moth
1790791550000,-34.022567,151.019364,Agrotis infusa,Bogong Moth
1790791742000,-30.019173,148.113045,Agrotis infusa,Bogong Moth
1790791956000,-33.881884,151.252381,Agrotis infusa,Bogong Moth
1790792099000,-33.881335,151.162958,Agrotis infusa,Bogong Moth
1790792099000,-33.881335,151.162958,Agrotis infusa,Bogong Moth
1790792190000,-34.012194,151.057664,Agrotis infusa,Bogong Moth
1790792520000,-35.109732,148.672806,Agrotis infusa,Bogong Moth
1790792742000,-33.433656,149.383619,Agrotis infusa,Bogong Moth
1790792773000,-33.881366,151.162962,Agrotis infusa,Bogong Moth
1790792773000,-33.881366,151.162962,Agrotis infusa,Bogong Moth
1790792801000,-33.433737,149.38363,Agrotis infusa,Bogong Moth
1790792801000,-33.433737,149.38363,Agrotis infusa,Bogong Moth
1790792919000,-33.881447,151.163247,Agrotis infusa,Bogong Moth
1790792940000,-33.433742,149.383631,Agrotis infusa,Bogong Moth
1790793032000,-37.869687,144.827388,Agrotis infusa,Bogong Moth
1790793032000,-37.869687,144.827388,Agrotis infusa,Bogong Moth
1790793091000,-33.881523,151.16329,Agrotis infusa,Bogong Moth
1790793273000,-33.433722,149.383647,Agrotis infusa,Bogong Moth
1790793273000,-33.433722,149.383647,Agrotis infusa,Bogong Moth
1790793391000,-32.916486,151.592674,Agrotis infusa,Bogong Moth
1790793392000,-33.433742,149.383631,Agrotis infusa,Bogong Moth
1790793572000,-38.777325,143.66313,Agrotis infusa,Bogong Moth
1790793801000,-34.450283,150.831319,Agrotis infusa,Bogong Moth
1790794013000,-33.896958,151.103897,Agrotis infusa,Bogong Moth
1790794350000,-34.450147,150.83105,Agrotis infusa,Bogong Moth
1790794350000,-34.450147,150.83105,Agrotis infusa,Bogong Moth
1790794908000,-32.972242,151.653428,Agrotis infusa,Bogong Moth
1790794908000,-32.972242,151.653428,Agrotis infusa,Bogong Moth
1790795216000,-33.717341,151.087017,Agrotis infusa,Bogong Moth
1790795374000,-33.809703,151.049058,Agrotis infusa,Bogong Moth
1790795769000,-33.433742,149.383631,Agrotis infusa,Bogong Moth
1790795850000,-33.433742,149.383631,Agrotis infusa,Bogong Moth
1790795900000,-33.433742,149.383631,Agrotis infusa,Bogong Moth
1790795925000,-33.433748,149.383526,Agrotis infusa,Bogong Moth
1790796036000,-33.433742,149.38363,Agrotis infusa,Bogong Moth
1790796091000,-33.433742,149.38363,Agrotis infusa,Bogong Moth
1790796660000,-35.346341,150.40937,Agrotis infusa,Bogong Moth
1790796660000,-35.346341,150.40937,Agrotis infusa,Bogong Moth
1790796679000,-34.107746,150.729706,Agrotis infusa,Bogong Moth
1790797020000,-38.461108,144.083572,Agrotis infusa,Bogong Moth
1790797459000,-37.756983,145.709428,Agrotis infusa,Bogong Moth
1790797802000,-35.522172,149.756959,Agrotis infusa,Bogong Moth
1790798068000,-30.019208,148.113023,Agrotis infusa,Bogong Moth
1790798489000,-33.96064,149.892168,Agrotis infusa,Bogong Moth
1790799152000,-37.302113,144.091777,Agrotis infusa,Bogong Moth
1790799152000,-37.302113,144.091777,Agrotis infusa,Bogong Moth
1790799163000,-35.316448,148.227504,Agrotis infusa,Bogong Moth
1790799287000,-33.694845,150.559451,Agrotis infusa,Bogong Moth
1790799631000,-30.918986,151.669907,Agrotis infusa,Bogong Moth
1790800260000,-38.354376,146.387945,Agrotis infusa,Bogong Moth
1790800360000,-43.037245,147.384386,Agrotis infusa,Bogong Moth
1790800440000,-38.011227,145.952518,Agrotis infusa,Bogong Moth
1790800725000,-33.820133,151.2126,Agrotis infusa,Bogong Moth
1790801220000,-38.182586,145.119449,Agrotis infusa,Bogong Moth
1790801230000,-33.433742,149.38363,Agrotis infusa,Bogong Moth
1790801230000,-33.433742,149.38363,Agrotis infusa,Bogong Moth
1790801262000,-33.433742,149.38363,Agrotis infusa,Bogong Moth
1790801589000,-33.87576,151.174767,Agrotis infusa,Bogong Moth
1790801834000,-34.791399,149.623684,Agrotis infusa,Bogong Moth
1790801869000,-33.898605,151.194855,Agrotis infusa,Bogong Moth
1790801869000,-33.898605,151.194855,Agrotis infusa,Bogong Moth
1790802079000,-33.433742,149.38363,Agrotis infusa,Bogong Moth
1790802079000,-33.433742,149.38363,Agrotis infusa,Bogong Moth
1790802333000,-34.791405,149.623651,Agrotis infusa,Bogong Moth
1790802333000,-34.791405,149.623651,Agrotis infusa,Bogong Moth
1790802520000,-34.791354,149.623726,Agrotis infusa,Bogong Moth
1790803015000,-34.791385,149.623662,Agrotis infusa,Bogong Moth
1790803106000,-33.618889,150.923447,Agrotis infusa,Bogong Moth
1790803187000,-33.433738,149.383584,Agrotis infusa,Bogong Moth
1790803199000,-34.791358,149.62365,Agrotis infusa,Bogong Moth
1790803270000,-34.791359,149.623653,Agrotis infusa,Bogong Moth
1790803320000,-36.065748,147.510531,Agrotis infusa,Bogong Moth
1790803508000,-33.433725,149.383579,Agrotis infusa,Bogong Moth
1790803581000,-33.43368,149.383601,Agrotis infusa,Bogong Moth
1790803866000,-34.438578,148.717417,Agrotis infusa,Bogong Moth
1790803866000,-34.438578,148.717417,Agrotis infusa,Bogong Moth
1790804137000,-33.835328,151.157228,Agrotis infusa,Bogong Moth
1790804420000,-33.781049,151.261276,Agrotis infusa,Bogong Moth
1790804640000,-37.82808,145.265591,Agrotis infusa,Bogong Moth
1790805331000,-35.567141,150.366188,Agrotis infusa,Bogong Moth
1790806055000,-33.615346,151.074727,Agrotis infusa,Bogong Moth
1790806055000,-33.615346,151.074727,Agrotis infusa,Bogong Moth
1790806260000,-37.048382,143.72887,Agrotis infusa,Bogong Moth
1790806671000,-37.988755,145.03008,Agrotis infusa,Bogong Moth
1790806671000,-37.988755,145.03008,Agrotis infusa,Bogong Moth
1790806800000,-33.011861,148.053386,Agrotis infusa,Bogong Moth
1790806800000,-33.011861,148.053386,Agrotis infusa,Bogong Moth
1790806962000,-34.492762,150.768692,Agrotis infusa,Bogong Moth
1790807442000,-35.235666,149.038376,Agrotis infusa,Bogong Moth
1790807640000,-38.404855,144.176338,Agrotis infusa,Bogong Moth
1790807896000,-33.857437,151.17917,Agrotis infusa,Bogong Moth
1790808420000,-37.689314,143.99701,Agrotis infusa,Bogong Moth
1790808900000,-37.968769,145.014892,Agrotis infusa,Bogong Moth
1790809290000,-33.736644,150.994408,Agrotis infusa,Bogong Moth
1790809290000,-33.736644,150.994408,Agrotis infusa,Bogong Moth
1790809920000,-37.742388,145.22564,Agrotis infusa,Bogong Moth
1790810023000,-33.910144,151.116111,Agrotis infusa,Bogong Moth
1790810212000,-33.356825,151.452145,Agrotis infusa,Bogong Moth
1790810520000,-37.742388,145.22564,Agrotis infusa,Bogong Moth
1790810520000,-37.742388,145.22564,Agrotis infusa,Bogong Moth
1790810520000,-37.742388,145.22564,Agrotis infusa,Bogong Moth
1790812680000,-37.744442,145.224945,Agrotis infusa,Bogong Moth
1790812680000,-37.744442,145.224945,Agrotis infusa,Bogong Moth
1790813949000,-34.4141,150.895037,Agrotis infusa,Bogong Moth
1790813949000,-34.4141,150.895037,Agrotis infusa,Bogong Moth
1790832300000,-34.419775,150.901964,Agrotis infusa,Bogong Moth
1790835759000,-34.048992,151.145509,Agrotis infusa,Bogong Moth
1790838424000,-33.64503,150.958113,Agrotis infusa,Bogong Moth
1790838989000,-35.432167,149.097167,Agrotis infusa,Bogong Moth
1790839577000,-33.700464,151.304798,Agrotis infusa,Bogong Moth
1790839577000,-33.700464,151.304798,Agrotis infusa,Bogong Moth
1790840400000,-33.796844,150.678285,Agrotis infusa,Bogong Moth
1790841227000,-36.812313,149.787278,Agrotis infusa,Bogong Moth
1790841540000,-37.738925,145.000672,Agrotis infusa,Bogong Moth
1790842286000,-38.212995,145.250947,Agrotis infusa,Bogong Moth
1790842743000,-38.252702,144.517579,Agrotis infusa,Bogong Moth
1790843095000,-33.779808,151.196717,Agrotis infusa,Bogong Moth
1790843160000,-35.951213,149.008947,Agrotis infusa,Bogong Moth
1790843220000,-35.016398,150.814793,Agrotis infusa,Bogong Moth
1790843220000,-35.016355,150.814757,Agrotis infusa,Bogong Moth
1790843280000,-33.663673,151.028691,Agrotis infusa,Bogong Moth
1790843958000,-33.652034,151.06594,Agrotis infusa,Bogong Moth
1790844904000,-36.679844,146.889349,Agrotis infusa,Bogong Moth
1790844946000,-33.736999,151.149965,Agrotis infusa,Bogong Moth
1790845412000,-33.431883,151.442369,Agrotis infusa,Bogong Moth
1790845454000,-33.775683,151.07222,Agrotis infusa,Bogong Moth
1790845816000,-37.678842,145.113433,Agrotis infusa,Bogong Moth
1790846196000,-36.34422,145.917126,Agrotis infusa,Bogong Moth
1790846279000,-33.686689,151.216737,Agrotis infusa,Bogong Moth
1790846279000,-33.686689,151.216737,Agrotis infusa,Bogong Moth
1790846666000,-35.161489,149.143417,Agrotis infusa,Bogong Moth
1790847016000,-38.338894,144.978541,Agrotis infusa,Bogong Moth
1790847622000,-37.71049,145.045381,Agrotis infusa,Bogong Moth
1790848235000,-33.944978,151.05095,Agrotis infusa,Bogong Moth
1790848310000,-33.90026,151.20618,Agrotis infusa,Bogong Moth
1790848310000,-33.90026,151.20618,Agrotis infusa,Bogong Moth
1790848446000,-30.008797,152.978578,Agrotis infusa,Bogong Moth
1790848491000,-33.497258,150.54135,Agrotis infusa,Bogong Moth
1790848918000,-33.493557,151.428745,Agrotis infusa,Bogong Moth
1790849280000,-38.039928,145.304497,Agrotis infusa,Bogong Moth
1790849280000,-38.039928,145.304497,Agrotis infusa,Bogong Moth
1790849617000,-33.379975,151.456015,Agrotis infusa,Bogong Moth
1790849765000,-33.982463,151.24225,Agrotis infusa,Bogong Moth
1790849940000,-36.355848,146.682053,Agrotis infusa,Bogong Moth
1790850660000,-38.149092,145.317322,Agrotis infusa,Bogong Moth
1790850789000,-33.499974,151.390777,Agrotis infusa,Bogong Moth
1790851833000,-35.980131,146.019402,Agrotis infusa,Bogong Moth
1790851893000,-33.663678,151.121186,Agrotis infusa,Bogong Moth
1790852062000,-34.422808,150.882648,Agrotis infusa,Bogong Moth
1790852552000,-33.488399,151.330137,Agrotis infusa,Bogong Moth
1790854605000,-37.806435,145.20496,Agrotis infusa,Bogong Moth
1790854605000,-37.806435,145.20496,Agrotis infusa,Bogong Moth
1790854702000,-33.878758,150.689624,Agrotis infusa,Bogong Moth
1790855035000,-37.28395,147.96635,Agrotis infusa,Bogong Moth
1790855035000,-37.28395,147.96635,Agrotis infusa,Bogong Moth
1790855712000,-32.800257,151.661677,Agrotis infusa,Bogong Moth
1790856286000,-33.895748,151.178863,Agrotis infusa,Bogong Moth
1790856286000,-33.895748,151.178863,Agrotis infusa,Bogong Moth
1790856779000,-33.694976,150.559422,Agrotis infusa,Bogong Moth
1790856851000,-33.686437,151.302903,Agrotis infusa,Bogong Moth
1790856851000,-33.686437,151.302903,Agrotis infusa,Bogong Moth
1790856945000,-37.964045,144.433378,Agrotis infusa,Bogong Moth
1790856970000,-33.659132,151.03715,Agrotis infusa,Bogong Moth
1790857127000,-32.906322,151.662812,Agrotis infusa,Bogong Moth
1790857316000,-32.906388,151.662759,Agrotis infusa,Bogong Moth
1790857418000,-37.984661,145.057623,Agrotis infusa,Bogong Moth
1790857680000,-35.101376,150.69288,Agrotis infusa,Bogong Moth
1790858100000,-33.939422,151.233505,Agrotis infusa,Bogong Moth
1790858841000,-34.685262,149.576542,Agrotis infusa,Bogong Moth
1790859125000,-33.021419,151.686967,Agrotis infusa,Bogong Moth
1790859180000,-33.623028,151.334611,Agrotis infusa,Bogong Moth
1790859449000,-33.514649,151.332061,Agrotis infusa,Bogong Moth
1790859600000,-28.06989,145.688211,Agrotis infusa,Bogong Moth
1790860088000,-36.39919,144.978125,Agrotis infusa,Bogong Moth
1790860153000,-33.703874,151.294629,Agrotis infusa,Bogong Moth
1790860176000,-33.487894,150.680943,Agrotis infusa,Bogong Moth
1790860176000,-33.487894,150.680943,Agrotis infusa,Bogong Moth
1790860265000,-33.92265,151.194747,Agrotis infusa,Bogong Moth
1790860710000,-33.894778,151.197828,Agrotis infusa,Bogong Moth
1790860800000,-34.138098,151.114617,Agrotis infusa,Bogong Moth
1790860940000,-34.071392,150.766783,Agrotis infusa,Bogong Moth
1790861718000,-33.536809,150.627114,Agrotis infusa,Bogong Moth
1790862480000,-33.83532,151.097202,Agrotis infusa,Bogong Moth
1790862660000,-37.799692,148.680728,Agrotis infusa,Bogong Moth
1790862660000,-37.799692,148.680728,Agrotis infusa,Bogong Moth
1790862945000,-33.701062,151.292038,Agrotis infusa,Bogong Moth
1790863065000,-33.694962,150.559355,Agrotis infusa,Bogong Moth
1790863065000,-33.694962,150.559355,Agrotis infusa,Bogong Moth
1790864363000,-33.917383,151.235861,Agrotis infusa,Bogong Moth
1790864383000,-34.036767,151.099599,Agrotis infusa,Bogong Moth
1790864608000,-33.82197,151.20088,Agrotis infusa,Bogong Moth
1790865012000,-33.613444,149.850755,Agrotis infusa,Bogong Moth
1790865660000,-36.36505,146.299592,Agrotis infusa,Bogong Moth
1790865981000,-33.877354,151.152662,Agrotis infusa,Bogong Moth
1790866920000,-35.276142,149.108313,Agrotis infusa,Bogong Moth
1790866920000,-35.276142,149.108313,Agrotis infusa,Bogong Moth
1790867160000,-33.719629,150.369495,Agrotis infusa,Bogong Moth
1790867160000,-33.719629,150.369495,Agrotis infusa,Bogong Moth
1790867351000,-33.680387,150.593795,Agrotis infusa,Bogong Moth
1790868019000,-34.5916,150.845639,Agrotis infusa,Bogong Moth
1790868041000,-37.799862,144.894913,Agrotis infusa,Bogong Moth
1790869557000,-35.316488,148.227385,Agrotis infusa,Bogong Moth
1790870098000,-35.311025,149.0372,Agrotis infusa,Bogong Moth
1790870161000,-34.119016,150.686029,Agrotis infusa,Bogong Moth
1790870381000,-35.900638,150.059853,Agrotis infusa,Bogong Moth
1790870381000,-35.900638,150.059853,Agrotis infusa,Bogong Moth
1790870471000,-33.895602,151.199081,Agrotis infusa,Bogong Moth
1790871027000,-33.707468,151.086249,Agrotis infusa,Bogong Moth
1790871149000,-33.694786,150.559335,Agrotis infusa,Bogong Moth
1790871149000,-33.694786,150.559335,Agrotis infusa,Bogong Moth
1790871720000,-36.649378,149.818174,Agrotis infusa,Bogong Moth
1790871720000,-36.649378,149.818174,Agrotis infusa,Bogong Moth
1790871777000,-33.586072,150.24845,Agrotis infusa,Bogong Moth
1790871960000,-36.687188,149.929574,Agrotis infusa,Bogong Moth
1790871976000,-34.104962,150.806871,Agrotis infusa,Bogong Moth
1790872059000,-33.64213,151.288773,Agrotis infusa,Bogong Moth
1790872440000,-33.910956,151.117698,Agrotis infusa,Bogong Moth
1790872459000,-33.694686,150.559337,Agrotis infusa,Bogong Moth
1790872492000,-33.763979,150.466769,Agrotis infusa,Bogong Moth
1790872520000,-35.296474,150.415947,Agrotis infusa,Bogong Moth
1790872567000,-32.937438,151.769894,Agrotis infusa,Bogong Moth
1790872567000,-32.937438,151.769894,Agrotis infusa,Bogong Moth
1790873220000,-33.073059,151.578255,Agrotis infusa,Bogong Moth
1790873360000,-33.809503,151.058778,Agrotis infusa,Bogong Moth
1790873400000,-33.312802,151.447683,Agrotis infusa,Bogong Moth
1790873400000,-33.37622,151.494598,Agrotis infusa,Bogong Moth
1790873400000,-33.37622,151.494598,Agrotis infusa,Bogong Moth
1790873602000,-33.710369,151.18598,Agrotis infusa,Bogong Moth
1790874161000,-33.977434,150.846569,Agrotis infusa,Bogong Moth
1790874161000,-33.977434,150.846569,Agrotis infusa,Bogong Moth
1790874184000,-33.979248,151.04947,Agrotis infusa,Bogong Moth
1790874753000,-33.013734,151.573286,Agrotis infusa,Bogong Moth
1790874784000,-33.013734,151.573286,Agrotis infusa,Bogong Moth
1790874934000,-33.724153,151.277297,Agrotis infusa,Bogong Moth
1790875140000,-36.678329,149.984034,Agrotis infusa,Bogong Moth
1790875140000,-36.678329,149.984034,Agrotis infusa,Bogong Moth
1790875179000,-33.391788,151.337905,Agrotis infusa,Bogong Moth
1790875179000,-33.391788,151.337905,Agrotis infusa,Bogong Moth
1790875260000,-33.27873,151.390017,Agrotis infusa,Bogong Moth
1790875313000,-33.711515,150.361445,Agrotis infusa,Bogong Moth
1790875359000,-33.433714,149.383579,Agrotis infusa,Bogong Moth
1790875432000,-33.391813,151.337905,Agrotis infusa,Bogong Moth
1790875432000,-33.391813,151.337905,Agrotis infusa,Bogong Moth
1790875439000,-33.391813,151.337905,Agrotis infusa,Bogong Moth
1790875439000,-33.391813,151.337905,Agrotis infusa,Bogong Moth
1790875539000,-33.683694,151.03087,Agrotis infusa,Bogong Moth
1790875546000,-33.391842,151.337937,Agrotis infusa,Bogong Moth
1790875546000,-33.391842,151.337937,Agrotis infusa,Bogong Moth
1790875580000,-33.391828,151.337937,Agrotis infusa,Bogong Moth
1790875591000,-33.755882,151.110915,Agrotis infusa,Bogong Moth
1790875591000,-33.755882,151.110915,Agrotis infusa,Bogong Moth
1790875591000,-33.391813,151.337922,Agrotis infusa,Bogong Moth
1790875641000,-33.642356,151.16431,Agrotis infusa,Bogong Moth
1790875641000,-33.642356,151.16431,Agrotis infusa,Bogong Moth
1790875721000,-33.391792,151.337813,Agrotis infusa,Bogong Moth
1790875753000,-33.698947,151.106108,Agrotis infusa,Bogong Moth
1790875984000,-35.219642,149.064225,Agrotis infusa,Bogong Moth
1790876080000,-38.162719,144.55957,Agrotis infusa,Bogong Moth
1790876116000,-33.854653,151.177462,Agrotis infusa,Bogong Moth
1790876254000,-35.706488,150.177304,Agrotis infusa,Bogong Moth
1790876520000,-33.543292,151.307423,Agrotis infusa,Bogong Moth
1790876580000,-33.543697,151.307529,Agrotis infusa,Bogong Moth
1790876580000,-33.544556,151.305899,Agrotis infusa,Bogong Moth
1790876798000,-34.254821,150.535426,Agrotis infusa,Bogong Moth
1790876798000,-34.254821,150.535426,Agrotis infusa,Bogong Moth
1790876936000,-33.591336,151.314262,Agrotis infusa,Bogong Moth
1790877028000,-33.896309,151.16796,Agrotis infusa,Bogong Moth
1790877189000,-33.839975,151.072864,Agrotis infusa,Bogong Moth
1790877243000,-33.867597,151.103774,Agrotis infusa,Bogong Moth
1790877368000,-33.909561,150.925707,Agrotis infusa,Bogong Moth
1790877448000,-33.433733,149.383634,Agrotis infusa,Bogong Moth
1790877557000,-33.790943,151.084747,Agrotis infusa,Bogong Moth
1790877932000,-33.889963,151.174453,Agrotis infusa,Bogong Moth
1790877941000,-33.433733,149.38363,Agrotis infusa,Bogong Moth
1790877941000,-33.433733,149.38363,Agrotis infusa,Bogong Moth
1790877943000,-33.811845,151.191938,Agrotis infusa,Bogong Moth
1790877960000,-33.113105,151.644134,Agrotis infusa,Bogong Moth
1790877960000,-33.113105,151.644134,Agrotis infusa,Bogong Moth
1790878015000,-33.944938,151.050872,Agrotis infusa,Bogong Moth
1790878042000,-35.698055,147.611141,Agrotis infusa,Bogong Moth
1790878123000,-35.22768,149.166444,Agrotis infusa,Bogong Moth
1790878298000,-33.811512,151.191803,Agrotis infusa,Bogong Moth
1790878315000,-33.433736,149.383611,Agrotis infusa,Bogong Moth
1790878350000,-33.94495,151.050858,Agrotis infusa,Bogong Moth
1790878503000,-33.96076,151.248823,Agrotis infusa,Bogong Moth
1790878554000,-33.736222,150.972672,Agrotis infusa,Bogong Moth
1790878755000,-34.435964,150.899373,Agrotis infusa,Bogong Moth
1790878951000,-33.841788,151.003188,Agrotis infusa,Bogong Moth
1790879040000,-33.542267,151.308645,Agrotis infusa,Bogong Moth
1790879407000,-37.406683,144.979823,Agrotis infusa,Bogong Moth
1790879611000,-33.8353,151.056453,Agrotis infusa,Bogong Moth
1790880185000,-32.957738,151.703945,Agrotis infusa,Bogong Moth
1790880582000,-35.891782,144.621125,Agrotis infusa,Bogong Moth
1790880915000,-33.428361,151.307391,Agrotis infusa,Bogong Moth
1790880933000,-33.433733,149.383634,Agrotis infusa,Bogong Moth
1790881166000,-33.923142,151.194078,Agrotis infusa,Bogong Moth
1790881323000,-33.923145,151.194092,Agrotis infusa,Bogong Moth
1790881375000,-33.923113,151.194138,Agrotis infusa,Bogong Moth
1790881545000,-33.705405,150.377975,Agrotis infusa,Bogong Moth
1790881545000,-33.705405,150.377975,Agrotis infusa,Bogong Moth
1790881609000,-34.857764,149.942953,Agrotis infusa,Bogong Moth
1790881724000,-33.668821,150.951246,Agrotis infusa,Bogong Moth
1790881799000,-33.923088,151.193908,Agrotis infusa,Bogong Moth
1790881799000,-33.923088,151.193908,Agrotis infusa,Bogong Moth
1790882112000,-33.923103,151.193925,Agrotis infusa,Bogong Moth
1790882457000,-35.309145,148.21927,Agrotis infusa,Bogong Moth
1790882695000,-37.582925,144.699037,Agrotis infusa,Bogong Moth
1790882831000,-35.237658,149.095956,Agrotis infusa,Bogong Moth
1790883168000,-30.575451,151.874403,Agrotis infusa,Bogong Moth
1790883206000,-29.740036,151.740432,Agrotis infusa,Bogong Moth
1790883894000,-33.967503,151.237305,Agrotis infusa,Bogong Moth
1790884337000,-31.09684,150.93315,Agrotis infusa,Bogong Moth
1790884897000,-33.78093,151.088608,Agrotis infusa,Bogong Moth
1790885010000,-33.433734,149.383633,Agrotis infusa,Bogong Moth
1790885450000,-33.909017,151.263456,Agrotis infusa,Bogong Moth
1790885486000,-35.309247,148.219147,Agrotis infusa,Bogong Moth
1790885520000,-35.309197,148.219147,Agrotis infusa,Bogong Moth
1790885740000,-35.689071,150.201673,Agrotis infusa,Bogong Moth
1790885932000,-33.880623,151.271128,Agrotis infusa,Bogong Moth
1790886264000,-32.957708,151.703919,Agrotis infusa,Bogong Moth
1790886461000,-33.755415,151.235201,Agrotis infusa,Bogong Moth
1790886999000,-32.957718,151.703929,Agrotis infusa,Bogong Moth
1790886999000,-32.957718,151.703929,Agrotis infusa,Bogong Moth
1790887178000,-33.285163,151.565658,Agrotis infusa,Bogong Moth
1790887200000,-33.902372,151.136814,Agrotis infusa,Bogong Moth
1790887604000,-31.084158,150.975182,Agrotis infusa,Bogong Moth
1790887673000,-33.878912,151.177625,Agrotis infusa,Bogong Moth
1790887674000,-33.87891,151.177626,Agrotis infusa,Bogong Moth
1790887783000,-33.739463,151.271393,Agrotis infusa,Bogong Moth
1790887898000,-33.867131,151.069369,Agrotis infusa,Bogong Moth
1790887898000,-33.867131,151.069369,Agrotis infusa,Bogong Moth
1790888248000,-33.660958,151.1353,Agrotis infusa,Bogong Moth
1790888373000,-31.359792,152.503722,Agrotis infusa,Bogong Moth
1790888833000,-33.944942,151.050872,Agrotis infusa,Bogong Moth
1790888833000,-33.944942,151.050872,Agrotis infusa,Bogong Moth
1790889163000,-37.229478,145.913353,Agrotis infusa,Bogong Moth
1790889256000,-32.054894,150.871075,Agrotis infusa,Bogong Moth
1790889303000,-38.366575,144.889999,Agrotis infusa,Bogong Moth
1790889303000,-38.366575,144.889999,Agrotis infusa,Bogong Moth
1790889318000,-33.855437,151.356574,Agrotis infusa,Bogong Moth
1790889360000,-33.773943,150.263963,Agrotis infusa,Bogong Moth
1790889645000,-37.906024,145.482319,Agrotis infusa,Bogong Moth
1790889679000,-33.382106,151.347742,Agrotis infusa,Bogong Moth
1790889780000,-35.243877,149.091596,Agrotis infusa,Bogong Moth
1790889780000,-35.243877,149.091596,Agrotis infusa,Bogong Moth
1790889822000,-33.835962,151.199355,Agrotis infusa,Bogong Moth
1790890810000,-33.433734,149.383633,Agrotis infusa,Bogong Moth
1790890846000,-32.683796,151.357558,Agrotis infusa,Bogong Moth
1790891117000,-33.784048,150.814993,Agrotis infusa,Bogong Moth
1790891117000,-33.784048,150.814993,Agrotis infusa,Bogong Moth
1790892235000,-33.433791,149.383715,Agrotis infusa,Bogong Moth
1790892235000,-33.433791,149.383715,Agrotis infusa,Bogong Moth
1790892843000,-34.552043,150.854275,Agrotis infusa,Bogong Moth
1790893535000,-33.894811,151.197706,Agrotis infusa,Bogong Moth
1790894518000,-33.772182,151.193373,Agrotis infusa,Bogong Moth
1790894640000,-33.131258,151.229557,Agrotis infusa,Bogong Moth
1790894880000,-37.757169,144.986406,Agrotis infusa,Bogong Moth
1790894943000,-32.963231,151.70369,Agrotis infusa,Bogong Moth
1790895123000,-38.262228,144.488633,Agrotis infusa,Bogong Moth
1790895868000,-36.224772,149.127564,Agrotis infusa,Bogong Moth
1790897416000,-33.863456,151.043381,Agrotis infusa,Bogong Moth
1790897416000,-33.863456,151.043381,Agrotis infusa,Bogong Moth
1790897489000,-33.863494,151.042911,Agrotis infusa,Bogong Moth
1790897718000,-33.656823,151.271897,Agrotis infusa,Bogong Moth
1790897755000,-33.637437,150.802955,Agrotis infusa,Bogong Moth
1790898376000,-33.433736,149.383634,Agrotis infusa,Bogong Moth
1790899200000,-32.97678,151.464906,Agrotis infusa,Bogong Moth
1790900160000,-33.892687,151.121109,Agrotis infusa,Bogong Moth
1790900595000,-36.622878,145.21408,Agrotis infusa,Bogong Moth
1790900595000,-36.622878,145.21408,Agrotis infusa,Bogong Moth
1790909303000,-33.672966,151.012638,Agrotis infusa,Bogong Moth
1790919384000,-33.801983,151.194288,Agrotis infusa,Bogong Moth
1790921366000,-33.289399,151.505106,Agrotis infusa,Bogong Moth
1790921460000,-30.447879,151.825261,Agrotis infusa,Bogong Moth
1790921506000,-33.89579,151.013597,Agrotis infusa,Bogong Moth
1790921904000,-32.940378,151.721106,Agrotis infusa,Bogong Moth
1790922367000,-32.054969,150.87094,Agrotis infusa,Bogong Moth
1790924158000,-34.199192,151.027328,Agrotis infusa,Bogong Moth
1790924481000,-33.677685,150.618513,Agrotis infusa,Bogong Moth
1790925349000,-33.804292,151.177537,Agrotis infusa,Bogong Moth
1790925568000,-33.700128,150.927508,Agrotis infusa,Bogong Moth
1790925948000,-33.433738,149.383635,Agrotis infusa,Bogong Moth
1790926157000,-33.746913,151.16185,Agrotis infusa,Bogong Moth
1790926157000,-33.746913,151.16185,Agrotis infusa,Bogong Moth
1790926833000,-35.493664,146.565014,Agrotis infusa,Bogong Moth
1790927237000,-38.252708,144.51767,Agrotis infusa,Bogong Moth
1790927742000,-33.874456,151.1654,Agrotis infusa,Bogong Moth
1790928300000,-37.784411,144.839625,Agrotis infusa,Bogong Moth
1790928954000,-33.838504,151.205552,Agrotis infusa,Bogong Moth
1790929209000,-34.911787,150.541672,Agrotis infusa,Bogong Moth
1790929716000,-34.589027,150.603204,Agrotis infusa,Bogong Moth
1790929932000,-35.078664,150.689833,Agrotis infusa,Bogong Moth
1790930048000,-33.887853,151.176667,Agrotis infusa,Bogong Moth
1790930280000,-34.258681,150.56099,Agrotis infusa,Bogong Moth
1790930764000,-34.088857,151.008235,Agrotis infusa,Bogong Moth
1790931153000,-34.497986,150.820139,Agrotis infusa,Bogong Moth
1790931153000,-34.497986,150.820139,Agrotis infusa,Bogong Moth
1790931302000,-37.758533,145.398025,Agrotis infusa,Bogong Moth
1790931724000,-33.887512,151.140075,Agrotis infusa,Bogong Moth
1790931854000,-34.006565,151.064612,Agrotis infusa,Bogong Moth
1790932356000,-35.252284,149.130068,Agrotis infusa,Bogong Moth
1790932356000,-35.252284,149.130068,Agrotis infusa,Bogong Moth
1790933549000,-34.195155,146.379792,Agrotis infusa,Bogong Moth
1790933619000,-35.4938,146.564846,Agrotis infusa,Bogong Moth
1790933660000,-33.863403,151.210037,Agrotis infusa,Bogong Moth
1790934010000,-33.86292,151.21533,Agrotis infusa,Bogong Moth
1790934900000,-37.691633,145.452763,Agrotis infusa,Bogong Moth
1790935487000,-36.94323,149.907228,Agrotis infusa,Bogong Moth
1790935705000,-34.104912,150.806904,Agrotis infusa,Bogong Moth
1790935768000,-33.900519,151.144486,Agrotis infusa,Bogong Moth
1790935768000,-33.900519,151.144486,Agrotis infusa,Bogong Moth
1790936082000,-34.104925,150.806752,Agrotis infusa,Bogong Moth
1790936695000,-37.814382,145.228855,Agrotis infusa,Bogong Moth
1790936695000,-37.814382,145.228855,Agrotis infusa,Bogong Moth
1790937256000,-36.321819,145.049098,Agrotis infusa,Bogong Moth
1790937346000,-35.314297,150.432938,Agrotis infusa,Bogong Moth
1790937454000,-33.628105,150.288162,Agrotis infusa,Bogong Moth
1790937510000,-37.783133,144.950272,Agrotis infusa,Bogong Moth
1790937886000,-38.208339,144.300326,Agrotis infusa,Bogong Moth
1790937886000,-38.208339,144.300326,Agrotis infusa,Bogong Moth
1790939007000,-33.843706,151.242377,Agrotis infusa,Bogong Moth
1790939420000,-33.456853,151.35149,Agrotis infusa,Bogong Moth
1790939420000,-33.456853,151.35149,Agrotis infusa,Bogong Moth
1790940060000,-33.807059,151.161923,Agrotis infusa,Bogong Moth
1790940935000,-33.892438,151.016445,Agrotis infusa,Bogong Moth
1790941275000,-33.771933,151.082375,Agrotis infusa,Bogong Moth
1790941276000,-33.338655,149.559943,Agrotis infusa,Bogong Moth
1790942030000,-33.71322,150.312622,Agrotis infusa,Bogong Moth
1790942284000,-33.782286,151.177907,Agrotis infusa,Bogong Moth
1790942284000,-33.782286,151.177907,Agrotis infusa,Bogong Moth
1790942470000,-32.938114,151.735136,Agrotis infusa,Bogong Moth
1790942502000,-38.282413,144.611105,Agrotis infusa,Bogong Moth
1790943000000,-33.484566,151.311624,Agrotis infusa,Bogong Moth
1790943000000,-33.484566,151.311624,Agrotis infusa,Bogong Moth
1790943233000,-34.446275,150.842642,Agrotis infusa,Bogong Moth
1790943270000,-33.701656,150.377756,Agrotis infusa,Bogong Moth
1790943330000,-33.887859,151.198183,Agrotis infusa,Bogong Moth
1790943357000,-33.723522,151.293133,Agrotis infusa,Bogong Moth
1790943527000,-37.705511,145.033897,Agrotis infusa,Bogong Moth
1790943527000,-37.705511,145.033897,Agrotis infusa,Bogong Moth
1790943634000,-34.447111,150.843719,Agrotis infusa,Bogong Moth
1790944058000,-34.446344,150.8433,Agrotis infusa,Bogong Moth
1790944184000,-34.446325,150.842636,Agrotis infusa,Bogong Moth
1790944861000,-33.891689,151.037305,Agrotis infusa,Bogong Moth
1790945377000,-33.694716,150.559345,Agrotis infusa,Bogong Moth
1790945440000,-33.694712,150.559343,Agrotis infusa,Bogong Moth
1790945440000,-33.694712,150.559343,Agrotis infusa,Bogong Moth
1790945762000,-33.694702,150.559514,Agrotis infusa,Bogong Moth
1790945941000,-33.914028,151.118711,Agrotis infusa,Bogong Moth
1790945954000,-34.570275,150.775742,Agrotis infusa,Bogong Moth
1790946136000,-33.977288,151.166341,Agrotis infusa,Bogong Moth
1790946247000,-31.536762,152.859448,Agrotis infusa,Bogong Moth
1790946940000,-33.905212,151.14925,Agrotis infusa,Bogong Moth
1790947158000,-33.875417,151.12372,Agrotis infusa,Bogong Moth
1790947200000,-34.407645,150.874026,Agrotis infusa,Bogong Moth
1790947207000,-34.308812,150.934145,Agrotis infusa,Bogong Moth
1790947246000,-33.815962,151.21115,Agrotis infusa,Bogong Moth
1790947313000,-33.719253,150.608488,Agrotis infusa,Bogong Moth
1790947380000,-34.408442,150.875728,Agrotis infusa,Bogong Moth
1790947433000,-37.619541,145.008723,Agrotis infusa,Bogong Moth
1790947690000,-33.918075,151.120734,Agrotis infusa,Bogong Moth
1790948160000,-33.704877,151.084071,Agrotis infusa,Bogong Moth
1790948262000,-33.694919,150.55945,Agrotis infusa,Bogong Moth
1790948262000,-33.694919,150.55945,Agrotis infusa,Bogong Moth
1790948473000,-33.694958,150.559333,Agrotis infusa,Bogong Moth
1790948654000,-33.769487,151.047053,Agrotis infusa,Bogong Moth
1790949329000,-32.97612,151.690095,Agrotis infusa,Bogong Moth
1790949494000,-33.847472,151.231256,Agrotis infusa,Bogong Moth
1790949494000,-33.847472,151.231256,Agrotis infusa,Bogong Moth
1790950013000,-37.593875,144.900497,Agrotis infusa,Bogong Moth
1790950500000,-33.738925,151.311973,Agrotis infusa,Bogong Moth
1790950500000,-33.738925,151.311973,Agrotis infusa,Bogong Moth
1790950740000,-33.73869,151.312558,Agrotis infusa,Bogong Moth
1790950793000,-33.761415,151.067663,Agrotis infusa,Bogong Moth
1790951553000,-38.83763,143.529555,Agrotis infusa,Bogong Moth
1790951608000,-34.446367,150.842747,Agrotis infusa,Bogong Moth
1790951675000,-34.446367,150.842747,Agrotis infusa,Bogong Moth
1790951675000,-34.446367,150.842747,Agrotis infusa,Bogong Moth
1790951698000,-34.446367,150.842747,Agrotis infusa,Bogong Moth
1790951715000,-34.446367,150.842747,Agrotis infusa,Bogong Moth
1790951721000,-34.446367,150.842747,Agrotis infusa,Bogong Moth
1790951730000,-34.446367,150.842747,Agrotis infusa,Bogong Moth
1790951879000,-34.446367,150.842747,Agrotis infusa,Bogong Moth
1790951879000,-34.446367,150.842747,Agrotis infusa,Bogong Moth
1790952057000,-34.446367,150.842747,Agrotis infusa,Bogong Moth
1790952057000,-34.446367,150.842747,Agrotis infusa,Bogong Moth
1790952062000,-34.446367,150.842747,Agrotis infusa,Bogong Moth
1790952147000,-34.446367,150.842747,Agrotis infusa,Bogong Moth
1790952172000,-34.446367,150.842747,Agrotis infusa,Bogong Moth
1790952273000,-33.750622,150.629953,Agrotis infusa,Bogong Moth
1790952483000,-33.469025,151.399353,Agrotis infusa,Bogong Moth
1790952705000,-33.468917,151.398055,Agrotis infusa,Bogong Moth
1790953010000,-33.845818,151.088019,Agrotis infusa,Bogong Moth
1790953380000,-32.904633,151.585687,Agrotis infusa,Bogong Moth
1790954251000,-33.612144,151.16889,Agrotis infusa,Bogong Moth
1790954251000,-33.612144,151.16889,Agrotis infusa,Bogong Moth
1790954460000,-33.740812,150.628469,Agrotis infusa,Bogong Moth
1790954616000,-41.041182,145.815197,Agrotis infusa,Bogong Moth
1790954616000,-41.041182,145.815197,Agrotis infusa,Bogong Moth
1790954768000,-33.969648,151.051909,Agrotis infusa,Bogong Moth
1790954949000,-33.754381,151.214258,Agrotis infusa,Bogong Moth
1790955180000,-30.713623,152.967653,Agrotis infusa,Bogong Moth
1790955538000,-33.435006,151.352772,Agrotis infusa,Bogong Moth
1790955804000,-33.433979,151.351984,Agrotis infusa,Bogong Moth
1790956026000,-33.484897,150.149964,Agrotis infusa,Bogong Moth
1790956200000,-33.755666,151.114981,Agrotis infusa,Bogong Moth
1790956757000,-35.262665,150.509155,Agrotis infusa,Bogong Moth
1790957880000,-36.745337,149.893418,Agrotis infusa,Bogong Moth
1790958000000,-31.706719,152.217392,Agrotis infusa,Bogong Moth
1790958060000,-37.839973,145.162012,Agrotis infusa,Bogong Moth
1790958453000,-33.926395,151.188295,Agrotis infusa,Bogong Moth
1790958684000,-33.529172,151.344772,Agrotis infusa,Bogong Moth
1790959106000,-33.41,151.44,Agrotis infusa,Bogong Moth
1790959380000,-33.484933,151.353843,Agrotis infusa,Bogong Moth
1790959577000,-33.518343,151.301513,Agrotis infusa,Bogong Moth
1790960202000,-33.401389,151.469105,Agrotis infusa,Bogong Moth
1790960334000,-33.416763,151.343842,Agrotis infusa,Bogong Moth
1790960338000,-33.416813,151.343825,Agrotis infusa,Bogong Moth
1790960340000,-35.295477,149.022142,Agrotis infusa,Bogong Moth
1790960538000,-35.493646,146.565051,Agrotis infusa,Bogong Moth
1790960716000,-33.910713,151.267303,Agrotis infusa,Bogong Moth
1790960738000,-32.72837,152.002456,Agrotis infusa,Bogong Moth
1790961158000,-34.760567,149.708658,Agrotis infusa,Bogong Moth
1790961239000,-34.473357,150.917661,Agrotis infusa,Bogong Moth
1790961310000,-33.391808,151.337937,Agrotis infusa,Bogong Moth
1790961484000,-35.493665,146.565005,Agrotis infusa,Bogong Moth
1790961800000,-36.893545,149.897795,Agrotis infusa,Bogong Moth
1790962472000,-33.612322,151.13845,Agrotis infusa,Bogong Moth
1790962472000,-33.612322,151.13845,Agrotis infusa,Bogong Moth
1790962500000,-31.910892,152.459214,Agrotis infusa,Bogong Moth
1790962561000,-36.429389,149.248265,Agrotis infusa,Bogong Moth
1790963324000,-34.447208,150.844272,Agrotis infusa,Bogong Moth
1790963351000,-34.447208,150.844272,Agrotis infusa,Bogong Moth
1790963521000,-34.447194,150.844292,Agrotis infusa,Bogong Moth
1790963521000,-34.447194,150.844292,Agrotis infusa,Bogong Moth
1790963533000,-33.970314,151.108266,Agrotis infusa,Bogong Moth
1790963764000,-33.695945,151.302078,Agrotis infusa,Bogong Moth
1790963780000,-33.771321,151.012878,Agrotis infusa,Bogong Moth
1790963780000,-33.771321,151.012878,Agrotis infusa,Bogong Moth
1790963808000,-33.878479,151.131042,Agrotis infusa,Bogong Moth
1790963924000,-33.694875,150.559455,Agrotis infusa,Bogong Moth
1790963997000,-33.652483,151.173433,Agrotis infusa,Bogong Moth
1790964029000,-33.878145,151.219345,Agrotis infusa,Bogong Moth
1790964035000,-33.824222,151.205095,Agrotis infusa,Bogong Moth
1790964035000,-33.824222,151.205095,Agrotis infusa,Bogong Moth
1790964650000,-33.922997,151.194808,Agrotis infusa,Bogong Moth
1790965089000,-33.949703,151.012358,Agrotis infusa,Bogong Moth
1790965560000,-31.444292,152.925612,Agrotis infusa,Bogong Moth
1790965663000,-33.675822,151.30243,Agrotis infusa,Bogong Moth
1790966045000,-33.433739,149.383622,Agrotis infusa,Bogong Moth
1790966187000,-33.43373,149.383635,Agrotis infusa,Bogong Moth
1790966372000,-33.7407,151.133903,Agrotis infusa,Bogong Moth
1790966596000,-33.96048,151.246695,Agrotis infusa,Bogong Moth
1790966596000,-33.96048,151.246695,Agrotis infusa,Bogong Moth
1790966658000,-33.740731,151.133892,Agrotis infusa,Bogong Moth
1790966658000,-33.740731,151.133892,Agrotis infusa,Bogong Moth
1790966677000,-33.433697,149.383676,Agrotis infusa,Bogong Moth
1790966709000,-33.87418,151.183563,Agrotis infusa,Bogong Moth
1790966809000,-28.917452,151.58371,Agrotis infusa,Bogong Moth
1790966872000,-33.793408,151.286133,Agrotis infusa,Bogong Moth
1790967057000,-33.828787,151.194743,Agrotis infusa,Bogong Moth
1790967629000,-33.644908,150.95813,Agrotis infusa,Bogong Moth
1790967672000,-37.067617,142.76355,Agrotis infusa,Bogong Moth
1790967672000,-37.067617,142.76355,Agrotis infusa,Bogong Moth
1790967950000,-33.768311,151.106082,Agrotis infusa,Bogong Moth
1790967960000,-37.763475,147.772697,Agrotis infusa,Bogong Moth
1790968440000,-33.704869,151.084094,Agrotis infusa,Bogong Moth
1790968440000,-33.704869,151.084094,Agrotis infusa,Bogong Moth
1790968957000,-33.675197,151.109014,Agrotis infusa,Bogong Moth
1790969160000,-37.720015,145.398128,Agrotis infusa,Bogong Moth
1790970042000,-32.900473,151.700876,Agrotis infusa,Bogong Moth
1790970840000,-32.377056,152.504824,Agrotis infusa,Bogong Moth
1790970840000,-32.377056,152.504824,Agrotis infusa,Bogong Moth
1790971004000,-35.786806,150.136942,Agrotis infusa,Bogong Moth
1790971507000,-33.382105,151.347733,Agrotis infusa,Bogong Moth
1790971680000,-34.446811,147.533896,Agrotis infusa,Bogong Moth
1790971680000,-34.446811,147.533896,Agrotis infusa,Bogong Moth
1790972004000,-33.826419,151.198143,Agrotis infusa,Bogong Moth
1790972425000,-32.912017,151.73556,Agrotis infusa,Bogong Moth
1790972460000,-32.8558,151.819144,Agrotis infusa,Bogong Moth
1790972460000,-32.856285,151.819142,Agrotis infusa,Bogong Moth
1790972677000,-35.915908,150.072481,Agrotis infusa,Bogong Moth
1790972784000,-37.918485,145.382441,Agrotis infusa,Bogong Moth
1790973062000,-28.919778,151.5855,Agrotis infusa,Bogong Moth
1790973369000,-31.829006,149.762741,Agrotis infusa,Bogong Moth
1790973605000,-38.365771,143.574229,Agrotis infusa,Bogong Moth
1790974076000,-33.424788,151.434997,Agrotis infusa,Bogong Moth
1790974763000,-34.38542,150.908963,Agrotis infusa,Bogong Moth
1790976000000,-38.262215,144.488594,Agrotis infusa,Bogong Moth
1790976623000,-37.688707,143.365713,Agrotis infusa,Bogong Moth
1790976623000,-37.688707,143.365713,Agrotis infusa,Bogong Moth
1790977835000,-32.96313,151.703724,Agrotis infusa,Bogong Moth
1790978421000,-37.763268,145.2085,Agrotis infusa,Bogong Moth
1790978421000,-37.763268,145.2085,Agrotis infusa,Bogong Moth
1790978737000,-33.833211,151.11897,Agrotis infusa,Bogong Moth
1790979022000,-37.736734,144.973181,Agrotis infusa,Bogong Moth
1790979170000,-33.433732,149.383639,Agrotis infusa,Bogong Moth
1790979265000,-33.433732,149.383639,Agrotis infusa,Bogong Moth
1790979265000,-33.433732,149.383639,Agrotis infusa,Bogong Moth
1790979291000,-33.433732,149.383639,Agrotis infusa,Bogong Moth
1790979291000,-33.433732,149.383639,Agrotis infusa,Bogong Moth
1790979397000,-33.433732,149.383639,Agrotis infusa,Bogong Moth
1790979604000,-33.433732,149.383639,Agrotis infusa,Bogong Moth
1790979751000,-33.433732,149.383639,Agrotis infusa,Bogong Moth
1790980248000,-30.45032,153.055825,Agrotis infusa,Bogong Moth
1790980753000,-33.751573,151.096188,Agrotis infusa,Bogong Moth
1790981165000,-33.747837,151.163851,Agrotis infusa,Bogong Moth
1790988387000,-37.691147,145.288267,Agrotis infusa,Bogong Moth
1791011846000,-38.27219,144.604224,Agrotis infusa,Bogong Moth
1791011859000,-37.545761,149.746628,Agrotis infusa,Bogong Moth
1791013045000,-34.385345,150.908939,Agrotis infusa,Bogong Moth
1791014227000,-34.4472,150.844283,Agrotis infusa,Bogong Moth
1791014950000,-37.654147,145.351455,Agrotis infusa,Bogong Moth
1791014950000,-37.654147,145.351455,Agrotis infusa,Bogong Moth
1791015109000,-37.828627,145.070498,Agrotis infusa,Bogong Moth
1791015748000,-33.768114,150.981701,Agrotis infusa,Bogong Moth
1791016752000,-33.90353,151.176972,Agrotis infusa,Bogong Moth
1791016910000,-35.783208,150.205633,Agrotis infusa,Bogong Moth
1791017234000,-37.476147,149.3538,Agrotis infusa,Bogong Moth
1791018900000,-36.770807,149.91776,Agrotis infusa,Bogong Moth
1791018900000,-36.770807,149.91776,Agrotis infusa,Bogong Moth
1791019724000,-34.0611,151.06427,Agrotis infusa,Bogong Moth
1791019860000,-33.900597,151.142211,Agrotis infusa,Bogong Moth
1791019860000,-33.900597,151.142211,Agrotis infusa,Bogong Moth
1791019935000,-35.828673,150.220759,Agrotis infusa,Bogong Moth
1791020386000,-35.306255,149.005782,Agrotis infusa,Bogong Moth
1791020682000,-37.753275,144.937836,Agrotis infusa,Bogong Moth
1791020700000,-33.86225,151.207684,Agrotis infusa,Bogong Moth
1791020897000,-34.402888,150.85637,Agrotis infusa,Bogong Moth
1791020965000,-33.519276,151.312452,Agrotis infusa,Bogong Moth
1791020965000,-33.519276,151.312452,Agrotis infusa,Bogong Moth
1791022547000,-37.567345,144.723958,Agrotis infusa,Bogong Moth
1791022547000,-37.567345,144.723958,Agrotis infusa,Bogong Moth
1791022606000,-31.631707,152.703387,Agrotis infusa,Bogong Moth
1791023279000,-33.767762,151.098965,Agrotis infusa,Bogong Moth
1791023279000,-33.767762,151.098965,Agrotis infusa,Bogong Moth
1791024200000,-35.195228,149.06637,Agrotis infusa,Bogong Moth
1791024253000,-34.318787,148.52124,Agrotis infusa,Bogong Moth
1791024745000,-34.014331,151.081572,Agrotis infusa,Bogong Moth
1791024950000,-33.913723,151.124739,Agrotis infusa,Bogong Moth
1791025248000,-34.40255,150.85672,Agrotis infusa,Bogong Moth
1791025474000,-38.189494,144.346553,Agrotis infusa,Bogong Moth
1791025733000,-33.739238,151.127272,Agrotis infusa,Bogong Moth
1791026198000,-33.938498,151.177754,Agrotis infusa,Bogong Moth
1791026280000,-34.419681,150.901892,Agrotis infusa,Bogong Moth
1791026600000,-33.745852,150.613738,Agrotis infusa,Bogong Moth
1791027352000,-34.498362,150.819965,Agrotis infusa,Bogong Moth
1791027405000,-33.694913,150.559483,Agrotis infusa,Bogong Moth
1791027583000,-34.374888,150.890228,Agrotis infusa,Bogong Moth
1791029295000,-35.415627,149.157009,Agrotis infusa,Bogong Moth
1791029869000,-33.73703,150.8425,Agrotis infusa,Bogong Moth
1791029869000,-33.73703,150.8425,Agrotis infusa,Bogong Moth
1791030145000,-36.0949,147.062808,Agrotis infusa,Bogong Moth
1791032970000,-32.716719,152.187014,Agrotis infusa,Bogong Moth
1791032970000,-32.716719,152.187014,Agrotis infusa,Bogong Moth
1791034159000,-36.756533,144.29183,Agrotis infusa,Bogong Moth
1791034185000,-38.189877,144.46192,Agrotis infusa,Bogong Moth
1791035593000,-38.202051,144.461768,Agrotis infusa,Bogong Moth
1791035874000,-37.578735,144.711628,Agrotis infusa,Bogong Moth
1791035874000,-37.578735,144.711628,Agrotis infusa,Bogong Moth
1791036156000,-37.636961,145.201656,Agrotis infusa,Bogong Moth
1791036412000,-33.906673,151.245584,Agrotis infusa,Bogong Moth
1791037447000,-35.336299,149.031249,Agrotis infusa,Bogong Moth
1791038501000,-36.933542,144.788103,Agrotis infusa,Bogong Moth
1791038753000,-33.926709,151.154051,Agrotis infusa,Bogong Moth
1791038846000,-34.748676,149.727852,Agrotis infusa,Bogong Moth
1791039543000,-33.929205,151.156091,Agrotis infusa,Bogong Moth
1791039674000,-33.386161,151.372433,Agrotis infusa,Bogong Moth
1791039862000,-37.359233,144.525987,Agrotis infusa,Bogong Moth
1791040091000,-33.926939,151.15862,Agrotis infusa,Bogong Moth
1791040274000,-33.955166,151.260579,Agrotis infusa,Bogong Moth
1791041064000,-33.805788,151.155778,Agrotis infusa,Bogong Moth
1791041300000,-33.954668,151.25909,Agrotis infusa,Bogong Moth
1791042131000,-33.756385,150.836563,Agrotis infusa,Bogong Moth
1791043073000,-33.80234,151.377124,Agrotis infusa,Bogong Moth
1791044337000,-33.900203,151.149492,Agrotis infusa,Bogong Moth
1791045078000,-32.732449,152.114839,Agrotis infusa,Bogong Moth
1791045148000,-36.894213,149.894547,Agrotis infusa,Bogong Moth
1791045750000,-33.746737,151.078156,Agrotis infusa,Bogong Moth
1791045815000,-33.425741,151.439689,Agrotis infusa,Bogong Moth
1791045815000,-32.732417,152.114849,Agrotis infusa,Bogong Moth
1791045941000,-32.947942,151.712325,Agrotis infusa,Bogong Moth
1791046090000,-30.444292,152.900297,Agrotis infusa,Bogong Moth
1791046090000,-30.444292,152.900297,Agrotis infusa,Bogong Moth
1791046415000,-33.85428,151.180638,Agrotis infusa,Bogong Moth
1791046716000,-33.3917,151.337937,Agrotis infusa,Bogong Moth
1791046800000,-33.024388,151.60285,Agrotis infusa,Bogong Moth
1791046800000,-33.024388,151.60285,Agrotis infusa,Bogong Moth
1791046920000,-31.119086,150.897922,Agrotis infusa,Bogong Moth
1791048330000,-33.589672,150.251063,Agrotis infusa,Bogong Moth
1791048614000,-35.867482,145.575806,Agrotis infusa,Bogong Moth
1791048641000,-33.765628,151.156611,Agrotis infusa,Bogong Moth
1791048981000,-33.756428,151.111012,Agrotis infusa,Bogong Moth
1791049084000,-33.699127,150.567995,Agrotis infusa,Bogong Moth
1791049140000,-38.252189,145.050559,Agrotis infusa,Bogong Moth
1791049156000,-33.242155,151.209782,Agrotis infusa,Bogong Moth
1791050349000,-33.746676,150.672648,Agrotis infusa,Bogong Moth
1791050425000,-33.185387,151.560487,Agrotis infusa,Bogong Moth
1791052104000,-31.192295,152.972305,Agrotis infusa,Bogong Moth
1791052600000,-33.43373,149.383621,Agrotis infusa,Bogong Moth
1791052611000,-30.438628,153.023728,Agrotis infusa,Bogong Moth
1791052620000,-33.433738,149.383637,Agrotis infusa,Bogong Moth
1791052832000,-37.898217,145.227587,Agrotis infusa,Bogong Moth
1791052846000,-33.888778,151.139083,Agrotis infusa,Bogong Moth
1791052846000,-33.888778,151.139083,Agrotis infusa,Bogong Moth
1791053329000,-33.377675,149.578613,Agrotis infusa,Bogong Moth
1791053635000,-33.37783,149.578462,Agrotis infusa,Bogong Moth
1791053635000,-33.37783,149.578462,Agrotis infusa,Bogong Moth
1791054129000,-33.377933,149.578505,Agrotis infusa,Bogong Moth
1791054499000,-33.433735,149.383622,Agrotis infusa,Bogong Moth
1791054670000,-37.771762,145.126382,Agrotis infusa,Bogong Moth
1791056220000,-41.169049,146.554679,Agrotis infusa,Bogong Moth
1791056760000,-33.569135,150.625289,Agrotis infusa,Bogong Moth
1791057300000,-33.569135,150.625289,Agrotis infusa,Bogong Moth
1791057949000,-33.765725,151.150575,Agrotis infusa,Bogong Moth
1791057949000,-33.765725,151.150575,Agrotis infusa,Bogong Moth
1791058835000,-28.917572,151.583578,Agrotis infusa,Bogong Moth
1791059159000,-28.917572,151.583578,Agrotis infusa,Bogong Moth
1791059159000,-28.917572,151.583578,Agrotis infusa,Bogong Moth
1791059880000,-41.169049,146.554679,Agrotis infusa,Bogong Moth
1791059880000,-41.169049,146.554679,Agrotis infusa,Bogong Moth
1791060297000,-32.764051,151.87267,Agrotis infusa,Bogong Moth
1791060699000,-28.917563,151.583747,Agrotis infusa,Bogong Moth
1791061620000,-38.205584,144.84483,Agrotis infusa,Bogong Moth
1791061620000,-38.205584,144.84483,Agrotis infusa,Bogong Moth
1791061680000,-38.379278,144.839105,Agrotis infusa,Bogong Moth
1791061680000,-38.379278,144.839105,Agrotis infusa,Bogong Moth
1791069611000,-32.683781,151.356987,Agrotis infusa,Bogong Moth
1791069611000,-32.683781,151.356987,Agrotis infusa,Bogong Moth
1791071528000,-33.728141,150.904861,Agrotis infusa,Bogong Moth
1791091863000,-33.897133,151.214037,Agrotis infusa,Bogong Moth
1791091863000,-33.897133,151.214037,Agrotis infusa,Bogong Moth
1791100260000,-28.820435,153.333771,Agrotis infusa,Bogong Moth
1791101580000,-33.842122,151.281295,Agrotis infusa,Bogong Moth
1791101677000,-40.943131,145.624339,Agrotis infusa,Bogong Moth
1791101677000,-40.943131,145.624339,Agrotis infusa,Bogong Moth
1791103430000,-33.839487,151.279175,Agrotis infusa,Bogong Moth
1791104251000,-33.819349,151.211288,Agrotis infusa,Bogong Moth
1791104379000,-34.006158,151.07247,Agrotis infusa,Bogong Moth
1791104647000,-32.678562,152.180526,Agrotis infusa,Bogong Moth
1791105469000,-35.078664,150.689833,Agrotis infusa,Bogong Moth
1791106438000,-33.831738,151.075072,Agrotis infusa,Bogong Moth
1791107419000,-37.697,145.145156,Agrotis infusa,Bogong Moth
1791108735000,-33.704411,151.003806,Agrotis infusa,Bogong Moth
1791109192000,-32.270613,148.617963,Agrotis infusa,Bogong Moth
1791109214000,-33.854847,151.285553,Agrotis infusa,Bogong Moth
1791109291000,-33.623669,151.143303,Agrotis infusa,Bogong Moth
1791112053000,-34.423799,150.891244,Agrotis infusa,Bogong Moth
1791113147000,-36.752511,147.143778,Agrotis infusa,Bogong Moth
1791113147000,-36.752511,147.143778,Agrotis infusa,Bogong Moth
1791114350000,-37.623621,145.074504,Agrotis infusa,Bogong Moth
1791114350000,-37.623621,145.074504,Agrotis infusa,Bogong Moth
1791114665000,-38.154549,144.316146,Agrotis infusa,Bogong Moth
1791115680000,-36.43887,150.060216,Agrotis infusa,Bogong Moth
1791116617000,-33.698725,150.567465,Agrotis infusa,Bogong Moth
1791116972000,-33.41,151.44,Agrotis infusa,Bogong Moth
1791119510000,-33.242841,148.345306,Agrotis infusa,Bogong Moth
1791120916000,-34.369403,150.930205,Agrotis infusa,Bogong Moth
1791121687000,-34.68373,150.851013,Agrotis infusa,Bogong Moth
1791121691000,-34.6838,150.850937,Agrotis infusa,Bogong Moth
1791122118000,-34.661265,150.310912,Agrotis infusa,Bogong Moth
1791122118000,-34.661265,150.310912,Agrotis infusa,Bogong Moth
1791122864000,-35.113358,150.631425,Agrotis infusa,Bogong Moth
1791122864000,-35.113358,150.631425,Agrotis infusa,Bogong Moth
1791122961000,-36.050359,146.881666,Agrotis infusa,Bogong Moth
1791124038000,-33.010478,151.236617,Agrotis infusa,Bogong Moth
1791124125000,-34.855915,150.73568,Agrotis infusa,Bogong Moth
1791125426000,-35.245622,149.053891,Agrotis infusa,Bogong Moth
1791125744000,-33.62345,151.320893,Agrotis infusa,Bogong Moth
1791128476000,-32.247347,152.513747,Agrotis infusa,Bogong Moth
1791129590000,-30.382337,152.889099,Agrotis infusa,Bogong Moth
1791130933000,-38.162257,144.308536,Agrotis infusa,Bogong Moth
1791130933000,-38.162257,144.308536,Agrotis infusa,Bogong Moth
1791131023000,-37.792005,145.334549,Agrotis infusa,Bogong Moth
1791131096000,-37.839142,145.190084,Agrotis infusa,Bogong Moth
