date_ms,lat,lon,species,common_name
1601668223000,-26.611455,153.026014,Anoplognathus pallidicollis,Christmas Beetle
1602389451000,-32.275894,120.261588,Anoplognathus macleayi aurora,
1603264003000,-25.512818,153.120037,Anoplognathus olivieri,Christmas Beetle
1603277500000,-33.443988,151.430631,Anoplognathus concolor,
1603914840000,-26.823995,152.919953,Anoplognathus concolor,
1604087040000,-28.254232,153.377118,Anoplognathus concolor,
1604345220000,-28.007782,153.261238,Anoplognathus pallidicollis,Christmas Beetle
1604489280000,-29.34451,151.68095,Anoplognathus flavipennis,
1604605386000,-26.501932,152.773834,Anoplognathus boisduvalii,
1604609460000,-28.254171,153.377246,Anoplognathus porosus,
1604639340000,-26.823703,152.920945,Anoplognathus pallidicollis,Christmas Beetle
1604643600000,-26.823703,152.920945,Anoplognathus pallidicollis,Christmas Beetle
1604693940000,-26.482643,152.898338,Anoplognathus porosus,
1604775132000,-26.611479,153.026394,Anoplognathus porosus,
1604775132000,-26.611479,153.026394,Anoplognathus porosus,
1605090240000,-26.63038,152.871473,Anoplognathus porosus,
1605209817000,-26.611585,153.026252,Anoplognathus porosus,
1605387360000,-34.633312,138.727207,Anoplognathus montanus,
1605406991000,-33.674418,150.828497,Anoplognathus velutinus,
1605416940000,-26.823688,152.921157,Anoplognathus pallidicollis,Christmas Beetle
1605473640000,-26.823856,152.921589,Anoplognathus pallidicollis,Christmas Beetle
1605556200000,-26.714302,152.815096,Anoplognathus prasinus,
1605560603000,-37.487364,149.182944,Anoplognathus velutinus,
1605589920000,-26.823818,152.921433,Anoplognathus abnormis,
1605593640000,-31.931921,152.413987,Anoplognathus porosus,
1605603900000,-35.698988,150.229487,Anoplognathus concolor,
1605630000000,-35.699013,150.22943,Anoplognathus porosus,
1605696420000,-32.687333,151.348002,Anoplognathus flavipennis,
1605958680000,-35.192643,149.159075,Anoplognathus velutinus,
1606033380000,-34.427812,150.893061,Anoplognathus concolor,
1606076880000,-35.780812,150.229847,Anoplognathus viriditarsis,
1606078961000,-33.715608,150.602751,Anoplognathus porosus,
1606111818000,-35.300894,149.182633,Anoplognathus hirsutus,
1606163502000,-26.611558,153.026395,Anoplognathus abnormis,
1606199520000,-38.175465,145.131542,Anoplognathus olivieri,Christmas Beetle
1606229067000,-34.855457,150.568908,Anoplognathus viriditarsis,
1606330260000,-34.086391,150.587223,Anoplognathus viriditarsis,
1606335120000,-26.714302,152.815096,Anoplognathus prasinus,
1606401295000,-29.828989,151.141893,Anoplognathus brunnipennis,
1606435200000,-35.79692,136.84197,Anoplognathus velutinus,
1606565712000,-37.027458,142.392833,Anoplognathus velutinus,
1606569106000,-34.040139,151.065337,Anoplognathus olivieri,Christmas Beetle
1606738316000,-33.109286,150.681428,Anoplognathus viridiaeneus,King Christmas Beetle
1606741990000,-33.109117,150.684845,Anoplognathus olivieri,Christmas Beetle
1606823040000,-35.021318,138.633112,Anoplognathus velutinus,
1606939537000,-26.611373,153.026025,Anoplognathus porosus,
1606939545000,-26.611266,153.026003,Anoplognathus pallidicollis,Christmas Beetle
1607075700000,-33.7,151.1,Anoplognathus pallidicollis,Christmas Beetle
1607106718000,-30.105616,153.126325,Anoplognathus flavipennis,
1607241480000,-26.467425,152.966644,Anoplognathus prasinus,
1607352600000,-37.967597,147.077622,Anoplognathus brunnipennis,
1607386380000,-35.225146,149.142323,Anoplognathus montanus,
1607547780000,-29.852017,153.258367,Anoplognathus porosus,
1607561160000,-36.735668,149.977334,Anoplognathus olivieri,Christmas Beetle
1607636125000,-27.520556,152.976111,Anoplognathus porosus,
1607650320000,-35.86758,149.011966,Anoplognathus hirsutus,
1607798391000,-34.15035,151.070702,Anoplognathus viridiaeneus,King Christmas Beetle
1607800015000,-33.771062,151.080506,Anoplognathus viriditarsis,
1607803380000,-26.915739,152.760147,Anoplognathus pallidicollis,Christmas Beetle
1607806680000,-37.763526,145.356846,Anoplognathus brunnipennis,
1607857920000,-36.576471,149.756029,Anoplognathus viriditarsis,
1607896920000,-37.954871,145.026735,Anoplognathus olivieri,Christmas Beetle
1608019618000,-38.392605,144.953036,Anoplognathus olivieri,Christmas Beetle
1608027007000,-35.173613,150.721725,Anoplognathus olivieri,Christmas Beetle
1608051553000,-35.367351,149.123699,Anoplognathus brunnipennis,
1608157320000,-34.675077,150.718024,Anoplognathus concolor,
1608201720000,-37.26762,148.137803,Anoplognathus suturalis,
1608223298000,-38.126992,145.269531,Anoplognathus olivieri,Christmas Beetle
1608242460000,-34.658054,150.307845,Anoplognathus pallidicollis,Christmas Beetle
1608249600000,-36.108889,149.493116,Anoplognathus hirsutus,
1608316993000,-33.653333,151.068056,Anoplognathus viriditarsis,
1608324900000,-16.8,145.6,Anoplognathus punctulatus,
1608340358000,-33.932147,150.631858,Anoplognathus flavipennis,
1608398640000,-38.000599,145.523002,Anoplognathus brunnipennis,
1608422400000,-31.498888,152.24889,Anoplognathus flavipennis,
1608461580000,-33.418,151.443,Anoplognathus flavipennis,
1608534000000,-37.967024,145.160671,Anoplognathus olivieri,Christmas Beetle
1608548283000,-33.745063,151.038283,Anoplognathus flavipennis,
1608637440000,-33.696965,151.114868,Anoplognathus viridiaeneus,King Christmas Beetle
1608713114000,-27.628758,153.466995,Anoplognathus olivieri,Christmas Beetle
1608728404000,-33.688605,151.155992,Anoplognathus viriditarsis,
1608744455000,-27.441426,153.00211,Anoplognathus porosus,
1608802920000,-37.117839,147.930826,Anoplognathus viriditarsis,
1608844403000,-30.472894,151.635461,Anoplognathus flavipennis,
1608891474000,-37.543292,149.755151,Anoplognathus rugosus,
1608987780000,-31.618213,152.833615,Anoplognathus viridiaeneus,King Christmas Beetle
1608989460000,-34.224295,150.524675,Anoplognathus viriditarsis,
1609005375000,-27.977481,153.309192,Anoplognathus porosus,
1609101780000,-28.254165,153.377,Anoplognathus concolor,
1609103427000,-32.030678,152.54518,Anoplognathus porosus,
1609146182000,-38.809441,146.003632,Anoplognathus chloropyrus,
1609286400000,-41.441817,147.103834,Anoplognathus suturalis,
1609296480000,-35.244735,148.980422,Anoplognathus pallidicollis,Christmas Beetle
1609333500000,-36.378704,150.06557,Anoplognathus olivieri,Christmas Beetle
1609374420000,-16.811819,145.56587,Anoplognathus daemeli,
1609406520000,-23.9,151.1,Anoplognathus porosus,
1609451671000,-36.873075,140.817812,Anoplognathus pallidicollis,Christmas Beetle
1609505224000,-38.107097,145.152725,Anoplognathus olivieri,Christmas Beetle
1609709107000,-30.472906,151.635413,Anoplognathus brunnipennis,
1609709333000,-36.923308,149.635463,Anoplognathus montanus,
1609716953000,-30.472906,151.635413,Anoplognathus porosus,
1609747740000,-36.37879,150.065532,Anoplognathus olivieri,Christmas Beetle
1609760967000,-33.416944,149.584444,Anoplognathus brunnipennis,
1609771560000,-31.542497,152.7359,Anoplognathus viriditarsis,
1609961700000,-38.172401,145.137577,Anoplognathus olivieri,Christmas Beetle
1610113140000,-31.511332,152.670914,Anoplognathus viriditarsis,
1610148324000,-36.257121,144.413353,Anoplognathus montanus,
1610188980000,-34.579005,142.384291,Anoplognathus montanus,
1610236800000,-42.831307,147.705148,Anoplognathus suturalis,
1610284001000,-32.307118,151.819642,Anoplognathus viriditarsis,
1610358652000,-35.443772,150.4048,Anoplognathus olivieri,Christmas Beetle
1610392658000,-38.640747,146.184447,Anoplognathus brunnipennis,
1610393100000,-35.132957,150.716827,Anoplognathus viriditarsis,
1610397000000,-28.254207,153.377128,Anoplognathus porosus,
1610406180000,-36.713192,144.335955,Anoplognathus montanus,
1610447280000,-35.259185,149.152165,Anoplognathus porosus,
1610538600000,-31.62147,152.828103,Anoplognathus viridiaeneus,King Christmas Beetle
1610558280000,-31.631692,152.834014,Anoplognathus porosus,
1610660838000,-33.664952,150.929292,Anoplognathus flavipennis,
1610788200000,-26.359692,152.635428,Anoplognathus daemeli,
1610828047000,-35.724092,149.648072,Anoplognathus hirsutus,
1611008640000,-26.823943,152.91991,Anoplognathus abnormis,
1611091800000,-28.191405,153.350578,Anoplognathus pallidicollis,Christmas Beetle
1611488459000,-35.228241,149.16465,Anoplognathus porosus,
1611610200000,-38.354409,146.387921,Anoplognathus viriditarsis,
1612108983000,-34.843412,150.577575,Anoplognathus viridiaeneus,King Christmas Beetle
1612527540000,-37.612742,147.343364,Anoplognathus viriditarsis,
1612783959000,-33.769308,150.614761,Anoplognathus viriditarsis,
1613161140000,-26.823995,152.919953,Anoplognathus rhinastus,
1613254668000,-37.608533,140.546203,Anoplognathus olivieri,Christmas Beetle
1613300319000,-17.28889,145.63396,Anoplognathus daemeli,
1613601240000,-36.927664,140.029146,Anoplognathus olivieri,Christmas Beetle
1613833911000,-35.085561,150.233425,Anoplognathus brunnipennis,
1615055640000,-16.25772,145.342598,Anoplognathus smaragdinus,
1615583550000,-32.637547,138.40152,Anoplognathus macleayi,
1615588927000,-32.63755,138.40097,Anoplognathus macleayi,
1631050560000,-24.98903,152.480936,Anoplognathus viridiaeneus,King Christmas Beetle
1633980300000,-26.714302,152.815096,Anoplognathus concolor,
1635024840000,-33.659827,151.066696,Anoplognathus concolor,
1635059820000,-31.941723,152.401016,Anoplognathus concolor,
1635105780000,-26.714302,152.815096,Anoplognathus prasinus,
1635276329000,-26.611501,153.026053,Anoplognathus abnormis,
1635330420000,-26.714302,152.815096,Anoplognathus daemeli,
1635366418000,-34.088944,150.816575,Anoplognathus velutinus,
1635537120000,-26.714302,152.815096,Anoplognathus prasinus,
1635863245000,-31.463274,152.878561,Anoplognathus porosus,
1635866970000,-33.778442,151.170532,Anoplognathus velutinus,
1635890632000,-37.808222,144.14703,Anoplognathus velutinus,
1636139324000,-38.194643,145.089543,Anoplognathus velutinus,
1636219247000,-33.761165,151.123255,Anoplognathus concolor,
1636228539000,-26.611455,153.026007,Anoplognathus concolor,
1636233504000,-26.61145,153.026021,Anoplognathus porosus,
1636240305000,-34.014411,151.065267,Anoplognathus porosus,
1636315912000,-38.042071,145.118193,Anoplognathus velutinus,
1636537020000,-28.324842,153.230928,Anoplognathus porosus,
1636831440000,-17.840574,145.984734,Anoplognathus aureus,
1637079420000,-33.97747,150.997182,Anoplognathus viriditarsis,
1637100720000,-28.163295,153.286553,Anoplognathus pallidicollis,Christmas Beetle
1637316546000,-34.918161,138.528495,Anoplognathus montanus,
1637407920000,-27.333242,152.762896,Anoplognathus concolor,
1637527650000,-38.187271,145.096714,Anoplognathus olivieri,Christmas Beetle
1637788156000,-31.089351,141.705336,Anoplognathus macleayi,
1638057248000,-36.293106,139.698255,Anoplognathus montanus,
1638133680000,-29.852433,153.260347,Anoplognathus porosus,
1638144720000,-34.847033,138.55783,Anoplognathus montanus,
1638188520000,-33.941227,151.242525,Anoplognathus olivieri,Christmas Beetle
1638226080000,-29.5,153.1,Anoplognathus porosus,
1638264015000,-17.288787,145.634033,Anoplognathus abnormis,
1638351011000,-38.32708,144.722642,Anoplognathus olivieri,Christmas Beetle
1638351011000,-38.32708,144.722642,Anoplognathus olivieri,Christmas Beetle
1638385200000,-26.317843,152.904448,Anoplognathus porosus,
1638389820000,-26.714302,152.815096,Anoplognathus daemeli,
1638392760000,-26.714302,152.815096,Anoplognathus abnormis,
1638403200000,-33.733413,151.165331,Anoplognathus porosus,
1638434280000,-33.70297,151.100866,Anoplognathus porosus,
1638478260000,-34.010087,151.050744,Anoplognathus olivieri,Christmas Beetle
1638563340000,-28.257828,153.401416,Anoplognathus concolor,
1638600481000,-35.827756,150.202819,Anoplognathus olivieri,Christmas Beetle
1638648014000,-26.611469,153.025976,Anoplognathus pallidicollis,Christmas Beetle
1638651300000,-26.714302,152.815096,Anoplognathus prasinus,
1638691620000,-20.946078,148.848511,Anoplognathus parvulus,
1638781560000,-27.848998,153.196072,Anoplognathus porosus,
1638961457000,-35.203181,150.552582,Anoplognathus olivieri,Christmas Beetle
1639089960000,-35.842715,137.946791,Anoplognathus montanus,
1639173480000,-27.717,152.462,Anoplognathus porosus,
1639178700000,-17.080483,145.358508,Anoplognathus parvulus,
1639238599000,-33.754238,151.095198,Anoplognathus viriditarsis,
1639243440000,-34.263419,150.913208,Anoplognathus concolor,
1639260120000,-37.731137,145.241097,Anoplognathus velutinus,
1639293561000,-38.175273,145.132364,Anoplognathus velutinus,
1639552500000,-37.964427,145.154169,Anoplognathus olivieri,Christmas Beetle
1639749373000,-34.082853,151.056214,Anoplognathus olivieri,Christmas Beetle
1639819631000,-33.527305,151.361497,Anoplognathus olivieri,Christmas Beetle
1639865220000,-30.469082,151.638343,Anoplognathus porosus,
1639919126000,-27.660278,152.755478,Anoplognathus porosus,
1639953600000,-28.414509,153.021951,Anoplognathus concolor,
1640008800000,-28.735303,151.996827,Anoplognathus porosus,
1640040369000,-37.037947,145.145295,Anoplognathus montanus,
1640125363000,-35.339262,149.076811,Anoplognathus brunnipennis,
1640252520000,-38.545252,146.974568,Anoplognathus olivieri,Christmas Beetle
1640273881000,-37.116694,144.86647,Anoplognathus montanus,
1640299920000,-27.6,153.3,Anoplognathus pallidicollis,Christmas Beetle
1640340691000,-35.659274,137.232708,Anoplognathus montanus,
1640381630000,-30.472967,151.635586,Anoplognathus montanus,
1640433120000,-24.003194,151.329248,Anoplognathus boisduvalii,
1640471452000,-33.348338,151.437163,Anoplognathus porosus,
1640471700000,-33.347912,151.437378,Anoplognathus porosus,
1640534040000,-32.942316,151.481984,Anoplognathus porosus,
1640581200000,-26.823995,152.919953,Anoplognathus daemeli,
1640691470000,-34.485822,150.83939,Anoplognathus viriditarsis,
1640730739000,-25.570583,152.640603,Anoplognathus montanus,
1640730946000,-25.570516,152.640693,Anoplognathus montanus,
1640798957000,-38.033037,145.134411,Anoplognathus olivieri,Christmas Beetle
1640801545000,-38.175521,145.13218,Anoplognathus velutinus,
1640812500000,-34.815476,138.963226,Anoplognathus montanus,
1640812500000,-34.815476,138.963226,Anoplognathus montanus,
1640860793000,-33.756528,151.22635,Anoplognathus olivieri,Christmas Beetle
1640894460000,-28.728233,151.758663,Anoplognathus flavipennis,
1640894469000,-28.7,151.8,Anoplognathus brunnipennis,
1640903400000,-16.900012,145.74796,Anoplognathus smaragdinus,
1640905320000,-29.355572,153.282068,Anoplognathus porosus,
1640944140000,-35.464671,149.10142,Anoplognathus brunnipennis,
1640996863000,-37.831838,145.059833,Anoplognathus olivieri,Christmas Beetle
1641031980000,-35.238337,149.029378,Anoplognathus porosus,
1641032843000,-33.752278,151.294997,Anoplognathus olivieri,Christmas Beetle
1641045780000,-36.305602,140.777007,Anoplognathus pallidicollis,Christmas Beetle
1641066660000,-34.9,138.6,Anoplognathus montanus,
1641067860000,-26.623946,152.843125,Anoplognathus pallidicollis,Christmas Beetle
1641068400000,-17.341144,145.869323,Anoplognathus aeneus,
1641071520000,-17.341442,145.869597,Anoplognathus punctulatus,
1641077200000,-38.125197,145.010417,Anoplognathus olivieri,Christmas Beetle
1641117540000,-35.238204,149.029517,Anoplognathus pallidicollis,Christmas Beetle
1641196080000,-16.8,145.6,Anoplognathus aureus,
1641198420000,-27.576403,152.719474,Anoplognathus boisduvalii,
1641278888000,-35.304615,149.022047,Anoplognathus porosus,
1641377405000,-38.141724,145.139107,Anoplognathus olivieri,Christmas Beetle
1641506100000,-16.962466,145.678943,Anoplognathus daemeli,
1641506880000,-28.254087,153.376968,Anoplognathus porosus,
1641516198000,-35.304734,149.021937,Anoplognathus pallidicollis,Christmas Beetle
1641638400000,-37.865813,144.971573,Anoplognathus olivieri,Christmas Beetle
1641664139000,-35.300494,149.182328,Anoplognathus montanus,
1641674700000,-28.257937,153.401582,Anoplognathus porosus,
1641745742000,-33.772413,151.080489,Anoplognathus porosus,
1641758946000,-38.379208,147.188553,Anoplognathus olivieri,Christmas Beetle
1641765305000,-21.155553,148.74208,Anoplognathus boisduvalii,
1641854100000,-35.087953,138.668219,Anoplognathus montanus,
1641891120000,-33.804278,148.475088,Anoplognathus montanus,
1641896705000,-36.251874,150.226703,Anoplognathus olivieri,Christmas Beetle
1641933734000,-38.474317,146.16928,Anoplognathus brunnipennis,
1642189008000,-29.397543,153.370503,Anoplognathus olivieri,Christmas Beetle
1642216680000,-36.113399,148.913408,Anoplognathus hirsutus,
1642355359000,-37.066233,149.907212,Anoplognathus porosus,
1642359226000,-35.551349,150.287675,Anoplognathus olivieri,Christmas Beetle
1642500714000,-37.796068,148.536576,Anoplognathus olivieri,Christmas Beetle
1642723200000,-10.116416,142.127548,Anoplognathus nebulosus,
1642723200000,-10.116416,142.127548,Anoplognathus nebulosus,
1642723200000,-10.116416,142.127548,Anoplognathus nebulosus,
1642723200000,-10.116416,142.127548,Anoplognathus nebulosus,
1642723200000,-10.116416,142.127548,Anoplognathus nebulosus,
1642723200000,-10.116416,142.127548,Anoplognathus nebulosus,
1642723200000,-10.116416,142.127548,Anoplognathus nebulosus,
1642723200000,-10.116416,142.127548,Anoplognathus nebulosus,
1642723200000,-10.116416,142.127548,Anoplognathus nebulosus,
1642780260000,-38.660357,146.337037,Anoplognathus brunnipennis,
1642797600000,-35.958267,137.045157,Anoplognathus montanus,
1642799591000,-34.990458,138.636713,Anoplognathus montanus,
1642807860000,-33.8,150.7,Anoplognathus porosus,
1642972560000,-38.286999,145.08104,Anoplognathus viriditarsis,
1642982400000,-10.116416,142.127548,Anoplognathus nebulosus,
1643001180000,-33.522464,151.153324,Anoplognathus porosus,
1643041103000,-28.8,152.1,Anoplognathus brunnipennis,
1643068800000,-10.116416,142.127548,Anoplognathus nebulosus,
1643217262000,-33.809782,150.666193,Anoplognathus viriditarsis,
1643217262000,-33.809782,150.666193,Anoplognathus viriditarsis,
1643482320000,-34.867226,138.679879,Anoplognathus montanus,
1643540366000,-36.164935,150.118575,Anoplognathus olivieri,Christmas Beetle
1643572505000,-35.082923,138.883522,Anoplognathus montanus,
1643577420000,-27.550562,153.034015,Anoplognathus pallidicollis,Christmas Beetle
1643756820000,-33.80237,151.17856,Anoplognathus pallidicollis,Christmas Beetle
1644345794000,-32.840042,151.831405,Anoplognathus olivieri,Christmas Beetle
1644419100000,-33.90615,150.807388,Anoplognathus brunnipennis,
1644582780000,-37.261054,147.723228,Anoplognathus brunnipennis,
1644762966000,-27.457371,152.401088,Anoplognathus montanus,
1645388460000,-16.895488,145.612092,Anoplognathus punctulatus,
1645559760000,-16.895488,145.612092,Anoplognathus punctulatus,
1645559780000,-16.895488,145.612092,Anoplognathus daemeli,
1645559900000,-16.895488,145.612092,Anoplognathus daemeli,
1645559911000,-16.895488,145.612092,Anoplognathus punctulatus,
1645634640000,-33.849047,151.025464,Anoplognathus porosus,
1645689477000,-35.018872,138.62503,Anoplognathus montanus,
1645774454000,-33.416805,151.4431,Anoplognathus olivieri,Christmas Beetle
1645890420000,-38.575508,146.196703,Anoplognathus brunnipennis,
1645995540000,-34.956113,138.679497,Anoplognathus montanus,
1646342880000,-17.442356,145.456215,Anoplognathus smaragdinus,
1651553573000,-41.5075,147.067489,Anoplognathus suturalis,
1665835877000,-27.339942,152.955445,Anoplognathus concolor,
1666643760000,-26.714302,152.815096,Anoplognathus prasinus,
1666901165000,-27.510214,152.935353,Anoplognathus pallidicollis,Christmas Beetle
1666984320000,-26.482553,152.898091,Anoplognathus porosus,
1666987102000,-31.446595,152.90825,Anoplognathus porosus,
1666995020000,-17.204783,145.679108,Anoplognathus concolor,
1667164176000,-27.064904,153.067713,Anoplognathus porosus,
1667171340000,-28.331379,153.536711,Anoplognathus prasinus,
1667391300000,-33.369715,151.464837,Anoplognathus porosus,
1667441220000,-27.991455,153.185456,Anoplognathus concolor,
1667763323000,-27.451538,152.956637,Anoplognathus porosus,
1667811660000,-25.909507,153.090628,Anoplognathus multiseriatus,
1668124800000,-25.353387,152.753153,Anoplognathus porosus,
1668199980000,-25.351615,152.75592,Anoplognathus viridiaeneus,King Christmas Beetle
1668200520000,-26.823995,152.919953,Anoplognathus concolor,
1668201394000,-33.481522,151.309372,Anoplognathus concolor,
1668211200000,-33.77275,151.077,Anoplognathus porosus,
1668241422000,-17.949152,146.053231,Anoplognathus smaragdinus,
1668282393000,-26.61139,153.025993,Anoplognathus abnormis,
1668290313000,-27.760555,153.2007,Anoplognathus pallidicollis,Christmas Beetle
1668340440000,-34.008002,151.105692,Anoplognathus olivieri,Christmas Beetle
1668371460000,-31.802656,152.33341,Anoplognathus concolor,
1668434861000,-26.717814,153.062836,Anoplognathus pallidicollis,Christmas Beetle
1668458040000,-26.714302,152.815096,Anoplognathus prasinus,
1668459600000,-31.312815,152.97102,Anoplognathus olivieri,Christmas Beetle
1668463680000,-30.475892,152.883375,Anoplognathus porosus,
1668489840000,-26.823775,152.920301,Anoplognathus daemeli,
1668507840000,-33.507649,151.336432,Anoplognathus porosus,
1668545328000,-27.580822,153.177278,Anoplognathus pallidicollis,Christmas Beetle
1668546960000,-28.258185,153.401456,Anoplognathus porosus,
1668582600000,-21.3,149.1,Anoplognathus porosus,
1668590160000,-33.505967,151.316017,Anoplognathus porosus,
1668625980000,-27.546074,152.826997,Anoplognathus pallidicollis,Christmas Beetle
1668627644000,-16.08455,145.46395,Anoplognathus punctulatus,
1668687540000,-27.487755,153.190794,Anoplognathus porosus,
1668719940000,-26.798955,133.33836,Anoplognathus macleayi aurora,
1668796330000,-33.793583,151.009985,Anoplognathus porosus,
1668868151000,-33.762494,150.660247,Anoplognathus porosus,
1668889740000,-27.693572,153.027297,Anoplognathus pallidicollis,Christmas Beetle
1668889740000,-27.693572,153.027297,Anoplognathus pallidicollis,Christmas Beetle
1668924586000,-28.538126,153.548737,Anoplognathus olivieri,Christmas Beetle
1668977940000,-28.258216,153.401507,Anoplognathus porosus,
1668979560000,-28.258188,153.401502,Anoplognathus concolor,
1668983940000,-33.657303,151.39742,Anoplognathus porosus,
1669052520000,-28.328756,153.375428,Anoplognathus porosus,
1669059600000,-26.714302,152.815096,Anoplognathus concolor,
1669212016000,-33.517197,151.316241,Anoplognathus porosus,
1669212016000,-33.517197,151.316241,Anoplognathus porosus,
1669229615000,-32.72589,152.105619,Anoplognathus olivieri,Christmas Beetle
1669235771000,-33.105967,151.519171,Anoplognathus porosus,
1669236960000,-28.258157,153.401568,Anoplognathus porosus,
1669237800000,-35.085653,150.651871,Anoplognathus olivieri,Christmas Beetle
1669294140000,-30.147223,153.189175,Anoplognathus olivieri,Christmas Beetle
1669294140000,-30.147223,153.189175,Anoplognathus olivieri,Christmas Beetle
1669308480000,-29.405281,153.350302,Anoplognathus olivieri,Christmas Beetle
1669315725000,-33.75403,150.6533,Anoplognathus viriditarsis,
1669319880000,-28.25858,153.40165,Anoplognathus pallidicollis,Christmas Beetle
1669327306000,-33.74572,150.930776,Anoplognathus porosus,
1669361337000,-33.768987,151.27983,Anoplognathus porosus,
1669370953000,-33.767937,151.280533,Anoplognathus porosus,
1669404840000,-27.564928,151.82432,Anoplognathus porosus,
1669405740000,-25.790159,152.695849,Anoplognathus daemeli,
1669409820000,-16.813926,145.627891,Anoplognathus punctulatus,
1669446840000,-24.866102,152.348892,Anoplognathus porosus,
1669459996000,-37.722975,145.028467,Anoplognathus velutinus,
1669463633000,-33.712588,150.556612,Anoplognathus concolor,
1669482780000,-27.5,153.0,Anoplognathus porosus,
1669492860000,-25.529274,152.690303,Anoplognathus porosus,
1669495411000,-33.270422,151.564514,Anoplognathus olivieri,Christmas Beetle
1669496580000,-28.230667,153.2437,Anoplognathus prasinus,
1669538306000,-37.938034,145.067637,Anoplognathus olivieri,Christmas Beetle
1669548840000,-33.834354,151.204201,Anoplognathus porosus,
1669566596000,-33.749345,151.000804,Anoplognathus porosus,
1669582649000,-32.678722,152.181058,Anoplognathus porosus,
1669626690000,-27.58327,152.732955,Anoplognathus boisduvalii,
1669626690000,-27.58327,152.732955,Anoplognathus boisduvalii,
1669628864000,-21.152221,148.929006,Anoplognathus porosus,
1669642200000,-24.854043,152.387976,Anoplognathus porosus,
1669648493000,-34.800653,138.653079,Anoplognathus montanus,
1669652883000,-33.760562,151.216589,Anoplognathus olivieri,Christmas Beetle
1669660636000,-33.77211,150.732202,Anoplognathus porosus,
1669661700000,-18.0,146.1,Anoplognathus pallidicollis,Christmas Beetle
1669671158000,-29.407155,153.353332,Anoplognathus porosus,
1669706071000,-27.535478,153.108511,Anoplognathus pallidicollis,Christmas Beetle
1669720327000,-33.490425,151.431581,Anoplognathus olivieri,Christmas Beetle
1669729651000,-26.583237,153.006518,Anoplognathus prasinus,
1669737218000,-33.365851,151.470273,Anoplognathus porosus,
1669743194000,-33.351654,151.439961,Anoplognathus porosus,
1669749240000,-19.757813,146.834938,Anoplognathus boisduvalii,
1669759400000,-30.749167,152.999222,Anoplognathus olivieri,Christmas Beetle
1669815679000,-36.89128,149.926163,Anoplognathus olivieri,Christmas Beetle
1669820160000,-35.855097,150.176347,Anoplognathus olivieri,Christmas Beetle
1669842780000,-28.843359,153.452449,Anoplognathus porosus,
1669887379000,-31.567247,147.209703,Anoplognathus montanus,
1669887513000,-33.734962,151.047883,Anoplognathus porosus,
1669925040000,-16.889171,145.686127,Anoplognathus abnormis,
1669927640000,-16.903312,145.750153,Anoplognathus smaragdinus,
1669970203000,-33.75898,151.109009,Anoplognathus porosus,
1669983180000,-34.055627,150.771849,Anoplognathus porosus,
1669983608000,-33.782748,151.088034,Anoplognathus porosus,
1670004330000,-34.065967,151.012894,Anoplognathus porosus,
1670010780000,-34.825631,138.714466,Anoplognathus montanus,
1670011084000,-33.831192,150.987402,Anoplognathus porosus,
1670017560000,-34.874841,138.709709,Anoplognathus montanus,
1670019967000,-23.753953,133.87375,Anoplognathus macleayi aurora,
1670020962000,-38.064192,145.17319,Anoplognathus olivieri,Christmas Beetle
1670052926000,-20.406945,148.589112,Anoplognathus porosus,
1670085691000,-33.48545,151.318022,Anoplognathus flavipennis,
1670106120000,-32.7091,152.06375,Anoplognathus porosus,
1670108040000,-37.779098,145.110737,Anoplognathus velutinus,
1670147760000,-32.822595,151.492562,Anoplognathus flavipennis,
1670170860000,-33.890278,151.176112,Anoplognathus porosus,
1670178780000,-27.504992,152.955076,Anoplognathus porosus,
1670257727000,-33.907222,151.2657,Anoplognathus olivieri,Christmas Beetle
1670269490000,-27.438047,153.011108,Anoplognathus porosus,
1670270400000,-32.916073,151.676488,Anoplognathus concolor,
1670275620000,-27.980499,153.382478,Anoplognathus concolor,
1670279280000,-21.070033,149.155544,Anoplognathus parvulus,
1670284800000,-28.655148,151.934471,Anoplognathus porosus,
1670340600000,-32.842918,151.601156,Anoplognathus porosus,
1670413260000,-33.365995,151.499994,Anoplognathus porosus,
1670422320000,-33.847824,151.168415,Anoplognathus olivieri,Christmas Beetle
1670426880000,-26.482549,152.897962,Anoplognathus porosus,
1670427233000,-38.222153,145.066742,Anoplognathus velutinus,
1670428797000,-26.533535,153.184809,Anoplognathus viridiaeneus,King Christmas Beetle
1670432846000,-34.758752,138.634854,Anoplognathus velutinus,
1670433552000,-33.804685,150.995815,Anoplognathus flavipennis,
1670441513000,-16.594721,145.339895,Anoplognathus punctulatus,
1670508780000,-33.759137,151.247956,Anoplognathus olivieri,Christmas Beetle
1670508780000,-33.759137,151.247956,Anoplognathus olivieri,Christmas Beetle
1670511760000,-34.405857,150.876626,Anoplognathus viriditarsis,
1670561460000,-21.017053,148.83128,Anoplognathus parvulus,
1670603406000,-33.730481,151.297744,Anoplognathus olivieri,Christmas Beetle
1670617174000,-33.34889,151.498617,Anoplognathus olivieri,Christmas Beetle
1670659588000,-34.000153,151.086778,Anoplognathus olivieri,Christmas Beetle
1670662380000,-27.575697,152.703967,Anoplognathus boisduvalii,
1670669664000,-33.463637,151.324055,Anoplognathus olivieri,Christmas Beetle
1670677991000,-33.675997,151.116561,Anoplognathus porosus,
1670686402000,-33.621827,151.206445,Anoplognathus olivieri,Christmas Beetle
1670688720000,-26.482521,152.898027,Anoplognathus abnormis,
1670693798000,-27.548857,152.989494,Anoplognathus porosus,
1670702099000,-17.20491,145.676834,Anoplognathus punctulatus,
1670705220000,-35.018333,138.634469,Anoplognathus montanus,
1670746672000,-36.033212,146.929425,Anoplognathus montanus,
1670748882000,-33.682964,151.286912,Anoplognathus porosus,
1670754365000,-32.764808,152.117315,Anoplognathus porosus,
1670757442000,-33.842013,151.180938,Anoplognathus porosus,
1670762741000,-38.146286,145.166078,Anoplognathus olivieri,Christmas Beetle
1670772519000,-38.377296,144.797625,Anoplognathus olivieri,Christmas Beetle
1670794394000,-34.042565,151.068189,Anoplognathus concolor,
1670846717000,-34.918154,138.527063,Anoplognathus montanus,
1670866200000,-28.801184,153.592487,Anoplognathus olivieri,Christmas Beetle
1670867299000,-33.642256,151.109853,Anoplognathus viriditarsis,
1670874400000,-34.013608,151.094497,Anoplognathus olivieri,Christmas Beetle
1670875740000,-21.088336,149.106379,Anoplognathus parvulus,
1670878077000,-33.762375,151.425207,Anoplognathus porosus,
1670879748000,-27.374663,152.298267,Anoplognathus boisduvalii,
1670916905000,-33.72915,151.042686,Anoplognathus viriditarsis,
1670916905000,-33.72915,151.042686,Anoplognathus viriditarsis,
1670927190000,-32.758655,138.1586,Anoplognathus montanus,
1670940523000,-34.015518,151.097304,Anoplognathus porosus,
1670964959000,-33.652556,151.104911,Anoplognathus flavipennis,
1670966775000,-27.576492,153.168787,Anoplognathus rhinastus,
1670966857000,-27.57423,153.161225,Anoplognathus rhinastus,
1670967002000,-27.574183,153.161256,Anoplognathus rhinastus,
1670970026000,-21.162775,148.857407,Anoplognathus porosus,
1670976000000,-38.110446,145.131054,Anoplognathus olivieri,Christmas Beetle
1670998172000,-35.203255,150.546096,Anoplognathus olivieri,Christmas Beetle
1671004456000,-24.96938,152.220851,Anoplognathus porosus,
1671004539000,-30.205012,152.893162,Anoplognathus concolor,
1671015560000,-33.692933,151.107222,Anoplognathus porosus,
1671016448000,-34.058589,151.010986,Anoplognathus porosus,
1671021840000,-33.724823,150.944494,Anoplognathus viriditarsis,
1671022716000,-32.758608,138.158647,Anoplognathus montanus,
1671038474000,-34.89162,138.580353,Anoplognathus montanus,
1671039932000,-35.020169,150.672333,Anoplognathus olivieri,Christmas Beetle
1671040339000,-30.513558,151.666778,Anoplognathus porosus,
1671047340000,-28.02723,153.335174,Anoplognathus concolor,
1671049080000,-25.790122,152.695836,Anoplognathus daemeli,
1671051180000,-30.351277,153.081644,Anoplognathus olivieri,Christmas Beetle
1671054180000,-28.119447,153.261443,Anoplognathus concolor,
1671054900000,-26.823995,152.919953,Anoplognathus porosus,
1671054988000,-16.890327,145.826311,Anoplognathus smaragdinus,
1671056880000,-28.180476,153.274469,Anoplognathus concolor,
1671058001000,-33.624823,151.36352,Anoplognathus olivieri,Christmas Beetle
1671059400000,-35.0,138.6,Anoplognathus montanus,
1671059400000,-35.0,138.6,Anoplognathus montanus,
1671090702000,-16.908663,145.327767,Anoplognathus parvulus,
1671104700000,-27.510472,153.070025,Anoplognathus pallidicollis,Christmas Beetle
1671115740000,-33.699187,150.571113,Anoplognathus viriditarsis,
1671117300000,-38.1618,145.146885,Anoplognathus olivieri,Christmas Beetle
1671136980000,-30.251587,153.088953,Anoplognathus concolor,
1671140831000,-17.271531,145.580503,Anoplognathus abnormis,
1671183663000,-37.962397,145.027424,Anoplognathus olivieri,Christmas Beetle
1671186600000,-37.962325,145.027481,Anoplognathus olivieri,Christmas Beetle
1671186648000,-37.962325,145.027467,Anoplognathus olivieri,Christmas Beetle
1671186651000,-33.75105,151.277787,Anoplognathus olivieri,Christmas Beetle
1671206058000,-27.432424,153.197876,Anoplognathus porosus,
1671206760000,-34.189397,150.983003,Anoplognathus olivieri,Christmas Beetle
1671211680000,-17.605111,145.481972,Anoplognathus aeneus,
1671216423000,-35.240397,149.071706,Anoplognathus brunnipennis,
1671226380000,-26.087667,152.786597,Anoplognathus boisduvalii,
1671265094000,-33.741858,150.954895,Anoplognathus flavipennis,
1671279366000,-38.150601,145.15803,Anoplognathus olivieri,Christmas Beetle
1671285648000,-34.329722,148.287597,Anoplognathus montanus,
1671305241000,-21.042045,149.078312,Anoplognathus parvulus,
1671311062000,-33.752079,151.295029,Anoplognathus olivieri,Christmas Beetle
1671316380000,-34.667293,138.887925,Anoplognathus montanus,
1671316380000,-33.945578,151.204922,Anoplognathus olivieri,Christmas Beetle
1671321600000,-26.059169,152.779643,Anoplognathus boisduvalii,
1671352517000,-32.859803,150.80983,Anoplognathus viriditarsis,
1671354240000,-12.7,143.3,Anoplognathus aureus,
1671363572000,-33.624738,151.114218,Anoplognathus viriditarsis,
1671401520000,-27.915986,153.334554,Anoplognathus porosus,
1671408000000,-35.039304,138.61325,Anoplognathus montanus,
1671436340000,-38.004208,145.083251,Anoplognathus olivieri,Christmas Beetle
1671444735000,-35.062108,138.610153,Anoplognathus montanus,
1671446220000,-33.782407,150.981717,Anoplognathus porosus,
1671451089000,-27.428036,153.530567,Anoplognathus olivieri,Christmas Beetle
1671456814000,-33.728778,150.306563,Anoplognathus brunnipennis,
1671456853000,-31.299049,149.332857,Anoplognathus montanus,
1671458307000,-37.209324,144.67752,Anoplognathus velutinus,
1671466791000,-34.951334,138.583953,Anoplognathus montanus,
1671471034000,-34.086757,151.006276,Anoplognathus viriditarsis,
1671476102000,-27.759291,152.910565,Anoplognathus boisduvalii,
1671478554000,-33.99565,150.880067,Anoplognathus viriditarsis,
1671481500000,-27.574227,153.16123,Anoplognathus porosus,
1671481622000,-27.542337,152.457825,Anoplognathus montanus,
1671483060000,-27.420609,152.617695,Anoplognathus pallidicollis,Christmas Beetle
1671483744000,-27.473171,152.840847,Anoplognathus porosus,
1671488160000,-34.085509,151.156427,Anoplognathus olivieri,Christmas Beetle
1671489360000,-34.08538,151.155942,Anoplognathus olivieri,Christmas Beetle
1671495540000,-31.445861,152.908766,Anoplognathus porosus,
1671497580000,-35.384305,149.075771,Anoplognathus brunnipennis,
1671530888000,-37.01914,145.124493,Anoplognathus montanus,
1671533802000,-38.094086,145.074379,Anoplognathus olivieri,Christmas Beetle
1671534120000,-33.773373,150.635669,Anoplognathus flavipennis,
1671540685000,-33.748831,150.697963,Anoplognathus porosus,
1671545820000,-34.571558,150.795292,Anoplognathus brunnipennis,
1671559860000,-27.564286,152.718157,Anoplognathus montanus,
1671570180000,-27.444275,152.392715,Anoplognathus boisduvalii,
1671574293000,-27.371128,152.867619,Anoplognathus porosus,
1671575820000,-34.800701,138.704722,Anoplognathus montanus,
1671576824000,-35.650039,138.214056,Anoplognathus velutinus,
1671607064000,-29.246387,153.368653,Anoplognathus olivieri,Christmas Beetle
1671617560000,-37.902429,145.061189,Anoplognathus olivieri,Christmas Beetle
1671625980000,-34.9,138.5,Anoplognathus montanus,
1671625997000,-34.870433,138.51767,Anoplognathus montanus,
1671629219000,-35.304037,149.139222,Anoplognathus porosus,
1671648060000,-33.689378,151.043034,Anoplognathus porosus,
1671648713000,-27.457195,152.401382,Anoplognathus montanus,
1671657003000,-24.235163,151.88202,Anoplognathus viridiaeneus,King Christmas Beetle
1671657076000,-16.997294,145.423065,Anoplognathus boisduvalii,
1671660680000,-27.371128,152.867619,Anoplognathus porosus,
1671664774000,-38.134545,145.143944,Anoplognathus olivieri,Christmas Beetle
1671684751000,-16.997294,145.423065,Anoplognathus boisduvalii,
1671697189000,-23.366837,150.518438,Anoplognathus porosus,
1671701280000,-34.682855,138.716705,Anoplognathus montanus,
1671706920000,-34.095518,150.997697,Anoplognathus porosus,
1671709132000,-33.186118,148.698502,Anoplognathus montanus,
1671726680000,-17.342911,145.629835,Anoplognathus punctulatus,
1671737520000,-17.442166,145.456524,Anoplognathus smaragdinus,
1671738045000,-35.825955,150.178313,Anoplognathus olivieri,Christmas Beetle
1671741000000,-17.442575,145.456555,Anoplognathus punctulatus,
1671742561000,-27.510308,153.183586,Anoplognathus boisduvalii,
1671743940000,-16.889171,145.686127,Anoplognathus daemeli,
1671744720000,-27.502096,153.108626,Anoplognathus porosus,
1671745219000,-30.210458,153.031738,Anoplognathus concolor,
1671745249000,-32.383305,152.515183,Anoplognathus olivieri,Christmas Beetle
1671780814000,-31.269426,149.248891,Anoplognathus montanus,
1671785280000,-36.305168,140.775733,Anoplognathus montanus,
1671787957000,-34.987958,138.615433,Anoplognathus montanus,
1671788926000,-34.01111,151.126802,Anoplognathus olivieri,Christmas Beetle
1671789840000,-29.734321,151.741926,Anoplognathus viriditarsis,
1671796547000,-33.793022,151.276703,Anoplognathus olivieri,Christmas Beetle
1671800072000,-32.914425,151.70233,Anoplognathus porosus,
1671802884000,-17.288045,145.633912,Anoplognathus punctulatus,
1671803609000,-33.664048,151.300358,Anoplognathus olivieri,Christmas Beetle
1671804974000,-33.895478,151.258025,Anoplognathus olivieri,Christmas Beetle
1671810457000,-37.030165,141.278253,Anoplognathus montanus,
1671811137000,-34.077709,151.131065,Anoplognathus olivieri,Christmas Beetle
1671818807000,-33.454887,151.437683,Anoplognathus viriditarsis,
1671828780000,-34.808253,138.718405,Anoplognathus montanus,
1671830635000,-33.645907,151.315217,Anoplognathus concolor,
1671832916000,-33.699054,150.997557,Anoplognathus concolor,
1671833052000,-33.699094,150.997487,Anoplognathus concolor,
1671834020000,-37.751687,144.962128,Anoplognathus velutinus,
1671835673000,-35.69556,150.190917,Anoplognathus olivieri,Christmas Beetle
1671836158000,-35.513508,138.219025,Anoplognathus montanus,
1671838479000,-34.845207,138.634446,Anoplognathus montanus,
1671840000000,-36.861451,149.932357,Anoplognathus olivieri,Christmas Beetle
1671872420000,-35.82456,150.192509,Anoplognathus olivieri,Christmas Beetle
1671874020000,-16.849626,145.532112,Anoplognathus boisduvalii,
1671880980000,-38.048161,145.111232,Anoplognathus olivieri,Christmas Beetle
1671880980000,-38.048161,145.111232,Anoplognathus olivieri,Christmas Beetle
1671886500000,-35.584223,148.297953,Anoplognathus montanus,
1671886554000,-35.004272,148.110917,Anoplognathus montanus,
1671894825000,-33.765012,151.211952,Anoplognathus porosus,
1671912720000,-20.323467,148.617217,Anoplognathus abnormis,
1671914400000,-31.45272,152.899139,Anoplognathus porosus,
1671916712000,-21.054723,148.863272,Anoplognathus parvulus,
1671917733000,-33.07008,151.575199,Anoplognathus viriditarsis,
1671919164000,-27.797338,152.94992,Anoplognathus pallidicollis,Christmas Beetle
1671919280000,-33.620373,151.048113,Anoplognathus concolor,
1671919976000,-34.487433,150.779971,Anoplognathus brunnipennis,
1671920520000,-35.384782,149.053765,Anoplognathus porosus,
1671921120000,-30.575025,152.990328,Anoplognathus porosus,
1671922140000,-36.968186,141.083401,Anoplognathus montanus,
1671961500000,-32.687475,149.751092,Anoplognathus brunnipennis,
1671971700000,-34.018508,151.041589,Anoplognathus olivieri,Christmas Beetle
1671978420000,-33.295534,151.441378,Anoplognathus porosus,
1671992880000,-34.068851,151.152878,Anoplognathus olivieri,Christmas Beetle
1671996999000,-26.90096,152.627091,Anoplognathus boisduvalii,
1672000440000,-34.880745,138.610632,Anoplognathus montanus,
1672002660000,-30.575099,152.990218,Anoplognathus olivieri,Christmas Beetle
1672002697000,-35.336592,149.100986,Anoplognathus montanus,
1672003690000,-36.436355,150.057022,Anoplognathus olivieri,Christmas Beetle
1672003740000,-33.664162,150.641138,Anoplognathus viriditarsis,
1672003800000,-35.051905,138.593825,Anoplognathus montanus,
1672005240000,-30.575026,152.990306,Anoplognathus porosus,
1672005271000,-33.701661,151.300687,Anoplognathus olivieri,Christmas Beetle
1672005600000,-34.205916,150.789053,Anoplognathus viriditarsis,
1672005660000,-29.479352,153.344975,Anoplognathus olivieri,Christmas Beetle
1672008399000,-34.94271,138.669068,Anoplognathus montanus,
1672009260000,-32.32047,151.74824,Anoplognathus brunnipennis,
1672009682000,-38.136403,145.170988,Anoplognathus olivieri,Christmas Beetle
1672012800000,-34.043259,151.123568,Anoplognathus porosus,
1672013254000,-33.750013,151.263337,Anoplognathus olivieri,Christmas Beetle
1672013796000,-33.66003,151.103687,Anoplognathus porosus,
1672031622000,-16.865548,144.879496,Anoplognathus nebulosus,
1672035621000,-34.075655,150.483664,Anoplognathus viriditarsis,
1672041600000,-35.184055,149.15721,Anoplognathus montanus,
1672076405000,-38.14435,145.008529,Anoplognathus olivieri,Christmas Beetle
1672083293000,-20.82408,148.614258,Anoplognathus parvulus,
1672084140000,-27.723992,152.9139,Anoplognathus pallidicollis,Christmas Beetle
1672084232000,-29.74131,151.752666,Anoplognathus hirsutus,
1672086060000,-35.238159,149.029556,Anoplognathus brunnipennis,
1672086207000,-25.85748,152.63855,Anoplognathus boisduvalii,
1672089599000,-33.730635,151.112395,Anoplognathus porosus,
1672089857000,-33.704011,150.535989,Anoplognathus concolor,
1672089865000,-33.769012,150.968597,Anoplognathus porosus,
1672090520000,-33.096806,151.550522,Anoplognathus porosus,
1672090655000,-34.059658,151.019686,Anoplognathus olivieri,Christmas Beetle
1672091228000,-34.059738,151.019887,Anoplognathus porosus,
1672091580000,-36.148079,146.609108,Anoplognathus montanus,
1672092309000,-35.700925,150.21535,Anoplognathus olivieri,Christmas Beetle
1672094082000,-35.718879,150.171209,Anoplognathus olivieri,Christmas Beetle
1672096200000,-37.873931,145.417087,Anoplognathus velutinus,
1672102938000,-36.966301,141.079616,Anoplognathus montanus,
1672122942000,-37.92387,147.700863,Anoplognathus olivieri,Christmas Beetle
1672127158000,-34.893494,138.576381,Anoplognathus montanus,
1672129440000,-25.5,153.1,Anoplognathus porosus,
1672132543000,-32.983944,151.685668,Anoplognathus porosus,
1672135700000,-34.31429,150.923087,Anoplognathus concolor,
1672136700000,-33.786667,150.825,Anoplognathus brunnipennis,
1672142284000,-35.475645,150.386292,Anoplognathus viridiaeneus,King Christmas Beetle
1672142885000,-33.139408,151.57023,Anoplognathus porosus,
1672143000000,-33.653237,151.047115,Anoplognathus porosus,
1672145497000,-33.893437,151.237639,Anoplognathus porosus,
1672145529000,-33.099335,148.157659,Anoplognathus pallidicollis,Christmas Beetle
1672147957000,-33.770763,151.274063,Anoplognathus olivieri,Christmas Beetle
1672151820000,-34.803692,138.645326,Anoplognathus montanus,
1672162102000,-33.279828,151.314446,Anoplognathus porosus,
1672163248000,-33.695395,150.556794,Anoplognathus flavipennis,
1672166473000,-34.906061,138.496408,Anoplognathus montanus,
1672168925000,-37.068798,146.130327,Anoplognathus montanus,
1672175338000,-35.082172,138.875961,Anoplognathus montanus,
1672177380000,-30.575023,152.990348,Anoplognathus porosus,
1672179523000,-34.879686,150.524724,Anoplognathus olivieri,Christmas Beetle
1672181787000,-31.44542,152.693732,Anoplognathus porosus,
1672203060000,-35.550197,138.62269,Anoplognathus montanus,
1672205725000,-34.064,151.018739,Anoplognathus viridiaeneus,King Christmas Beetle
1672210200000,-37.60532,145.139893,Anoplognathus velutinus,
1672218900000,-33.775167,149.02383,Anoplognathus brunnipennis,
1672221300000,-33.528489,151.344815,Anoplognathus viriditarsis,
1672222571000,-33.326758,151.303271,Anoplognathus brunnipennis,
1672226612000,-36.88923,149.911084,Anoplognathus olivieri,Christmas Beetle
1672229264000,-35.918324,150.074887,Anoplognathus porosus,
1672230292000,-17.143942,145.103133,Anoplognathus boisduvalii,
1672230420000,-38.167415,145.1706,Anoplognathus olivieri,Christmas Beetle
1672237183000,-36.884961,149.932046,Anoplognathus olivieri,Christmas Beetle
1672237470000,-35.006952,150.723756,Anoplognathus olivieri,Christmas Beetle
1672239627000,-38.119804,145.164827,Anoplognathus olivieri,Christmas Beetle
1672242840000,-34.8802,138.635637,Anoplognathus montanus,
1672248516000,-38.028268,147.608349,Anoplognathus olivieri,Christmas Beetle
1672252015000,-30.951322,149.060505,Anoplognathus montanus,
1672261213000,-33.776551,151.274336,Anoplognathus concolor,
1672265220000,-35.085649,150.651871,Anoplognathus brunnipennis,
1672265340000,-26.789468,152.941477,Anoplognathus abnormis,
1672313936000,-28.100211,153.386033,Anoplognathus porosus,
1672317306000,-34.052775,151.003638,Anoplognathus olivieri,Christmas Beetle
1672344251000,-38.379932,141.408037,Anoplognathus olivieri,Christmas Beetle
1672348410000,-27.527424,152.837346,Anoplognathus boisduvalii,
1672350861000,-28.816356,153.322994,Anoplognathus porosus,
1672351051000,-32.941445,151.665192,Anoplognathus porosus,
1672356678000,-32.711587,147.77766,Anoplognathus pallidicollis,Christmas Beetle
1672383420000,-35.263053,149.155307,Anoplognathus hirsutus,
1672390080000,-35.113379,138.534294,Anoplognathus montanus,
1672393136000,-35.181088,149.325017,Anoplognathus brunnipennis,
1672397841000,-38.303319,144.31885,Anoplognathus olivieri,Christmas Beetle
1672406069000,-37.153226,146.241921,Anoplognathus suturalis,
1672410120000,-28.662923,151.822246,Anoplognathus porosus,
1672483140000,-32.919001,151.213466,Anoplognathus porosus,
1672483727000,-33.071135,151.598046,Anoplognathus porosus,
1672484204000,-33.1656,151.623337,Anoplognathus olivieri,Christmas Beetle
1672484691000,-35.91926,150.154314,Anoplognathus olivieri,Christmas Beetle
1672493003000,-35.333459,149.032822,Anoplognathus porosus,
1672493150000,-33.457912,151.393242,Anoplognathus viridiaeneus,King Christmas Beetle
1672506720000,-33.2264,150.411757,Anoplognathus flavipennis,
1672515632000,-32.85957,150.807738,Anoplognathus flavipennis,
1672520160000,-32.880512,151.637392,Anoplognathus porosus,
1672521916000,-35.267071,149.112513,Anoplognathus brunnipennis,
1672522614000,-33.165086,151.627603,Anoplognathus porosus,
1672523555000,-27.510346,153.183559,Anoplognathus pallidicollis,Christmas Beetle
1672523623000,-34.511393,150.783023,Anoplognathus viriditarsis,
1672526260000,-38.112926,145.186618,Anoplognathus olivieri,Christmas Beetle
1672538566000,-35.048865,138.623622,Anoplognathus montanus,
1672540800000,-35.287127,149.101623,Anoplognathus brunnipennis,
1672562922000,-28.198548,152.039073,Anoplognathus porosus,
1672564920000,-37.986912,145.091247,Anoplognathus olivieri,Christmas Beetle
1672589247000,-34.044458,151.094179,Anoplognathus porosus,
1672593139000,-35.422883,150.418258,Anoplognathus olivieri,Christmas Beetle
1672604372000,-35.245863,149.074281,Anoplognathus brunnipennis,
1672608408000,-33.72357,151.278863,Anoplognathus olivieri,Christmas Beetle
1672609680000,-35.085653,150.651867,Anoplognathus viriditarsis,
1672648242000,-34.062344,151.001775,Anoplognathus viriditarsis,
1672651380000,-38.193078,145.183001,Anoplognathus olivieri,Christmas Beetle
1672651800000,-18.00957,146.050015,Anoplognathus smaragdinus,
1672657260000,-35.238149,149.029564,Anoplognathus pallidicollis,Christmas Beetle
1672657312000,-31.279129,149.27153,Anoplognathus montanus,
1672666981000,-33.890734,151.153358,Anoplognathus concolor,
1672683500000,-33.520085,151.203,Anoplognathus olivieri,Christmas Beetle
1672685183000,-34.563967,139.115585,Anoplognathus montanus,
1672696560000,-33.002106,151.075851,Anoplognathus porosus,
1672699154000,-36.75001,149.901865,Anoplognathus brunnipennis,
1672731120000,-41.259302,147.232943,Anoplognathus suturalis,
1672752039000,-38.54225,146.170256,Anoplognathus brunnipennis,
1672753265000,-38.264835,145.007443,Anoplognathus viriditarsis,
1672760484000,-38.444949,145.833591,Anoplognathus brunnipennis,
1672784340000,-31.637966,152.82274,Anoplognathus olivieri,Christmas Beetle
1672822116000,-33.624928,151.366391,Anoplognathus concolor,
1672823280000,-41.258903,147.23244,Anoplognathus suturalis,
1672826400000,-36.794183,144.283822,Anoplognathus montanus,
1672829362000,-30.896532,153.048615,Anoplognathus olivieri,Christmas Beetle
1672846020000,-33.365468,151.460838,Anoplognathus porosus,
1672847770000,-35.073814,138.613546,Anoplognathus montanus,
1672852956000,-34.855714,138.493082,Anoplognathus montanus,
1672856917000,-30.501472,151.552812,Anoplognathus hirsutus,
1672859789000,-35.056022,150.674728,Anoplognathus olivieri,Christmas Beetle
1672862040000,-26.717085,152.82335,Anoplognathus prasinus,
1672864800000,-30.231741,151.662572,Anoplognathus hirsutus,
1672869540000,-26.785212,152.566488,Anoplognathus boisduvalii,
1672876800000,-35.150532,149.147108,Anoplognathus montanus,
1672879256000,-27.819339,152.94492,Anoplognathus porosus,
1672908988000,-32.975156,151.70408,Anoplognathus porosus,
1672909087000,-38.675719,145.797706,Anoplognathus olivieri,Christmas Beetle
1672912320000,-41.259262,147.232514,Anoplognathus suturalis,
1672914501000,-35.011256,138.635414,Anoplognathus montanus,
1672915786000,-33.793474,138.453241,Anoplognathus montanus,
1672926514000,-36.901496,144.665063,Anoplognathus montanus,
1672937908000,-30.901737,153.057433,Anoplognathus viridiaeneus,King Christmas Beetle
1672942721000,-35.192763,149.143892,Anoplognathus porosus,
1672948020000,-26.785197,152.566187,Anoplognathus concolor,
1673002885000,-35.414862,149.083022,Anoplognathus montanus,
1673014486000,-38.670715,145.608893,Anoplognathus olivieri,Christmas Beetle
1673022600000,-38.169233,145.168456,Anoplognathus olivieri,Christmas Beetle
1673028874000,-35.037121,138.92832,Anoplognathus montanus,
1673044948000,-35.233833,149.067567,Anoplognathus brunnipennis,
1673045810000,-35.316829,149.033545,Anoplognathus porosus,
1673046240000,-35.06615,138.608422,Anoplognathus montanus,
1673079960000,-36.443102,146.352217,Anoplognathus montanus,
1673081925000,-34.058947,151.021099,Anoplognathus olivieri,Christmas Beetle
1673088540000,-16.832644,145.523213,Anoplognathus punctulatus,
1673091060000,-33.777922,151.132518,Anoplognathus viriditarsis,
1673092271000,-33.196955,151.583278,Anoplognathus olivieri,Christmas Beetle
1673104380000,-41.418157,147.179024,Anoplognathus suturalis,
1673104380000,-41.418157,147.179024,Anoplognathus suturalis,
1673111233000,-33.687759,150.585899,Anoplognathus concolor,
1673111340000,-33.952019,150.784927,Anoplognathus brunnipennis,
1673119315000,-35.19653,149.017945,Anoplognathus brunnipennis,
1673119841000,-28.178727,153.361771,Anoplognathus porosus,
1673125080000,-27.329732,152.395052,Anoplognathus boisduvalii,
1673125080000,-27.329732,152.395052,Anoplognathus boisduvalii,
1673126126000,-34.059572,151.0198,Anoplognathus olivieri,Christmas Beetle
1673127480000,-33.418324,149.606343,Anoplognathus montanus,
1673168400000,-33.751262,151.24402,Anoplognathus olivieri,Christmas Beetle
1673168460000,-28.727335,151.889115,Anoplognathus porosus,
1673171767000,-32.960471,151.709097,Anoplognathus porosus,
1673174460000,-34.264811,150.22881,Anoplognathus viriditarsis,
1673175600000,-35.385261,149.206725,Anoplognathus porosus,
1673178953000,-35.262467,149.155547,Anoplognathus montanus,
1673183720000,-35.28837,149.141511,Anoplognathus porosus,
1673190600000,-33.443333,151.298333,Anoplognathus olivieri,Christmas Beetle
1673192007000,-35.166725,149.149492,Anoplognathus hirsutus,
1673192159000,-33.512092,151.317733,Anoplognathus olivieri,Christmas Beetle
1673195674000,-33.67622,151.116434,Anoplognathus viriditarsis,
1673206267000,-16.084488,145.463604,Anoplognathus punctulatus,
1673209471000,-27.135859,153.362498,Anoplognathus olivieri,Christmas Beetle
1673214893000,-35.050976,138.616078,Anoplognathus montanus,
1673215603000,-38.244529,142.919098,Anoplognathus velutinus,
1673216137000,-35.075228,138.863963,Anoplognathus montanus,
1673217155000,-38.093836,145.078145,Anoplognathus olivieri,Christmas Beetle
1673246460000,-34.017242,150.858275,Anoplognathus viriditarsis,
1673261346000,-39.031128,146.32315,Anoplognathus olivieri,Christmas Beetle
1673262420000,-33.552534,150.656889,Anoplognathus brunnipennis,
1673277005000,-35.262883,149.155014,Anoplognathus porosus,
1673277453000,-35.262363,149.155425,Anoplognathus brunnipennis,
1673277573000,-35.262363,149.155425,Anoplognathus hirsutus,
1673278137000,-35.262358,149.155456,Anoplognathus porosus,
1673279549000,-35.261013,149.158386,Anoplognathus porosus,
1673283247000,-35.25507,149.159928,Anoplognathus hirsutus,
1673283862000,-35.255447,149.160981,Anoplognathus porosus,
1673296260000,-27.268575,152.058591,Anoplognathus pallidicollis,Christmas Beetle
1673334838000,-33.754833,150.938158,Anoplognathus porosus,
1673337856000,-32.668731,152.173397,Anoplognathus olivieri,Christmas Beetle
1673349991000,-26.282277,132.129759,Anoplognathus macleayi aurora,
1673352114000,-35.277095,149.119553,Anoplognathus brunnipennis,
1673352349000,-35.279213,149.117875,Anoplognathus brunnipennis,
1673361348000,-35.278255,149.084747,Anoplognathus hirsutus,
1673361408000,-35.278255,149.084747,Anoplognathus brunnipennis,
1673361468000,-35.278255,149.084747,Anoplognathus brunnipennis,
1673361468000,-35.278255,149.084747,Anoplognathus brunnipennis,
1673380291000,-27.510302,153.18359,Anoplognathus boisduvalii,
1673423749000,-27.265109,152.05729,Anoplognathus montanus,
1673428800000,-33.552559,150.656956,Anoplognathus viriditarsis,
1673434980000,-28.456044,152.672909,Anoplognathus porosus,
1673446607000,-41.22307,146.912903,Anoplognathus suturalis,
1673447119000,-35.298992,149.020264,Anoplognathus montanus,
1673471718000,-31.440662,152.7919,Anoplognathus porosus,
1673474640000,-35.133407,138.541252,Anoplognathus montanus,
1673474880000,-38.413902,144.167961,Anoplognathus viriditarsis,
1673517201000,-33.51812,151.32312,Anoplognathus olivieri,Christmas Beetle
1673519390000,-19.402226,146.731322,Anoplognathus boisduvalii,
1673520121000,-34.929588,138.609725,Anoplognathus montanus,
1673520780000,-36.079042,146.902144,Anoplognathus montanus,
1673550750000,-26.569873,152.904466,Anoplognathus concolor,
1673556660000,-35.703154,150.217768,Anoplognathus olivieri,Christmas Beetle
1673557080000,-26.087855,152.786694,Anoplognathus boisduvalii,
1673559429000,-35.454529,149.095058,Anoplognathus brunnipennis,
1673567580000,-36.078596,146.937522,Anoplognathus montanus,
1673588770000,-25.732828,148.99855,Anoplognathus boisduvalii,
1673618007000,-35.265075,150.511603,Anoplognathus viriditarsis,
1673618009000,-35.265222,150.511579,Anoplognathus viriditarsis,
1673639940000,-26.717085,152.82335,Anoplognathus prasinus,
1673643241000,-28.236127,153.257469,Anoplognathus prasinus,
1673643241000,-28.236127,153.257469,Anoplognathus prasinus,
1673645580000,-31.119132,150.898224,Anoplognathus boisduvalii,
1673646240000,-29.852433,153.260347,Anoplognathus olivieri,Christmas Beetle
1673647920000,-37.68941,145.301036,Anoplognathus velutinus,
1673665380000,-34.090633,151.003678,Anoplognathus olivieri,Christmas Beetle
1673686918000,-27.423813,153.16655,Anoplognathus porosus,
1673691075000,-42.871047,147.653051,Anoplognathus suturalis,
1673692140000,-34.179358,150.982087,Anoplognathus viridiaeneus,King Christmas Beetle
1673694856000,-33.920128,150.895686,Anoplognathus porosus,
1673702040000,-31.406336,151.207616,Anoplognathus porosus,
1673702824000,-33.768083,150.624869,Anoplognathus viriditarsis,
1673725637000,-27.472912,152.64618,Anoplognathus boisduvalii,
1673732403000,-35.568719,149.301613,Anoplognathus hirsutus,
1673733812000,-35.82699,150.194759,Anoplognathus olivieri,Christmas Beetle
1673734351000,-37.184694,143.265595,Anoplognathus montanus,
1673740020000,-35.388323,149.020385,Anoplognathus hirsutus,
1673740140000,-35.388315,149.020427,Anoplognathus brunnipennis,
1673748318000,-38.239383,145.918218,Anoplognathus brunnipennis,
1673772526000,-27.542375,152.457808,Anoplognathus boisduvalii,
1673775863000,-38.316558,144.295805,Anoplognathus viriditarsis,
1673786861000,-37.918182,145.571932,Anoplognathus brunnipennis,
1673797343000,-32.791553,149.708915,Anoplognathus brunnipennis,
1673815032000,-27.68824,153.371322,Anoplognathus boisduvalii,
1673820712000,-12.761669,143.289703,Anoplognathus aureus,
1673851871000,-35.068224,150.549509,Anoplognathus brunnipennis,
1673854394000,-36.72057,149.975205,Anoplognathus viriditarsis,
1673872277000,-33.748213,151.128829,Anoplognathus porosus,
1673877489000,-33.519968,151.203265,Anoplognathus olivieri,Christmas Beetle
1673889546000,-36.427532,149.932197,Anoplognathus brunnipennis,
1673893511000,-32.934172,151.654328,Anoplognathus porosus,
1673895695000,-33.789131,150.627952,Anoplognathus porosus,
1673903143000,-32.668965,152.173661,Anoplognathus olivieri,Christmas Beetle
1673906400000,-33.8,151.2,Anoplognathus porosus,
1673926260000,-35.228722,148.987028,Anoplognathus brunnipennis,
1673939884000,-33.854855,151.209717,Anoplognathus concolor,
1673940634000,-34.061619,151.079164,Anoplognathus olivieri,Christmas Beetle
1673961825000,-34.077717,151.131181,Anoplognathus olivieri,Christmas Beetle
1674019740000,-35.230588,149.150426,Anoplognathus hirsutus,
1674048444000,-36.352153,146.329133,Anoplognathus montanus,
1674079458000,-24.768211,152.138105,Anoplognathus boisduvalii,
1674117344000,-35.007843,138.934427,Anoplognathus montanus,
1674121147000,-28.144194,152.052326,Anoplognathus boisduvalii,
1674127740000,-38.21034,145.712679,Anoplognathus olivieri,Christmas Beetle
1674129610000,-38.651798,145.745316,Anoplognathus olivieri,Christmas Beetle
1674142107000,-35.19953,149.102678,Anoplognathus porosus,
1674143137000,-37.374519,144.467741,Anoplognathus suturalis,
1674144076000,-36.465882,149.871734,Anoplognathus brunnipennis,
1674163980000,-35.224856,149.166848,Anoplognathus porosus,
1674172800000,-17.606407,145.482407,Anoplognathus smaragdinus,
1674256076000,-19.5049,146.2168,Anoplognathus boisduvalii,
1674317295000,-24.427159,145.46786,Anoplognathus vietor,
1674337797000,-35.700565,150.229105,Anoplognathus porosus,
1674377220000,-36.410206,149.877853,Anoplognathus brunnipennis,
1674419820000,-26.087788,152.786639,Anoplognathus boisduvalii,
1674425160000,-38.286999,145.08104,Anoplognathus viriditarsis,
1674451020000,-26.823995,152.919953,Anoplognathus concolor,
1674462660000,-37.959981,145.026961,Anoplognathus olivieri,Christmas Beetle
1674485053000,-35.308125,149.183412,Anoplognathus montanus,
1674504360000,-25.329845,152.759468,Anoplognathus pallidicollis,Christmas Beetle
1674506460000,-34.929964,138.672448,Anoplognathus montanus,
1674514200000,-29.852433,153.260347,Anoplognathus olivieri,Christmas Beetle
1674540660000,-31.900926,152.526054,Anoplognathus porosus,
1674545940000,-27.206389,149.6471,Anoplognathus boisduvalii,
1674546360000,-27.206389,149.6471,Anoplognathus boisduvalii,
1674552180000,-28.567739,151.813413,Anoplognathus flavipennis,
1674556992000,-34.054297,150.753473,Anoplognathus viriditarsis,
1674582128000,-36.393783,148.697145,Anoplognathus suturalis,
1674598920000,-26.823703,152.920452,Anoplognathus concolor,
1674607733000,-36.131867,147.012894,Anoplognathus montanus,
1674641751000,-33.07555,149.191726,Anoplognathus brunnipennis,
1674642116000,-34.93206,138.770099,Anoplognathus montanus,
1674665340000,-33.337546,146.138306,Anoplognathus brunnipennis,
1674685498000,-27.276772,152.331542,Anoplognathus boisduvalii,
1674689254000,-34.090543,150.540411,Anoplognathus brunnipennis,
1674733742000,-37.045853,144.198088,Anoplognathus montanus,
1674737884000,-36.463684,149.865424,Anoplognathus brunnipennis,
1674768206000,-35.338374,149.0395,Anoplognathus porosus,
1674768660000,-30.432991,152.971968,Anoplognathus viriditarsis,
1674768888000,-16.798328,145.547455,Anoplognathus punctulatus,
1674769320000,-30.288557,152.737727,Anoplognathus concolor,
1674770400000,-29.852433,153.260347,Anoplognathus olivieri,Christmas Beetle
1674770460000,-33.526849,151.361768,Anoplognathus porosus,
1674840960000,-29.126136,153.428858,Anoplognathus viridiaeneus,King Christmas Beetle
1674852720000,-35.812253,150.222376,Anoplognathus olivieri,Christmas Beetle
1674857340000,-28.180449,153.274448,Anoplognathus rhinastus,
1674899795000,-34.458591,150.81212,Anoplognathus brunnipennis,
1674918516000,-37.708675,145.448669,Anoplognathus viriditarsis,
1674928651000,-33.717518,149.827487,Anoplognathus porosus,
1674939600000,-25.790046,152.695843,Anoplognathus boisduvalii,
1674995508000,-33.378503,151.235763,Anoplognathus porosus,
1675003627000,-37.152858,146.241086,Anoplognathus suturalis,
1675017263000,-37.193333,143.272782,Anoplognathus montanus,
1675021851000,-37.193651,143.272754,Anoplognathus montanus,
1675113249000,-36.562124,147.410279,Anoplognathus porosus,
1675120740000,-35.270567,149.045897,Anoplognathus porosus,
1675159020000,-36.804967,145.793447,Anoplognathus suturalis,
1675167896000,-34.96724,138.623509,Anoplognathus montanus,
1675185110000,-34.012883,151.207838,Anoplognathus olivieri,Christmas Beetle
1675192290000,-38.8485,146.18872,Anoplognathus olivieri,Christmas Beetle
1675202940000,-37.2957,142.0553,Anoplognathus montanus,
1675249260000,-27.637296,152.923764,Anoplognathus boisduvalii,
1675250024000,-33.773589,151.113497,Anoplognathus porosus,
1675352729000,-31.048015,150.910239,Anoplognathus boisduvalii,
1675371900000,-30.356117,152.538179,Anoplognathus porosus,
1675376880000,-35.240798,149.026763,Anoplognathus montanus,
1675412195000,-33.833722,151.215622,Anoplognathus porosus,
1675526607000,-35.073113,138.644525,Anoplognathus montanus,
1675583940000,-33.337546,150.703125,Anoplognathus brunnipennis,
1675632180000,-36.087547,146.923386,Anoplognathus montanus,
1675761047000,-36.690892,145.659578,Anoplognathus brunnipennis,
1675791377000,-33.642668,151.009511,Anoplognathus viriditarsis,
1675816620000,-36.182927,148.6348,Anoplognathus hirsutus,
1675853157000,-37.084305,143.475473,Anoplognathus montanus,
1675861188000,-37.084352,143.475404,Anoplognathus montanus,
1675892692000,-16.906322,145.704391,Anoplognathus punctulatus,
1675936860000,-37.546467,140.458199,Anoplognathus olivieri,Christmas Beetle
1675948140000,-33.430339,150.010976,Anoplognathus brunnipennis,
1676041560000,-37.948387,147.803245,Anoplognathus olivieri,Christmas Beetle
1676064720000,-38.023646,146.340684,Anoplognathus porosus,
1676111580000,-37.092254,143.476177,Anoplognathus pallidicollis,Christmas Beetle
1676151060000,-36.928042,140.028224,Anoplognathus olivieri,Christmas Beetle
1676154000000,-33.433758,149.383606,Anoplognathus porosus,
1676154900000,-36.378785,150.065523,Anoplognathus olivieri,Christmas Beetle
1676155091000,-33.580653,150.665261,Anoplognathus concolor,
1676212732000,-35.754005,150.166232,Anoplognathus porosus,
1676224500000,-33.252513,149.747822,Anoplognathus brunnipennis,
1676240820000,-17.204762,145.679116,Anoplognathus abnormis,
1676243460000,-32.922867,151.603623,Anoplognathus porosus,
1676306480000,-37.084318,143.475517,Anoplognathus pallidicollis,Christmas Beetle
1676368421000,-33.792999,151.017609,Anoplognathus porosus,
1676373240000,-29.585518,152.030211,Anoplognathus flavipennis,
1676413200000,-35.085975,138.590028,Anoplognathus montanus,
1676481000000,-38.650679,146.192759,Anoplognathus brunnipennis,
1676488265000,-28.664999,151.932188,Anoplognathus brunnipennis,
1676488265000,-28.664999,151.932188,Anoplognathus brunnipennis,
1676491800000,-25.789933,152.695872,Anoplognathus viridiaeneus,King Christmas Beetle
1676536859000,-37.084437,143.475533,Anoplognathus montanus,
1676537147000,-37.084311,143.47551,Anoplognathus pallidicollis,Christmas Beetle
1676543317000,-35.388111,149.029653,Anoplognathus porosus,
1676626778000,-33.763347,151.268708,Anoplognathus olivieri,Christmas Beetle
1676643262000,-38.621008,146.255578,Anoplognathus brunnipennis,
1676719020000,-36.446473,146.113862,Anoplognathus montanus,
1676730908000,-33.936257,151.235085,Anoplognathus olivieri,Christmas Beetle
1676730908000,-33.936257,151.235085,Anoplognathus olivieri,Christmas Beetle
1676753880000,-37.051411,145.172632,Anoplognathus pallidicollis,Christmas Beetle
1676753940000,-37.051241,145.172768,Anoplognathus pallidicollis,Christmas Beetle
1676753940000,-37.051411,145.172629,Anoplognathus montanus,
1676754120000,-37.051183,145.172695,Anoplognathus montanus,
1676755740000,-37.051256,145.172482,Anoplognathus montanus,
1676755800000,-37.051364,145.172391,Anoplognathus pallidicollis,Christmas Beetle
1676756040000,-37.051412,145.172593,Anoplognathus pallidicollis,Christmas Beetle
1676760420000,-37.046615,145.184558,Anoplognathus montanus,
1676808120000,-30.575039,152.990293,Anoplognathus olivieri,Christmas Beetle
1676882402000,-38.188072,147.427887,Anoplognathus olivieri,Christmas Beetle
1676909369000,-37.084316,143.47542,Anoplognathus montanus,
1676909434000,-37.084872,143.475596,Anoplognathus montanus,
1676909528000,-37.084286,143.47551,Anoplognathus montanus,
1676909858000,-37.084337,143.475517,Anoplognathus montanus,
1676934060000,-31.859116,152.208087,Anoplognathus concolor,
1677051660000,-28.817493,151.802413,Anoplognathus pallidicollis,Christmas Beetle
1677075060000,-29.940183,153.260687,Anoplognathus viridiaeneus,King Christmas Beetle
1677094920000,-26.087812,152.786784,Anoplognathus boisduvalii,
1677138960000,-28.741387,152.082012,Anoplognathus brunnipennis,
1677139620000,-28.741428,152.081587,Anoplognathus porosus,
1677271414000,-32.733843,151.61793,Anoplognathus porosus,
1677365507000,-38.15272,145.071141,Anoplognathus olivieri,Christmas Beetle
1677405931000,-35.18662,150.708563,Anoplognathus olivieri,Christmas Beetle
1677420421000,-17.271693,145.579999,Anoplognathus punctulatus,
1677498274000,-38.947292,146.297578,Anoplognathus olivieri,Christmas Beetle
1677620220000,-17.442356,145.456215,Anoplognathus smaragdinus,
1677802320000,-36.972055,144.739019,Anoplognathus montanus,
1678157700000,-36.182651,148.63515,Anoplognathus hirsutus,
1678652713000,-16.862163,145.439513,Anoplognathus nebulosus,
1678916297000,-34.815491,138.963457,Anoplognathus montanus,
1678967027000,-38.204462,145.096345,Anoplognathus brunnipennis,
1678991870000,-36.816392,149.937225,Anoplognathus olivieri,Christmas Beetle
1679047620000,-27.858602,153.068736,Anoplognathus viridiaeneus,King Christmas Beetle
1679078274000,-33.644846,151.185692,Anoplognathus viriditarsis,
1679078351000,-33.761513,151.027831,Anoplognathus viriditarsis,
1679125302000,-38.405847,144.064877,Anoplognathus viriditarsis,
1679181060000,-36.804886,145.792914,Anoplognathus montanus,
1679464740000,-26.823818,152.920634,Anoplognathus abnormis,
1679645866000,-37.029606,141.278277,Anoplognathus montanus,
1679685960000,-25.789895,152.695888,Anoplognathus boisduvalii,
1679834155000,-32.790887,149.718286,Anoplognathus brunnipennis,
1679869440000,-31.089571,141.705276,Anoplognathus macleayi,
1679949960000,-27.268575,152.058591,Anoplognathus boisduvalii,
1680612720000,-30.585454,151.866525,Anoplognathus brunnipennis,
1680619740000,-30.553711,151.858229,Anoplognathus porosus,
1690719113000,-34.645059,138.565309,Anoplognathus montanus,
1694806894000,-26.778032,153.021362,Anoplognathus velutinus,
1695152357000,-33.81655,151.019072,Anoplognathus velutinus,
1695236170000,-34.025528,151.219799,Anoplognathus velutinus,
1695327840000,-25.532749,152.772383,Anoplognathus pallidicollis,Christmas Beetle
1695720480000,-33.802426,151.011583,Anoplognathus velutinus,
1695846390000,-30.483487,152.805679,Anoplognathus velutinus,
1696272960000,-25.789901,152.695906,Anoplognathus pallidicollis,Christmas Beetle
1696283119000,-26.53418,153.088293,Anoplognathus olivieri,Christmas Beetle
1696361700000,-27.354142,152.904434,Anoplognathus concolor,
1696368840000,-26.823995,152.919953,Anoplognathus concolor,
1696454946000,-26.611347,153.025915,Anoplognathus pallidicollis,Christmas Beetle
1696533579000,-26.611362,153.025931,Anoplognathus porosus,
1696544338000,-26.611393,153.025922,Anoplognathus pallidicollis,Christmas Beetle
1696622764000,-26.611393,153.025928,Anoplognathus olivieri,Christmas Beetle
1696628880000,-26.823995,152.919953,Anoplognathus pallidicollis,Christmas Beetle
1696843672000,-27.160461,153.152225,Anoplognathus pallidicollis,Christmas Beetle
1696970401000,-26.611376,153.025968,Anoplognathus pallidicollis,Christmas Beetle
1697045677000,-28.329745,153.568755,Anoplognathus olivieri,Christmas Beetle
1697133011000,-33.549268,151.205525,Anoplognathus porosus,
1697199315000,-32.949222,151.707438,Anoplognathus porosus,
1697224188000,-26.61136,153.025931,Anoplognathus prasinus,
1697225823000,-26.778063,153.021378,Anoplognathus prasinus,
1697230124000,-26.778118,153.021385,Anoplognathus prasinus,
1697233309000,-26.707717,152.972567,Anoplognathus concolor,
1697233860000,-26.823995,152.919953,Anoplognathus concolor,
1697233980000,-26.823995,152.919953,Anoplognathus pallidicollis,Christmas Beetle
1697312730000,-26.611319,153.025921,Anoplognathus prasinus,
1697312839000,-26.611402,153.025948,Anoplognathus pallidicollis,Christmas Beetle
1697313018000,-26.611382,153.025985,Anoplognathus pallidicollis,Christmas Beetle
1697323380000,-26.823995,152.919953,Anoplognathus prasinus,
1697397375000,-26.611337,153.025885,Anoplognathus porosus,
1697397832000,-26.611366,153.025924,Anoplognathus pallidicollis,Christmas Beetle
1697400780000,-26.717085,152.82335,Anoplognathus prasinus,
1697420100000,-27.987958,153.186827,Anoplognathus concolor,
1697441820000,-28.820477,153.333754,Anoplognathus concolor,
1697471062000,-33.659,151.29587,Anoplognathus concolor,
1697485800000,-26.717085,152.82335,Anoplognathus prasinus,
1697486760000,-26.717085,152.82335,Anoplognathus concolor,
1697488500000,-29.115369,153.538422,Anoplognathus olivieri,Christmas Beetle
1697546617000,-37.766455,144.98285,Anoplognathus velutinus,
1697667000000,-35.247114,138.88913,Anoplognathus velutinus,
1697684932000,-32.392205,152.460692,Anoplognathus velutinus,
1697707860000,-38.034841,145.34338,Anoplognathus velutinus,
1697739116000,-36.34872,146.292747,Anoplognathus velutinus,
1697746831000,-26.611357,153.025947,Anoplognathus pallidicollis,Christmas Beetle
1697788394000,-33.700712,150.568267,Anoplognathus concolor,
1697794740000,-32.768517,151.597856,Anoplognathus porosus,
1697830863000,-25.514314,152.754282,Anoplognathus porosus,
1697837854000,-32.811733,151.482012,Anoplognathus porosus,
1697915862000,-25.463187,152.788248,Anoplognathus pallidicollis,Christmas Beetle
1697920380000,-25.59931,153.090153,Anoplognathus multiseriatus,
1697920380000,-25.59931,153.090153,Anoplognathus multiseriatus,
1698005721000,-33.762155,151.112654,Anoplognathus velutinus,
1698009060000,-27.354142,152.904434,Anoplognathus porosus,
1698065940000,-25.598669,153.091614,Anoplognathus olivieri,Christmas Beetle
1698087187000,-26.611347,153.025945,Anoplognathus abnormis,
1698089820000,-26.717085,152.82335,Anoplognathus prasinus,
1698176940000,-26.717085,152.82335,Anoplognathus prasinus,
1698260930000,-26.611355,153.025938,Anoplognathus pallidicollis,Christmas Beetle
1698261001000,-26.611372,153.025931,Anoplognathus prasinus,
1698264060000,-28.331379,153.536711,Anoplognathus porosus,
1698264843000,-26.611375,153.025945,Anoplognathus porosus,
1698347006000,-27.481836,152.929676,Anoplognathus concolor,
1698610020000,-29.17678,153.462815,Anoplognathus olivieri,Christmas Beetle
1698659100000,-32.741,151.582721,Anoplognathus porosus,
1698663214000,-32.945348,151.73739,Anoplognathus porosus,
1698684700000,-26.729308,153.053681,Anoplognathus pallidicollis,Christmas Beetle
1698696420000,-27.678006,153.138294,Anoplognathus pallidicollis,Christmas Beetle
1698697682000,-33.481041,151.416378,Anoplognathus concolor,
1698704160000,-32.885862,151.647033,Anoplognathus porosus,
1698739680000,-32.729235,151.540383,Anoplognathus porosus,
1698775980000,-33.512454,151.341449,Anoplognathus porosus,
1698786060000,-29.18735,153.49556,Anoplognathus olivieri,Christmas Beetle
1698841937000,-33.70919,150.971378,Anoplognathus porosus,
1698916144000,-33.105606,151.645553,Anoplognathus porosus,
1698945555000,-33.984345,151.082997,Anoplognathus porosus,
1698955380000,-29.160183,153.415579,Anoplognathus pallidicollis,Christmas Beetle
1698955633000,-26.611393,153.025991,Anoplognathus porosus,
1698959460000,-27.4,152.9,Anoplognathus porosus,
1698989460000,-26.823995,152.919953,Anoplognathus abnormis,
1699020555000,-33.887996,151.176895,Anoplognathus porosus,
1699044120000,-29.042931,153.498313,Anoplognathus olivieri,Christmas Beetle
1699086180000,-32.736708,152.032705,Anoplognathus olivieri,Christmas Beetle
1699086760000,-27.380877,153.045353,Anoplognathus pallidicollis,Christmas Beetle
1699133706000,-28.03208,153.31613,Anoplognathus pallidicollis,Christmas Beetle
1699161780000,-26.823995,152.919953,Anoplognathus concolor,
1699163237000,-26.773971,153.136292,Anoplognathus pallidicollis,Christmas Beetle
1699170720000,-27.354142,152.904434,Anoplognathus porosus,
1699214520000,-36.80257,144.300232,Anoplognathus pallidicollis,Christmas Beetle
1699218540000,-36.802699,144.30022,Anoplognathus pallidicollis,Christmas Beetle
1699219320000,-36.802589,144.300083,Anoplognathus pallidicollis,Christmas Beetle
1699219680000,-36.802827,144.30002,Anoplognathus pallidicollis,Christmas Beetle
1699269990000,-34.99302,138.561037,Anoplognathus montanus,
1699270080000,-32.728301,151.541845,Anoplognathus porosus,
1699304040000,-27.328341,152.927001,Anoplognathus pallidicollis,Christmas Beetle
1699309256000,-37.689359,143.996917,Anoplognathus velutinus,
1699343685000,-33.776792,151.117684,Anoplognathus porosus,
1699385098000,-26.611387,153.025959,Anoplognathus abnormis,
1699394040000,-26.823995,152.919953,Anoplognathus pallidicollis,Christmas Beetle
1699462262000,-34.972938,138.615482,Anoplognathus montanus,
1699464558000,-33.265178,151.548522,Anoplognathus olivieri,Christmas Beetle
1699471953000,-26.611392,153.025975,Anoplognathus pallidicollis,Christmas Beetle
1699481148000,-33.965213,151.241212,Anoplognathus olivieri,Christmas Beetle
1699517010000,-32.94218,151.660613,Anoplognathus porosus,
1699517010000,-32.94218,151.660613,Anoplognathus porosus,
1699534802000,-26.620483,152.951963,Anoplognathus pallidicollis,Christmas Beetle
1699544755000,-24.870459,152.380154,Anoplognathus porosus,
1699556830000,-26.611367,153.025944,Anoplognathus prasinus,
1699557480000,-27.354142,152.904434,Anoplognathus porosus,
1699557734000,-26.606342,153.007308,Anoplognathus porosus,
1699559100000,-27.354142,152.904434,Anoplognathus concolor,
1699560600000,-29.168709,153.592496,Anoplognathus porosus,
1699560840000,-29.081567,153.568473,Anoplognathus olivieri,Christmas Beetle
1699641585000,-26.611362,153.025939,Anoplognathus abnormis,
1699641621000,-26.611387,153.025953,Anoplognathus pallidicollis,Christmas Beetle
1699650900000,-38.286999,145.08104,Anoplognathus velutinus,
1699654137000,-37.237637,144.418965,Anoplognathus velutinus,
1699702245000,-32.659699,152.151433,Anoplognathus olivieri,Christmas Beetle
1699702472000,-37.707042,144.48738,Anoplognathus velutinus,
1699706820000,-34.282105,150.638724,Anoplognathus concolor,
1699719241000,-37.762177,144.973434,Anoplognathus velutinus,
1699734645000,-26.611371,153.025951,Anoplognathus pallidicollis,Christmas Beetle
1699734899000,-26.611374,153.025953,Anoplognathus prasinus,
1699734976000,-26.611383,153.025943,Anoplognathus abnormis,
1699735573000,-33.731048,151.112283,Anoplognathus concolor,
1699772922000,-17.307278,145.961944,Anoplognathus smaragdinus,
1699775340000,-35.241997,149.042927,Anoplognathus montanus,
1699783823000,-32.152848,152.490716,Anoplognathus olivieri,Christmas Beetle
1699785428000,-33.768953,150.670975,Anoplognathus brunnipennis,
1699788420000,-33.422618,151.438973,Anoplognathus concolor,
1699797420000,-33.905666,151.211875,Anoplognathus olivieri,Christmas Beetle
1699813301000,-33.705418,151.277993,Anoplognathus concolor,
1699817280000,-27.354142,152.904434,Anoplognathus porosus,
1699903785000,-26.611399,153.025951,Anoplognathus abnormis,
1699904051000,-26.611382,153.02594,Anoplognathus porosus,
1699904079000,-26.611366,153.025969,Anoplognathus pallidicollis,Christmas Beetle
1699907933000,-26.752473,152.924698,Anoplognathus abnormis,
1699908652000,-32.958277,151.692396,Anoplognathus porosus,
1699914648000,-28.198947,152.035111,Anoplognathus porosus,
1699977600000,-31.887548,152.347517,Anoplognathus porosus,
1699977660000,-31.887548,152.34752,Anoplognathus porosus,
1699991280000,-29.144068,153.549242,Anoplognathus pallidicollis,Christmas Beetle
1699992363000,-26.611369,153.026007,Anoplognathus pallidicollis,Christmas Beetle
1700011380000,-33.977591,151.243968,Anoplognathus olivieri,Christmas Beetle
1700029814000,-27.544467,153.10456,Anoplognathus porosus,
1700041920000,-32.947615,151.707748,Anoplognathus porosus,
1700044755000,-32.736197,152.117126,Anoplognathus olivieri,Christmas Beetle
1700062401000,-33.494488,151.311334,Anoplognathus porosus,
1700079616000,-26.611359,153.025928,Anoplognathus pallidicollis,Christmas Beetle
1700079900000,-27.328321,152.927025,Anoplognathus pallidicollis,Christmas Beetle
1700081040000,-29.136779,153.538194,Anoplognathus pallidicollis,Christmas Beetle
1700081648000,-27.636611,153.02043,Anoplognathus pallidicollis,Christmas Beetle
1700082633000,-26.611403,153.025979,Anoplognathus pallidicollis,Christmas Beetle
1700086560000,-26.823995,152.919953,Anoplognathus concolor,
1700142880000,-17.341483,145.869492,Anoplognathus punctulatus,
1700158620000,-33.62555,151.333529,Anoplognathus porosus,
1700160629000,-27.539289,152.904717,Anoplognathus porosus,
1700164043000,-26.611395,153.025949,Anoplognathus porosus,
1700166000000,-33.879741,151.241275,Anoplognathus porosus,
1700166045000,-37.599262,145.276062,Anoplognathus velutinus,
1700238600000,-25.514686,152.680133,Anoplognathus porosus,
1700239515000,-33.050067,151.651488,Anoplognathus porosus,
1700244794000,-17.556203,146.090378,Anoplognathus smaragdinus,
1700262561000,-28.652505,152.595116,Anoplognathus porosus,
1700296591000,-35.257126,138.721841,Anoplognathus montanus,
1700341093000,-27.690978,153.178208,Anoplognathus porosus,
1700387138000,-33.767491,151.247732,Anoplognathus porosus,
1700387460000,-32.654682,151.965685,Anoplognathus porosus,
1700411767000,-24.703255,152.251514,Anoplognathus porosus,
1700411888000,-24.703436,152.25155,Anoplognathus porosus,
1700416985000,-32.921697,151.606613,Anoplognathus porosus,
1700426829000,-35.3623,149.045822,Anoplognathus porosus,
1700464358000,-34.914088,138.551012,Anoplognathus montanus,
1700473797000,-29.494488,153.221497,Anoplognathus porosus,
1700473970000,-32.358883,151.963608,Anoplognathus porosus,
1700477220000,-33.76292,151.110476,Anoplognathus porosus,
1700516820000,-26.823995,152.919953,Anoplognathus concolor,
1700597125000,-32.741895,152.16977,Anoplognathus porosus,
1700641468000,-33.902697,150.952592,Anoplognathus porosus,
1700673720000,-35.050941,138.584095,Anoplognathus montanus,
1700684951000,-26.611357,153.025965,Anoplognathus porosus,
1700706720000,-26.717448,153.060242,Anoplognathus pallidicollis,Christmas Beetle
1700771100000,-35.724517,147.314519,Anoplognathus pallidicollis,Christmas Beetle
1700840808000,-32.771637,151.583786,Anoplognathus porosus,
1700853600000,-27.354142,152.904434,Anoplognathus porosus,
1700853840000,-29.11986,153.525359,Anoplognathus porosus,
1700855940000,-26.173059,152.738496,Anoplognathus porosus,
1700856840000,-30.241098,153.095271,Anoplognathus concolor,
1700860329000,-26.611396,153.025944,Anoplognathus prasinus,
1700906340000,-29.351493,153.282677,Anoplognathus porosus,
1700909940000,-33.335139,151.487942,Anoplognathus brunnipennis,
1700926680000,-29.852433,153.260347,Anoplognathus boisduvalii,
1700942133000,-26.611358,153.025953,Anoplognathus pallidicollis,Christmas Beetle
1700942164000,-26.611366,153.025961,Anoplognathus porosus,
1700944399000,-27.403148,152.94041,Anoplognathus concolor,
1700945400000,-33.93207,150.924132,Anoplognathus porosus,
1700953860000,-30.351281,153.081681,Anoplognathus concolor,
1700985480000,-27.567668,151.89124,Anoplognathus porosus,
1700992020000,-32.911402,151.592265,Anoplognathus porosus,
1701028320000,-29.073247,153.533609,Anoplognathus porosus,
1701073320000,-21.073641,149.15004,Anoplognathus porosus,
1701077160000,-33.911768,151.185233,Anoplognathus porosus,
1701079500000,-33.806389,151.258072,Anoplognathus porosus,
1701092864000,-26.728706,153.135357,Anoplognathus porosus,
1701103380000,-26.482447,152.897823,Anoplognathus pallidicollis,Christmas Beetle
1701118560000,-29.061291,153.471389,Anoplognathus pallidicollis,Christmas Beetle
1701122400000,-21.3,149.2,Anoplognathus porosus,
1701124680000,-30.351277,153.081686,Anoplognathus porosus,
1701129600000,-31.516,152.242,Anoplognathus porosus,
1701163314000,-30.326012,153.102935,Anoplognathus porosus,
1701193802000,-32.727412,152.006347,Anoplognathus olivieri,Christmas Beetle
1701202170000,-30.644305,153.003875,Anoplognathus olivieri,Christmas Beetle
1701202800000,-26.087775,152.786716,Anoplognathus boisduvalii,
1701203160000,-25.511529,152.753853,Anoplognathus montanus,
1701218220000,-32.818626,151.351012,Anoplognathus porosus,
1701253272000,-33.74668,151.135881,Anoplognathus porosus,
1701284803000,-24.914567,152.365142,Anoplognathus porosus,
1701284874000,-24.914567,152.365172,Anoplognathus porosus,
1701286440000,-28.272775,152.770283,Anoplognathus porosus,
1701286440000,-28.272738,152.770288,Anoplognathus porosus,
1701286680000,-28.272669,152.770307,Anoplognathus porosus,
1701286869000,-16.104294,145.449709,Anoplognathus aeneus,
1701287400000,-28.090079,153.289823,Anoplognathus pallidicollis,Christmas Beetle
1701291705000,-26.611347,153.025937,Anoplognathus porosus,
1701291705000,-26.611347,153.025937,Anoplognathus porosus,
1701291812000,-26.61138,153.025971,Anoplognathus abnormis,
1701328362000,-24.427105,145.467803,Anoplognathus vietor,
1701361920000,-32.892357,151.644358,Anoplognathus porosus,
1701374220000,-28.272116,152.770432,Anoplognathus montanus,
1701374400000,-28.272116,152.770432,Anoplognathus montanus,
1701375729000,-26.59415,153.046203,Anoplognathus porosus,
1701376740000,-28.004181,153.001158,Anoplognathus concolor,
1701377949000,-24.914605,152.365188,Anoplognathus boisduvalii,
1701378060000,-30.792423,152.614358,Anoplognathus porosus,
1701378060000,-30.792423,152.614358,Anoplognathus porosus,
1701378060000,-30.792423,152.614358,Anoplognathus porosus,
1701378480000,-31.856584,152.43927,Anoplognathus porosus,
1701379860000,-28.272097,152.769577,Anoplognathus porosus,
1701380040000,-28.272081,152.769592,Anoplognathus pallidicollis,Christmas Beetle
1701421916000,-33.6991,151.151611,Anoplognathus porosus,
1701423060000,-24.77784,152.421793,Anoplognathus porosus,
1701423060000,-24.77784,152.421793,Anoplognathus boisduvalii,
1701423060000,-24.77784,152.421793,Anoplognathus boisduvalii,
1701423060000,-24.77784,152.421793,Anoplognathus porosus,
1701428942000,-38.17128,145.14267,Anoplognathus olivieri,Christmas Beetle
1701433797000,-38.022778,145.09987,Anoplognathus olivieri,Christmas Beetle
1701440415000,-27.090643,152.992094,Anoplognathus porosus,
1701440899000,-27.337637,152.38623,Anoplognathus boisduvalii,
1701443520000,-34.426311,150.860961,Anoplognathus brunnipennis,
1701445057000,-25.117219,152.574104,Anoplognathus boisduvalii,
1701445567000,-33.5085,151.329677,Anoplognathus olivieri,Christmas Beetle
1701457002000,-33.26167,151.493728,Anoplognathus porosus,
1701462871000,-27.504978,153.16586,Anoplognathus porosus,
1701463433000,-30.433045,152.971971,Anoplognathus porosus,
1701463546000,-33.730121,151.26735,Anoplognathus porosus,
1701500222000,-31.939133,152.40567,Anoplognathus porosus,
1701501157000,-32.395113,150.685455,Anoplognathus boisduvalii,
1701519900000,-27.098108,152.914135,Anoplognathus pallidicollis,Christmas Beetle
1701526068000,-34.03205,151.059739,Anoplognathus olivieri,Christmas Beetle
1701538080000,-33.271697,151.548176,Anoplognathus olivieri,Christmas Beetle
1701548400000,-30.432159,153.018771,Anoplognathus brunnipennis,
1701548923000,-26.611386,153.025919,Anoplognathus pallidicollis,Christmas Beetle
1701549788000,-29.611679,153.337451,Anoplognathus olivieri,Christmas Beetle
1701550620000,-33.684006,151.268709,Anoplognathus concolor,
1701553303000,-24.940179,152.269574,Anoplognathus porosus,
1701556140000,-36.1687,146.875505,Anoplognathus montanus,
1701560940000,-26.061943,152.776941,Anoplognathus boisduvalii,
1701588116000,-26.557997,153.083406,Anoplognathus prasinus,
1701590321000,-33.780507,151.263909,Anoplognathus olivieri,Christmas Beetle
1701590458000,-24.704822,152.251597,Anoplognathus olivieri,Christmas Beetle
1701592198000,-21.731758,149.261337,Anoplognathus parvulus,
1701594700000,-29.44047,153.196716,Anoplognathus porosus,
1701595800000,-36.168739,146.875553,Anoplognathus montanus,
1701603162000,-34.061969,151.006133,Anoplognathus porosus,
1701605520000,-32.992672,151.593444,Anoplognathus porosus,
1701610620000,-26.553821,152.75016,Anoplognathus boisduvalii,
1701617409000,-34.056655,151.000381,Anoplognathus porosus,
1701619669000,-32.779637,151.908753,Anoplognathus olivieri,Christmas Beetle
1701624240000,-27.262828,152.971694,Anoplognathus porosus,
1701630105000,-34.814238,147.741622,Anoplognathus montanus,
1701632374000,-27.69084,153.178336,Anoplognathus porosus,
1701632700000,-16.929694,145.696486,Anoplognathus aureus,
1701632700000,-16.929694,145.696486,Anoplognathus aureus,
1701632852000,-17.961808,146.089631,Anoplognathus daemeli,
1701633660000,-27.354142,152.904434,Anoplognathus porosus,
1701638590000,-36.718675,144.256163,Anoplognathus montanus,
1701639051000,-26.611408,153.02596,Anoplognathus porosus,
1701640740000,-27.61978,152.904091,Anoplognathus porosus,
1701643860000,-36.188046,144.672833,Anoplognathus montanus,
1701644121000,-29.442625,151.57438,Anoplognathus porosus,
1701671238000,-28.22378,152.017014,Anoplognathus porosus,
1701676320000,-28.439548,153.438281,Anoplognathus concolor,
1701677675000,-35.007363,150.699943,Anoplognathus olivieri,Christmas Beetle
1701682238000,-26.460797,152.678739,Anoplognathus porosus,
1701712164000,-29.047138,152.019947,Anoplognathus porosus,
1701713011000,-35.334754,149.366488,Anoplognathus porosus,
1701716120000,-33.486304,151.439317,Anoplognathus porosus,
1701724320000,-21.3,149.1,Anoplognathus porosus,
1701724741000,-24.780275,152.420455,Anoplognathus porosus,
1701727980000,-20.324158,148.616854,Anoplognathus porosus,
1701729000000,-33.182581,138.76248,Anoplognathus montanus,
1701729240000,-37.646775,144.865875,Anoplognathus velutinus,
1701729813000,-37.640405,145.34025,Anoplognathus velutinus,
1701730206000,-38.014042,145.095611,Anoplognathus olivieri,Christmas Beetle
1701753737000,-27.826955,153.330308,Anoplognathus porosus,
1701757200000,-27.808985,152.966216,Anoplognathus porosus,
1701759458000,-36.848089,145.089867,Anoplognathus montanus,
1701760372000,-32.942792,151.696914,Anoplognathus porosus,
1701761932000,-38.111869,145.13202,Anoplognathus olivieri,Christmas Beetle
1701762945000,-17.961813,146.089645,Anoplognathus smaragdinus,
1701763774000,-28.343429,152.195704,Anoplognathus montanus,
1701764400000,-33.71001,150.93515,Anoplognathus porosus,
1701766618000,-35.21322,149.067872,Anoplognathus porosus,
1701771418000,-30.300825,153.124039,Anoplognathus porosus,
1701772274000,-34.295578,138.920167,Anoplognathus montanus,
1701782267000,-33.340972,151.553978,Anoplognathus porosus,
1701785745000,-33.092367,151.450059,Anoplognathus brunnipennis,
1701795087000,-34.858872,138.586108,Anoplognathus montanus,
1701806771000,-26.611378,153.02597,Anoplognathus pallidicollis,Christmas Beetle
1701807305000,-26.430237,152.604432,Anoplognathus porosus,
1701807780000,-33.840711,147.233721,Anoplognathus pallidicollis,Christmas Beetle
1701809300000,-26.321769,152.674591,Anoplognathus boisduvalii,
1701811651000,-34.069236,151.007736,Anoplognathus porosus,
1701811950000,-33.43578,151.299127,Anoplognathus olivieri,Christmas Beetle
1701812446000,-35.317298,149.440421,Anoplognathus hirsutus,
1701817348000,-33.052775,151.046497,Anoplognathus porosus,
1701820800000,-31.119143,150.89829,Anoplognathus porosus,
1701852114000,-34.926917,138.521569,Anoplognathus montanus,
1701854729000,-33.734688,151.292283,Anoplognathus olivieri,Christmas Beetle
1701855660000,-34.421856,147.821562,Anoplognathus montanus,
1701856554000,-21.162494,148.865617,Anoplognathus parvulus,
1701866855000,-33.909375,151.22529,Anoplognathus olivieri,Christmas Beetle
1701867240000,-38.369119,144.913437,Anoplognathus olivieri,Christmas Beetle
1701868292000,-30.146466,153.196851,Anoplognathus olivieri,Christmas Beetle
1701880813000,-38.149633,145.132671,Anoplognathus olivieri,Christmas Beetle
1701883622000,-26.501658,153.070267,Anoplognathus prasinus,
1701886740000,-13.824318,131.214368,Anoplognathus brevicollis,
1701891559000,-20.309625,148.627864,Anoplognathus porosus,
1701891673000,-17.4195,145.398317,Anoplognathus boisduvalii,
1701895176000,-28.290728,153.240237,Anoplognathus porosus,
1701895705000,-30.008618,152.978627,Anoplognathus porosus,
1701897660000,-27.333509,152.820891,Anoplognathus porosus,
1701897863000,-33.74665,138.682407,Anoplognathus montanus,
1701898860000,-27.913157,153.222038,Anoplognathus porosus,
1701898860000,-35.812114,150.222502,Anoplognathus porosus,
1701900240000,-33.425987,151.412462,Anoplognathus porosus,
1701900720000,-35.0,138.6,Anoplognathus montanus,
1701902773000,-32.652174,151.914774,Anoplognathus porosus,
1701905460000,-35.812114,150.222502,Anoplognathus porosus,
1701908205000,-33.309372,149.44728,Anoplognathus pallidicollis,Christmas Beetle
1701928911000,-25.550392,152.676103,Anoplognathus porosus,
1701934680000,-36.139191,146.930204,Anoplognathus montanus,
1701935926000,-28.306137,153.50182,Anoplognathus pallidicollis,Christmas Beetle
1701941400000,-26.223607,152.654383,Anoplognathus porosus,
1701954208000,-33.772513,151.112703,Anoplognathus porosus,
1701963154000,-34.851031,138.603937,Anoplognathus montanus,
1701971340000,-38.061993,145.124793,Anoplognathus olivieri,Christmas Beetle
1701976447000,-25.36862,152.884445,Anoplognathus porosus,
1701982203000,-26.611401,153.025971,Anoplognathus porosus,
1701984548000,-28.927119,152.312856,Anoplognathus pallidicollis,Christmas Beetle
1701985482000,-27.416558,151.937516,Anoplognathus boisduvalii,
1701986744000,-33.780378,151.268433,Anoplognathus olivieri,Christmas Beetle
1702009860000,-35.992088,137.194372,Anoplognathus velutinus,
1702015680000,-34.608549,148.079179,Anoplognathus montanus,
1702021622000,-33.847,138.612248,Anoplognathus montanus,
1702021962000,-38.173265,145.124585,Anoplognathus olivieri,Christmas Beetle
1702023060000,-35.64744,137.579232,Anoplognathus montanus,
1702032287000,-34.444666,150.836347,Anoplognathus brunnipennis,
1702033260000,-31.637815,152.792725,Anoplognathus flavipennis,
1702035224000,-32.76218,151.767197,Anoplognathus porosus,
1702039298000,-33.834742,138.616402,Anoplognathus montanus,
1702048643000,-20.410563,148.587958,Anoplognathus pallidicollis,Christmas Beetle
1702049134000,-32.740541,151.864721,Anoplognathus porosus,
1702050508000,-32.740518,151.864575,Anoplognathus porosus,
1702053000000,-33.559213,150.787155,Anoplognathus viriditarsis,
1702054668000,-21.026556,149.08389,Anoplognathus parvulus,
1702057195000,-38.115721,145.151463,Anoplognathus olivieri,Christmas Beetle
1702068060000,-29.404957,153.348276,Anoplognathus olivieri,Christmas Beetle
1702069320000,-29.101946,151.746247,Anoplognathus boisduvalii,
1702070523000,-30.513653,151.383649,Anoplognathus porosus,
1702070700000,-29.101915,151.74622,Anoplognathus boisduvalii,
1702077297000,-34.037067,151.0932,Anoplognathus porosus,
1702077730000,-34.037078,151.093186,Anoplognathus porosus,
1702078220000,-34.037064,151.09317,Anoplognathus olivieri,Christmas Beetle
1702102440000,-28.969489,152.587433,Anoplognathus porosus,
1702105320000,-29.102017,151.746583,Anoplognathus pallidicollis,Christmas Beetle
1702116187000,-29.433362,153.355084,Anoplognathus olivieri,Christmas Beetle
1702122544000,-33.786139,151.267489,Anoplognathus concolor,
1702123687000,-35.116947,147.364792,Anoplognathus montanus,
1702132255000,-33.496965,138.61199,Anoplognathus montanus,
1702132920000,-26.482553,152.898091,Anoplognathus boisduvalii,
1702133340000,-26.482553,152.897941,Anoplognathus abnormis,
1702138321000,-28.18581,151.947662,Anoplognathus porosus,
1702150800000,-27.354142,152.904434,Anoplognathus boisduvalii,
1702150920000,-26.173035,152.738458,Anoplognathus porosus,
1702151760000,-27.580832,153.177108,Anoplognathus montanus,
1702155000000,-27.538037,152.081489,Anoplognathus boisduvalii,
1702158780000,-26.270161,152.721343,Anoplognathus porosus,
1702158780000,-26.270161,152.721343,Anoplognathus porosus,
1702158780000,-26.270059,152.721556,Anoplognathus porosus,
1702194480000,-21.423761,149.217503,Anoplognathus parvulus,
1702198500000,-27.400887,152.937902,Anoplognathus porosus,
1702202122000,-25.28785,152.84198,Anoplognathus boisduvalii,
1702206780000,-41.259386,147.232569,Anoplognathus suturalis,
1702210537000,-29.982757,153.226418,Anoplognathus olivieri,Christmas Beetle
1702212224000,-27.608828,152.76338,Anoplognathus porosus,
1702212622000,-33.232658,151.543608,Anoplognathus porosus,
1702212805000,-24.87539,152.315,Anoplognathus porosus,
1702212965000,-34.239783,150.698456,Anoplognathus porosus,
1702216800000,-33.977893,151.119993,Anoplognathus olivieri,Christmas Beetle
1702216860000,-27.934283,153.271052,Anoplognathus porosus,
1702221660000,-37.943407,145.082283,Anoplognathus olivieri,Christmas Beetle
1702222800000,-33.990187,150.779767,Anoplognathus viridiaeneus,King Christmas Beetle
1702230360000,-34.010692,151.097759,Anoplognathus olivieri,Christmas Beetle
1702233000000,-33.558984,150.797962,Anoplognathus viriditarsis,
1702238640000,-26.209431,152.682067,Anoplognathus boisduvalii,
1702240220000,-34.044713,151.117462,Anoplognathus porosus,
1702241400000,-25.284529,152.866286,Anoplognathus porosus,
1702241740000,-25.213694,152.237487,Anoplognathus pallidicollis,Christmas Beetle
1702244533000,-17.271454,145.580491,Anoplognathus punctulatus,
1702270320000,-26.455212,153.009838,Anoplognathus porosus,
1702274220000,-26.723996,153.135179,Anoplognathus porosus,
1702275060000,-34.608549,148.07918,Anoplognathus porosus,
1702275840000,-34.608549,148.079178,Anoplognathus brunnipennis,
1702278159000,-33.68412,151.323381,Anoplognathus olivieri,Christmas Beetle
1702280873000,-33.720803,151.155547,Anoplognathus porosus,
1702287754000,-33.747442,151.237764,Anoplognathus concolor,
1702287754000,-33.747442,151.237764,Anoplognathus concolor,
1702292684000,-33.486512,151.439208,Anoplognathus porosus,
1702294920000,-32.191294,150.980256,Anoplognathus boisduvalii,
1702303800000,-34.884139,138.700592,Anoplognathus montanus,
1702309220000,-33.769121,151.273491,Anoplognathus olivieri,Christmas Beetle
1702317540000,-32.672072,152.179712,Anoplognathus olivieri,Christmas Beetle
1702317540000,-32.672072,152.179712,Anoplognathus olivieri,Christmas Beetle
1702323409000,-27.616116,152.777634,Anoplognathus porosus,
1702324800000,-28.114485,153.275983,Anoplognathus porosus,
1702324860000,-28.031306,153.387318,Anoplognathus pallidicollis,Christmas Beetle
1702324873000,-26.611357,153.025925,Anoplognathus porosus,
1702332554000,-33.994645,151.0533,Anoplognathus olivieri,Christmas Beetle
1702332737000,-32.976652,151.647639,Anoplognathus porosus,
1702339200000,-27.542107,152.805857,Anoplognathus porosus,
1702372310000,-30.512505,151.679216,Anoplognathus porosus,
1702379990000,-23.967498,151.366029,Anoplognathus boisduvalii,
1702386171000,-38.165773,145.174349,Anoplognathus olivieri,Christmas Beetle
1702391818000,-32.788195,151.903755,Anoplognathus olivieri,Christmas Beetle
1702408388000,-28.14905,153.404158,Anoplognathus porosus,
1702412361000,-33.780578,151.268478,Anoplognathus olivieri,Christmas Beetle
1702412709000,-27.519025,152.509622,Anoplognathus boisduvalii,
1702415176000,-26.611384,153.025951,Anoplognathus abnormis,
1702416830000,-30.741889,152.842111,Anoplognathus porosus,
1702417756000,-26.752466,152.924769,Anoplognathus porosus,
1702421160000,-35.221589,149.030197,Anoplognathus montanus,
1702425600000,-33.351073,151.438503,Anoplognathus porosus,
1702448940000,-34.608549,148.079179,Anoplognathus montanus,
1702450210000,-33.49374,151.312702,Anoplognathus olivieri,Christmas Beetle
1702451520000,-28.820453,153.333749,Anoplognathus porosus,
1702458600000,-38.366487,144.911806,Anoplognathus olivieri,Christmas Beetle
1702460561000,-33.885643,150.836151,Anoplognathus viriditarsis,
1702477260000,-34.00003,151.059316,Anoplognathus olivieri,Christmas Beetle
1702489267000,-33.560867,150.786973,Anoplognathus porosus,
1702489475000,-38.347937,144.764181,Anoplognathus olivieri,Christmas Beetle
1702497871000,-33.979672,151.138703,Anoplognathus porosus,
1702498291000,-26.61138,153.025948,Anoplognathus pallidicollis,Christmas Beetle
1702498400000,-26.61135,153.025935,Anoplognathus porosus,
1702500240000,-16.936616,145.698415,Anoplognathus boisduvalii,
1702501295000,-33.731708,151.289213,Anoplognathus olivieri,Christmas Beetle
1702502700000,-21.3,149.2,Anoplognathus porosus,
1702505834000,-35.493855,149.095142,Anoplognathus brunnipennis,
1702507889000,-33.905506,151.207156,Anoplognathus olivieri,Christmas Beetle
1702512780000,-35.253221,149.130436,Anoplognathus porosus,
1702537267000,-33.394438,151.344422,Anoplognathus porosus,
1702546680000,-35.259212,149.152039,Anoplognathus porosus,
1702548900000,-32.942562,151.700242,Anoplognathus porosus,
1702565413000,-34.647916,148.160818,Anoplognathus montanus,
1702576320000,-27.565035,153.095025,Anoplognathus pallidicollis,Christmas Beetle
1702584243000,-24.814233,152.458922,Anoplognathus boisduvalii,
1702587420000,-24.2125,151.903333,Anoplognathus boisduvalii,
1702589538000,-33.543033,150.888839,Anoplognathus porosus,
1702592478000,-33.353495,150.755307,Anoplognathus boisduvalii,
1702592684000,-26.566762,152.837621,Anoplognathus porosus,
1702594020000,-26.471238,152.795033,Anoplognathus porosus,
1702595558000,-32.778422,151.911689,Anoplognathus olivieri,Christmas Beetle
1702597200000,-36.97655,144.726821,Anoplognathus pallidicollis,Christmas Beetle
1702615777000,-33.415344,151.319441,Anoplognathus porosus,
1702626976000,-35.416229,149.063317,Anoplognathus porosus,
1702632120000,-41.259239,147.232551,Anoplognathus suturalis,
1702640862000,-34.007111,151.009278,Anoplognathus porosus,
1702641293000,-31.56025,152.850554,Anoplognathus olivieri,Christmas Beetle
1702646340000,-41.259389,147.232591,Anoplognathus suturalis,
1702660163000,-27.542498,152.664153,Anoplognathus boisduvalii,
1702668060000,-33.73643,150.608705,Anoplognathus porosus,
1702668120000,-33.736686,150.608531,Anoplognathus porosus,
1702668485000,-21.441967,149.186417,Anoplognathus parvulus,
1702672620000,-21.3,149.2,Anoplognathus porosus,
1702675800000,-33.768558,151.216234,Anoplognathus olivieri,Christmas Beetle
1702676544000,-30.434812,152.6586,Anoplognathus concolor,
1702681963000,-30.305307,149.804327,Anoplognathus boisduvalii,
1702684800000,-34.258717,150.561558,Anoplognathus viriditarsis,
1702694940000,-34.258706,150.561523,Anoplognathus viriditarsis,
1702710315000,-32.334772,150.565631,Anoplognathus boisduvalii,
1702711949000,-25.538418,152.720796,Anoplognathus pallidicollis,Christmas Beetle
1702713215000,-33.785624,150.648877,Anoplognathus porosus,
1702713661000,-33.307337,151.411087,Anoplognathus porosus,
1702713951000,-38.65223,146.698757,Anoplognathus olivieri,Christmas Beetle
1702716465000,-21.346624,149.207083,Anoplognathus pallidicollis,Christmas Beetle
1702716539000,-21.347365,149.207203,Anoplognathus pallidicollis,Christmas Beetle
1702718657000,-38.386917,144.901428,Anoplognathus olivieri,Christmas Beetle
1702719139000,-38.642608,146.20952,Anoplognathus brunnipennis,
1702728097000,-33.635163,150.975709,Anoplognathus porosus,
1702753380000,-26.738856,153.117383,Anoplognathus porosus,
1702755028000,-31.031303,152.479828,Anoplognathus porosus,
1702755900000,-28.3326,153.54759,Anoplognathus olivieri,Christmas Beetle
1702758078000,-27.33517,152.76389,Anoplognathus concolor,
1702758714000,-25.246814,152.268527,Anoplognathus porosus,
1702760382000,-26.611379,153.025939,Anoplognathus pallidicollis,Christmas Beetle
1702762032000,-34.84565,138.448863,Anoplognathus montanus,
1702763571000,-28.169688,152.057281,Anoplognathus porosus,
1702765764000,-33.447227,151.321781,Anoplognathus olivieri,Christmas Beetle
1702765893000,-33.585645,149.890638,Anoplognathus brunnipennis,
1702771200000,-35.11272,138.413543,Anoplognathus montanus,
1702792237000,-25.312527,152.820452,Anoplognathus porosus,
1702799008000,-25.545825,152.72667,Anoplognathus porosus,
1702804968000,-34.904455,138.617112,Anoplognathus montanus,
1702806743000,-35.070823,138.883602,Anoplognathus velutinus,
1702810920000,-33.769976,150.89976,Anoplognathus porosus,
1702812420000,-29.108094,151.903742,Anoplognathus flavipennis,
1702822394000,-32.778493,151.524455,Anoplognathus porosus,
1702826177000,-33.417003,151.352097,Anoplognathus porosus,
1702836895000,-24.89757,152.362705,Anoplognathus porosus,
1702841805000,-26.611361,153.025951,Anoplognathus abnormis,
1702844880000,-30.211726,149.69602,Anoplognathus porosus,
1702846009000,-33.732017,151.22238,Anoplognathus olivieri,Christmas Beetle
1702847280000,-35.256445,149.150441,Anoplognathus porosus,
1702847557000,-26.390707,152.673538,Anoplognathus porosus,
1702847710000,-33.766763,150.930772,Anoplognathus porosus,
1702847883000,-27.289688,152.431975,Anoplognathus boisduvalii,
1702887762000,-33.432831,151.039885,Anoplognathus porosus,
1702888365000,-33.435635,151.041204,Anoplognathus porosus,
1702889044000,-38.13632,145.121152,Anoplognathus olivieri,Christmas Beetle
1702890547000,-27.458095,151.949067,Anoplognathus porosus,
1702891537000,-28.159875,153.450805,Anoplognathus porosus,
1702898430000,-35.410807,138.469824,Anoplognathus montanus,
1702901287000,-30.395641,151.670415,Anoplognathus porosus,
1702903351000,-24.825279,152.466617,Anoplognathus boisduvalii,
1702903698000,-38.130355,145.173338,Anoplognathus olivieri,Christmas Beetle
1702925479000,-36.073688,146.93501,Anoplognathus montanus,
1702928840000,-27.642528,152.857964,Anoplognathus porosus,
1702929480000,-35.647576,137.579213,Anoplognathus montanus,
1702930485000,-27.50182,153.044936,Anoplognathus porosus,
1702933440000,-32.661968,138.067123,Anoplognathus macleayi,
1702934552000,-34.028392,151.046889,Anoplognathus concolor,
1702935150000,-28.071567,153.376938,Anoplognathus pallidicollis,Christmas Beetle
1702935180000,-31.856902,152.440011,Anoplognathus porosus,
1702944000000,-33.351042,151.438594,Anoplognathus porosus,
1702962000000,-34.848558,138.671397,Anoplognathus montanus,
1702966800000,-34.608548,148.079176,Anoplognathus montanus,
1702972745000,-33.632753,151.327236,Anoplognathus olivieri,Christmas Beetle
1702973280000,-34.608547,148.079175,Anoplognathus pindarus,
1702979552000,-36.140745,146.99306,Anoplognathus montanus,
1702981373000,-33.691657,151.210492,Anoplognathus olivieri,Christmas Beetle
1702996985000,-33.351683,151.440114,Anoplognathus porosus,
1702997237000,-33.351073,151.438655,Anoplognathus porosus,
1702997280000,-33.351683,151.440114,Anoplognathus porosus,
1702997307000,-33.35111,151.438588,Anoplognathus porosus,
1703011705000,-35.140338,138.528462,Anoplognathus montanus,
1703014774000,-26.852325,152.959747,Anoplognathus pallidicollis,Christmas Beetle
1703022840000,-28.28216,152.78537,Anoplognathus porosus,
1703025120000,-28.282225,152.785583,Anoplognathus porosus,
1703044572000,-27.498797,153.120525,Anoplognathus porosus,
1703065868000,-26.397514,152.876621,Anoplognathus porosus,
1703069509000,-17.14907,145.111103,Anoplognathus boisduvalii,
1703092950000,-32.692027,152.135552,Anoplognathus porosus,
1703092981000,-32.643698,152.048136,Anoplognathus porosus,
1703094877000,-33.356891,151.290435,Anoplognathus viridiaeneus,King Christmas Beetle
1703100961000,-27.489604,152.909045,Anoplognathus concolor,
1703106390000,-28.190313,153.501342,Anoplognathus porosus,
1703107740000,-29.859915,153.263157,Anoplognathus olivieri,Christmas Beetle
1703145376000,-33.53177,150.848192,Anoplognathus viridiaeneus,King Christmas Beetle
1703150683000,-26.685132,152.967118,Anoplognathus concolor,
1703158140000,-28.092769,152.836045,Anoplognathus boisduvalii,
1703161020000,-29.50557,152.823613,Anoplognathus olivieri,Christmas Beetle
1703179454000,-32.698496,152.004447,Anoplognathus olivieri,Christmas Beetle
1703184514000,-38.149633,145.132671,Anoplognathus olivieri,Christmas Beetle
1703192280000,-33.215923,151.524338,Anoplognathus pallidicollis,Christmas Beetle
1703192280000,-33.215927,151.524363,Anoplognathus pallidicollis,Christmas Beetle
1703192280000,-33.215936,151.524329,Anoplognathus pallidicollis,Christmas Beetle
1703194522000,-30.268614,153.001296,Anoplognathus olivieri,Christmas Beetle
1703234460000,-33.317708,151.435538,Anoplognathus porosus,
1703240460000,-35.884555,148.51802,Anoplognathus hirsutus,
1703245080000,-34.803743,149.624645,Anoplognathus brunnipennis,
1703246100000,-34.803848,149.624596,Anoplognathus hirsutus,
1703248790000,-27.55503,152.819458,Anoplognathus boisduvalii,
1703256195000,-33.024023,151.282673,Anoplognathus porosus,
1703263147000,-34.800507,149.624088,Anoplognathus hirsutus,
1703269920000,-31.474583,152.924511,Anoplognathus olivieri,Christmas Beetle
1703272217000,-28.012126,152.938994,Anoplognathus porosus,
1703276160000,-35.256445,149.150441,Anoplognathus porosus,
1703280483000,-33.70446,151.296475,Anoplognathus olivieri,Christmas Beetle
1703281980000,-28.093137,153.284373,Anoplognathus pallidicollis,Christmas Beetle
1703309340000,-27.647949,151.950615,Anoplognathus porosus,
1703319573000,-33.383794,151.482113,Anoplognathus olivieri,Christmas Beetle
1703324565000,-32.735083,152.082139,Anoplognathus olivieri,Christmas Beetle
1703325865000,-32.196547,152.538192,Anoplognathus olivieri,Christmas Beetle
1703330629000,-42.706644,147.450925,Anoplognathus suturalis,
1703331444000,-33.38752,151.477295,Anoplognathus olivieri,Christmas Beetle
1703337900000,-41.259294,147.232503,Anoplognathus suturalis,
1703338440000,-41.259303,147.2325,Anoplognathus suturalis,
1703341020000,-42.706561,147.452208,Anoplognathus suturalis,
1703341620000,-27.494532,153.059255,Anoplognathus porosus,
1703363463000,-31.99473,152.3656,Anoplognathus porosus,
1703365098000,-34.090605,150.540608,Anoplognathus viriditarsis,
1703367389000,-29.688199,153.068558,Anoplognathus porosus,
1703367900000,-36.050362,147.019454,Anoplognathus montanus,
1703368044000,-29.696878,153.06916,Anoplognathus porosus,
1703368380000,-26.696875,152.866333,Anoplognathus concolor,
1703403660000,-35.299095,149.008348,Anoplognathus porosus,
1703406941000,-38.168671,147.093037,Anoplognathus olivieri,Christmas Beetle
1703413187000,-37.796183,148.534739,Anoplognathus olivieri,Christmas Beetle
1703416479000,-27.165833,150.663433,Anoplognathus boisduvalii,
1703419515000,-37.833052,147.44061,Anoplognathus olivieri,Christmas Beetle
1703420131000,-36.689133,149.858142,Anoplognathus brunnipennis,
1703425680000,-39.030419,146.318725,Anoplognathus olivieri,Christmas Beetle
1703426046000,-41.435958,147.221772,Anoplognathus suturalis,
1703426511000,-33.629167,151.329467,Anoplognathus olivieri,Christmas Beetle
1703426648000,-32.670197,152.17717,Anoplognathus olivieri,Christmas Beetle
1703438203000,-32.978714,151.674611,Anoplognathus porosus,
1703455457000,-17.577103,145.468812,Anoplognathus porosus,
1703459803000,-27.425622,151.983125,Anoplognathus flavipennis,
1703486728000,-24.719217,152.281588,Anoplognathus porosus,
1703486728000,-24.719932,152.281471,Anoplognathus porosus,
1703487752000,-33.720429,151.114734,Anoplognathus porosus,
1703498200000,-32.673927,152.18247,Anoplognathus porosus,
1703500471000,-29.362928,153.283583,Anoplognathus porosus,
1703503127000,-34.187536,150.985,Anoplognathus olivieri,Christmas Beetle
1703503895000,-34.063588,150.967295,Anoplognathus olivieri,Christmas Beetle
1703510399000,-35.405462,149.031053,Anoplognathus porosus,
1703534160000,-26.551955,152.741679,Anoplognathus porosus,
1703537262000,-27.559808,151.950669,Anoplognathus porosus,
1703537580000,-26.755713,153.060287,Anoplognathus pallidicollis,Christmas Beetle
1703537640000,-26.755713,153.060287,Anoplognathus porosus,
1703537700000,-26.755713,153.060287,Anoplognathus porosus,
1703537820000,-26.755713,153.060287,Anoplognathus pallidicollis,Christmas Beetle
1703539769000,-29.046106,153.59115,Anoplognathus olivieri,Christmas Beetle
1703540726000,-37.16665,150.001232,Anoplognathus olivieri,Christmas Beetle
1703542491000,-37.539017,143.664733,Anoplognathus montanus,
1703556604000,-30.603917,150.697823,Anoplognathus porosus,
1703601330000,-41.083316,146.7487,Anoplognathus suturalis,
1703608821000,-38.206416,145.057203,Anoplognathus brunnipennis,
1703614466000,-33.420775,151.39338,Anoplognathus porosus,
1703622240000,-28.856487,152.154316,Anoplognathus flavipennis,
1703623635000,-29.825663,151.127051,Anoplognathus pallidicollis,Christmas Beetle
1703624796000,-30.472847,151.635768,Anoplognathus hirsutus,
1703624804000,-33.889378,151.252517,Anoplognathus concolor,
1703625359000,-30.472894,151.635775,Anoplognathus montanus,
1703629372000,-33.893862,151.268872,Anoplognathus olivieri,Christmas Beetle
1703665320000,-28.861701,152.144301,Anoplognathus flavipennis,
1703667360000,-41.259319,147.232548,Anoplognathus suturalis,
1703667360000,-41.259299,147.232542,Anoplognathus suturalis,
1703667420000,-41.259319,147.232524,Anoplognathus suturalis,
1703669868000,-38.335248,144.88468,Anoplognathus olivieri,Christmas Beetle
1703681132000,-33.021978,151.663538,Anoplognathus olivieri,Christmas Beetle
1703686042000,-33.518355,151.177658,Anoplognathus olivieri,Christmas Beetle
1703697166000,-33.46999,151.376486,Anoplognathus porosus,
1703706191000,-26.615483,153.100478,Anoplognathus prasinus,
1703706967000,-27.452638,152.878608,Anoplognathus pallidicollis,Christmas Beetle
1703709628000,-30.48748,153.016081,Anoplognathus porosus,
1703711580000,-20.281015,148.785977,Anoplognathus daemeli,
1703712456000,-34.189123,150.988843,Anoplognathus olivieri,Christmas Beetle
1703713301000,-27.289347,152.431838,Anoplognathus boisduvalii,
1703715486000,-27.28932,152.431855,Anoplognathus boisduvalii,
1703717570000,-17.331215,145.863735,Anoplognathus punctulatus,
1703759091000,-33.194265,151.571955,Anoplognathus porosus,
1703785290000,-27.390683,153.064086,Anoplognathus porosus,
1703785385000,-26.485996,152.867689,Anoplognathus porosus,
1703796360000,-35.812114,150.222502,Anoplognathus porosus,
1703797440000,-17.354474,145.592005,Anoplognathus porosus,
1703797748000,-34.189123,150.988843,Anoplognathus olivieri,Christmas Beetle
1703799360000,-33.816403,151.018844,Anoplognathus porosus,
1703799752000,-34.059741,151.019642,Anoplognathus olivieri,Christmas Beetle
1703833175000,-32.943871,151.692678,Anoplognathus porosus,
1703843220000,-38.097084,145.17598,Anoplognathus olivieri,Christmas Beetle
1703844000000,-30.434883,152.65857,Anoplognathus porosus,
1703853117000,-36.852567,149.930096,Anoplognathus olivieri,Christmas Beetle
1703854269000,-37.798749,145.367911,Anoplognathus viriditarsis,
1703857919000,-33.766872,150.630805,Anoplognathus viriditarsis,
1703860414000,-42.707175,147.449761,Anoplognathus suturalis,
1703865613000,-35.336558,148.958862,Anoplognathus porosus,
1703866260000,-28.155986,153.441436,Anoplognathus pallidicollis,Christmas Beetle
1703866331000,-33.511824,151.304865,Anoplognathus concolor,
1703875616000,-31.458454,152.838567,Anoplognathus porosus,
1703883910000,-27.505861,153.1758,Anoplognathus boisduvalii,
1703885640000,-28.198304,153.381253,Anoplognathus pallidicollis,Christmas Beetle
1703933940000,-33.721964,151.082641,Anoplognathus viridiaeneus,King Christmas Beetle
1703936760000,-38.375288,147.190783,Anoplognathus olivieri,Christmas Beetle
1703941834000,-33.98101,151.113655,Anoplognathus olivieri,Christmas Beetle
1703942160000,-33.756378,151.110988,Anoplognathus porosus,
1703943175000,-35.844694,147.197881,Anoplognathus montanus,
1703946422000,-21.363099,149.074887,Anoplognathus parvulus,
1703949540000,-33.123924,150.323061,Anoplognathus flavipennis,
1703956140000,-27.322023,152.838357,Anoplognathus porosus,
1703959484000,-32.398974,152.470889,Anoplognathus porosus,
1703961540000,-27.542021,152.715563,Anoplognathus boisduvalii,
1703966801000,-21.36318,149.07495,Anoplognathus parvulus,
1703966953000,-21.363089,149.074866,Anoplognathus parvulus,
1703968825000,-30.509673,152.922426,Anoplognathus porosus,
1703974080000,-29.388798,153.35475,Anoplognathus daemeli,
1704026820000,-34.577827,139.004201,Anoplognathus montanus,
1704041895000,-29.405028,153.3475,Anoplognathus olivieri,Christmas Beetle
1704044419000,-38.159062,145.149698,Anoplognathus olivieri,Christmas Beetle
1704052024000,-24.873106,152.335827,Anoplognathus boisduvalii,
1704055156000,-25.76921,152.504577,Anoplognathus pallidicollis,Christmas Beetle
1704055920000,-35.812114,150.222502,Anoplognathus olivieri,Christmas Beetle
1704056696000,-27.02906,152.935691,Anoplognathus pallidicollis,Christmas Beetle
1704057346000,-26.563897,152.74153,Anoplognathus boisduvalii,
1704057960000,-35.812114,150.222502,Anoplognathus porosus,
1704058980000,-33.836945,151.206473,Anoplognathus porosus,
1704063720000,-28.331379,153.536711,Anoplognathus porosus,
1704065263000,-33.349328,151.433608,Anoplognathus porosus,
1704074100000,-35.379285,149.026523,Anoplognathus brunnipennis,
1704093607000,-33.75325,150.671995,Anoplognathus porosus,
1704094156000,-33.750755,150.674877,Anoplognathus porosus,
1704095162000,-28.241983,151.916751,Anoplognathus boisduvalii,
1704098778000,-35.027099,138.805435,Anoplognathus montanus,
1704099380000,-35.086293,138.842633,Anoplognathus montanus,
1704103029000,-32.673805,151.257963,Anoplognathus porosus,
1704103384000,-27.361141,152.840811,Anoplognathus pallidicollis,Christmas Beetle
1704105532000,-34.064584,151.013594,Anoplognathus olivieri,Christmas Beetle
1704108867000,-32.402806,149.836083,Anoplognathus flavipennis,
1704127715000,-38.387342,144.953537,Anoplognathus brunnipennis,
1704131100000,-41.26416,147.290266,Anoplognathus suturalis,
1704131100000,-34.608567,148.079248,Anoplognathus porosus,
1704132254000,-20.957445,148.960678,Anoplognathus parvulus,
1704133020000,-33.446644,151.289567,Anoplognathus porosus,
1704136712000,-34.889328,138.629638,Anoplognathus montanus,
1704139019000,-35.332912,149.019211,Anoplognathus porosus,
1704141840000,-21.335364,149.063575,Anoplognathus parvulus,
1704148634000,-34.74223,138.812163,Anoplognathus montanus,
1704148800000,-35.812114,150.222502,Anoplognathus porosus,
1704157500000,-35.359588,149.036612,Anoplognathus porosus,
1704183132000,-25.07593,151.985703,Anoplognathus boisduvalii,
1704188685000,-32.696822,148.674882,Anoplognathus boisduvalii,
1704190561000,-33.195563,151.575042,Anoplognathus olivieri,Christmas Beetle
1704198507000,-30.887852,153.02628,Anoplognathus olivieri,Christmas Beetle
1704220217000,-34.963213,150.574128,Anoplognathus brunnipennis,
1704229680000,-31.856947,152.440708,Anoplognathus porosus,
1704236158000,-33.653034,151.313966,Anoplognathus olivieri,Christmas Beetle
1704237611000,-39.029941,146.31855,Anoplognathus olivieri,Christmas Beetle
1704250516000,-27.602122,152.914245,Anoplognathus boisduvalii,
1704282687000,-32.666052,152.177853,Anoplognathus olivieri,Christmas Beetle
1704285455000,-27.576605,152.940797,Anoplognathus porosus,
1704287044000,-37.787297,148.552187,Anoplognathus olivieri,Christmas Beetle
1704290550000,-33.756431,151.111079,Anoplognathus porosus,
1704298320000,-27.567622,153.093823,Anoplognathus pallidicollis,Christmas Beetle
1704304800000,-34.963085,138.518222,Anoplognathus montanus,
1704304821000,-32.378265,150.610256,Anoplognathus boisduvalii,
1704308516000,-29.773595,153.29187,Anoplognathus olivieri,Christmas Beetle
1704311400000,-28.611855,152.372844,Anoplognathus porosus,
1704311820000,-25.524559,152.644234,Anoplognathus viridiaeneus,King Christmas Beetle
1704313018000,-28.645041,151.923992,Anoplognathus flavipennis,
1704314769000,-17.031142,145.395705,Anoplognathus porosus,
1704318829000,-36.412874,146.023107,Anoplognathus montanus,
1704320412000,-37.678478,142.956151,Anoplognathus montanus,
1704324301000,-21.441955,149.186645,Anoplognathus parvulus,
1704324600000,-37.200555,144.916006,Anoplognathus montanus,
1704355632000,-34.61188,150.85373,Anoplognathus olivieri,Christmas Beetle
1704359760000,-29.358769,153.280702,Anoplognathus pallidicollis,Christmas Beetle
1704401106000,-27.41649,151.937515,Anoplognathus pallidicollis,Christmas Beetle
1704402290000,-28.027251,152.556921,Anoplognathus montanus,
1704403631000,-31.055867,153.056153,Anoplognathus olivieri,Christmas Beetle
1704404108000,-37.778391,149.322867,Anoplognathus olivieri,Christmas Beetle
1704437820000,-27.64775,151.951137,Anoplognathus porosus,
1704442742000,-34.883264,138.520599,Anoplognathus montanus,
1704443579000,-26.770243,152.842444,Anoplognathus prasinus,
1704445448000,-38.364688,145.611017,Anoplognathus olivieri,Christmas Beetle
1704447802000,-21.099905,148.630752,Anoplognathus parvulus,
1704482876000,-25.368595,152.884292,Anoplognathus porosus,
1704495808000,-32.0508,150.874525,Anoplognathus boisduvalii,
1704534300000,-34.608283,148.079375,Anoplognathus pallidicollis,Christmas Beetle
1704537313000,-36.881329,144.505308,Anoplognathus montanus,
1704552120000,-37.226267,147.928212,Anoplognathus suturalis,
1704554700000,-27.289245,152.431962,Anoplognathus boisduvalii,
1704563539000,-33.715693,151.171372,Anoplognathus porosus,
1704574701000,-27.918746,153.200812,Anoplognathus concolor,
1704576120000,-27.573172,152.934341,Anoplognathus pallidicollis,Christmas Beetle
1704579797000,-38.373958,144.863647,Anoplognathus olivieri,Christmas Beetle
1704625620000,-27.805432,153.109836,Anoplognathus porosus,
1704632182000,-35.422645,138.615862,Anoplognathus montanus,
1704632590000,-35.002258,148.110397,Anoplognathus montanus,
1704636739000,-38.167618,147.087696,Anoplognathus olivieri,Christmas Beetle
1704640748000,-26.486327,152.867677,Anoplognathus pallidicollis,Christmas Beetle
1704646438000,-37.795503,148.537735,Anoplognathus olivieri,Christmas Beetle
1704658166000,-26.565843,152.94766,Anoplognathus porosus,
1704661920000,-31.119127,150.898268,Anoplognathus porosus,
1704662605000,-30.472945,151.635941,Anoplognathus brunnipennis,
1704662787000,-26.939287,152.5591,Anoplognathus boisduvalii,
1704700667000,-33.984795,150.87883,Anoplognathus porosus,
1704702489000,-33.766006,151.264196,Anoplognathus concolor,
1704743100000,-37.949779,147.687747,Anoplognathus olivieri,Christmas Beetle
1704748902000,-30.472956,151.635707,Anoplognathus porosus,
1704750120000,-27.554647,152.6992,Anoplognathus pallidicollis,Christmas Beetle
1704752880000,-27.432795,152.89061,Anoplognathus porosus,
1704783134000,-25.05393,151.974472,Anoplognathus porosus,
1704785584000,-27.793555,151.410417,Anoplognathus boisduvalii,
1704790860000,-27.59185,152.792963,Anoplognathus pallidicollis,Christmas Beetle
1704792539000,-25.551666,152.67688,Anoplognathus porosus,
1704794299000,-35.592124,149.445533,Anoplognathus porosus,
1704801568000,-34.023411,151.036636,Anoplognathus olivieri,Christmas Beetle
1704802771000,-38.374913,147.187863,Anoplognathus olivieri,Christmas Beetle
1704823671000,-33.341653,148.62978,Anoplognathus porosus,
1704834540000,-36.378348,150.065668,Anoplognathus olivieri,Christmas Beetle
1704837214000,-30.494541,151.677124,Anoplognathus porosus,
1704841932000,-34.293934,150.935624,Anoplognathus olivieri,Christmas Beetle
1704843234000,-34.903195,138.702087,Anoplognathus montanus,
1704856224000,-28.456457,153.551745,Anoplognathus pallidicollis,Christmas Beetle
1704873600000,-34.608326,148.079373,Anoplognathus montanus,
1704873600000,-34.608326,148.079373,Anoplognathus pindarus,
1704881145000,-34.046199,150.690904,Anoplognathus porosus,
1704891117000,-35.276833,149.110825,Anoplognathus porosus,
1704918420000,-28.066393,153.228918,Anoplognathus porosus,
1704924636000,-24.857288,152.334397,Anoplognathus porosus,
1704930780000,-27.239774,152.42151,Anoplognathus boisduvalii,
1704930780000,-27.239774,152.42151,Anoplognathus boisduvalii,
1704955260000,-25.789941,152.695791,Anoplognathus pallidicollis,Christmas Beetle
1704961200000,-34.608338,148.079344,Anoplognathus pindarus,
1704961260000,-34.608323,148.079386,Anoplognathus pindarus,
1704973894000,-27.066894,153.105622,Anoplognathus porosus,
1705033200000,-38.354323,146.387953,Anoplognathus viriditarsis,
1705045083000,-37.978733,147.455484,Anoplognathus olivieri,Christmas Beetle
1705045243000,-27.475442,152.977355,Anoplognathus concolor,
1705047840000,-26.234819,152.639806,Anoplognathus pallidicollis,Christmas Beetle
1705049640000,-34.608549,148.079178,Anoplognathus brunnipennis,
1705052915000,-35.385697,149.174972,Anoplognathus brunnipennis,
1705062378000,-33.432863,151.040192,Anoplognathus porosus,
1705065606000,-33.432787,151.040542,Anoplognathus olivieri,Christmas Beetle
1705089361000,-27.289692,152.432205,Anoplognathus boisduvalii,
1705091820000,-29.983334,153.224815,Anoplognathus olivieri,Christmas Beetle
1705095120000,-31.856449,152.439113,Anoplognathus porosus,
1705130561000,-29.817336,151.098553,Anoplognathus porosus,
1705131994000,-27.073095,153.204556,Anoplognathus olivieri,Christmas Beetle
1705137453000,-38.843762,145.923263,Anoplognathus olivieri,Christmas Beetle
1705144905000,-25.551247,152.65207,Anoplognathus porosus,
1705152060000,-26.071143,152.981087,Anoplognathus viridiaeneus,King Christmas Beetle
1705162422000,-37.541702,140.452622,Anoplognathus olivieri,Christmas Beetle
1705174440000,-37.869289,147.88835,Anoplognathus olivieri,Christmas Beetle
1705179120000,-20.233935,148.69321,Anoplognathus porosus,
1705180866000,-31.15577,152.60442,Anoplognathus porosus,
1705217838000,-26.48579,152.86769,Anoplognathus pallidicollis,Christmas Beetle
1705219887000,-25.053787,151.974498,Anoplognathus porosus,
1705225346000,-37.902802,147.728991,Anoplognathus olivieri,Christmas Beetle
1705225346000,-37.902681,147.728413,Anoplognathus olivieri,Christmas Beetle
1705228260000,-33.809567,150.994981,Anoplognathus flavipennis,
1705253076000,-38.513545,145.35965,Anoplognathus olivieri,Christmas Beetle
1705260101000,-35.3324,149.025558,Anoplognathus porosus,
1705261980000,-27.542056,153.042923,Anoplognathus pallidicollis,Christmas Beetle
1705265137000,-30.46723,152.851653,Anoplognathus porosus,
1705266900000,-38.371842,147.191649,Anoplognathus olivieri,Christmas Beetle
1705268760000,-37.226522,144.35057,Anoplognathus montanus,
1705273920000,-37.226522,144.35057,Anoplognathus montanus,
1705319657000,-33.80713,138.63173,Anoplognathus montanus,
1705334400000,-27.69645,153.029381,Anoplognathus pallidicollis,Christmas Beetle
1705334520000,-37.796241,148.53247,Anoplognathus olivieri,Christmas Beetle
1705339140000,-35.279436,149.108451,Anoplognathus porosus,
1705343760000,-34.917792,138.832728,Anoplognathus montanus,
1705386480000,-33.073059,151.578255,Anoplognathus flavipennis,
1705386720000,-27.815964,152.966439,Anoplognathus boisduvalii,
1705394974000,-33.187925,151.535318,Anoplognathus viridiaeneus,King Christmas Beetle
1705438985000,-30.472956,151.635641,Anoplognathus hirsutus,
1705441494000,-36.756605,149.938287,Anoplognathus porosus,
1705443791000,-36.323049,140.270908,Anoplognathus montanus,
1705450397000,-33.753259,151.150014,Anoplognathus porosus,
1705479300000,-38.241913,147.137108,Anoplognathus olivieri,Christmas Beetle
1705481400000,-38.241913,147.137108,Anoplognathus olivieri,Christmas Beetle
1705486380000,-34.229817,150.984086,Anoplognathus olivieri,Christmas Beetle
1705498022000,-26.28049,132.137045,Anoplognathus macleayi aurora,
1705502981000,-27.882566,153.264127,Anoplognathus porosus,
1705509049000,-29.609219,152.926119,Anoplognathus porosus,
1705521310000,-27.708467,152.913737,Anoplognathus pallidicollis,Christmas Beetle
1705586493000,-37.186156,146.177821,Anoplognathus montanus,
1705608294000,-29.778721,151.350001,Anoplognathus porosus,
1705608942000,-27.289688,152.43193,Anoplognathus boisduvalii,
1705655790000,-26.461534,152.679911,Anoplognathus boisduvalii,
1705655962000,-26.461565,152.679847,Anoplognathus boisduvalii,
1705655962000,-26.461565,152.679847,Anoplognathus boisduvalii,
1705656091000,-26.461556,152.679872,Anoplognathus boisduvalii,
1705696029000,-28.373851,153.153957,Anoplognathus porosus,
1705698598000,-17.030986,145.395845,Anoplognathus porosus,
1705709700000,-36.349948,148.523209,Anoplognathus suturalis,
1705742697000,-31.733044,152.360303,Anoplognathus porosus,
1705783495000,-32.790887,149.718286,Anoplognathus porosus,
1705784213000,-17.271381,145.580407,Anoplognathus abnormis,
1705786787000,-26.687297,153.047928,Anoplognathus prasinus,
1705788120000,-26.852405,152.72728,Anoplognathus concolor,
1705789902000,-27.573752,153.109564,Anoplognathus pallidicollis,Christmas Beetle
1705790126000,-34.906812,138.666242,Anoplognathus montanus,
1705795200000,-27.425267,151.495718,Anoplognathus porosus,
1705795260000,-36.811326,143.241923,Anoplognathus montanus,
1705823718000,-38.170963,146.809417,Anoplognathus olivieri,Christmas Beetle
1705834060000,-35.530714,150.391496,Anoplognathus porosus,
1705836894000,-17.031417,145.395937,Anoplognathus boisduvalii,
1705843680000,-37.766492,147.822163,Anoplognathus viriditarsis,
1705848017000,-28.549775,153.432433,Anoplognathus porosus,
1705872303000,-34.089777,150.563835,Anoplognathus brunnipennis,
1705919880000,-35.008641,138.638843,Anoplognathus montanus,
1705937601000,-36.703092,145.875294,Anoplognathus montanus,
1705939317000,-33.882142,151.237007,Anoplognathus porosus,
1705953283000,-26.611399,153.025955,Anoplognathus abnormis,
1705953501000,-26.611369,153.025959,Anoplognathus pallidicollis,Christmas Beetle
1705955430000,-27.900189,153.366442,Anoplognathus porosus,
1706078340000,-31.831879,152.417144,Anoplognathus porosus,
1706103628000,-27.018167,152.541349,Anoplognathus boisduvalii,
1706117701000,-27.149112,152.296095,Anoplognathus boisduvalii,
1706118847000,-26.455792,152.685438,Anoplognathus boisduvalii,
1706119412000,-29.78,151.34,Anoplognathus porosus,
1706126162000,-27.55513,152.819488,Anoplognathus boisduvalii,
1706133221000,-35.761894,150.194594,Anoplognathus porosus,
1706174682000,-32.567818,148.22193,Anoplognathus pallidicollis,Christmas Beetle
1706202263000,-27.526978,153.147771,Anoplognathus boisduvalii,
1706216940000,-33.379451,151.448794,Anoplognathus porosus,
1706216940000,-33.379469,151.448965,Anoplognathus porosus,
1706216940000,-33.379365,151.449212,Anoplognathus porosus,
1706216940000,-33.379415,151.449073,Anoplognathus porosus,
1706217728000,-34.09708,150.816558,Anoplognathus viriditarsis,
1706217795000,-34.097103,150.816545,Anoplognathus flavipennis,
1706217951000,-34.097089,150.816513,Anoplognathus porosus,
1706218867000,-26.611398,153.025941,Anoplognathus pallidicollis,Christmas Beetle
1706267800000,-32.565199,149.620571,Anoplognathus porosus,
1706269270000,-35.28785,149.066422,Anoplognathus porosus,
1706269393000,-35.287892,149.066375,Anoplognathus porosus,
1706269704000,-35.287842,149.0661,Anoplognathus porosus,
1706269912000,-35.287788,149.065964,Anoplognathus porosus,
1706270320000,-35.2879,149.065445,Anoplognathus brunnipennis,
1706284491000,-33.698127,150.63951,Anoplognathus viriditarsis,
1706300447000,-17.030975,145.395845,Anoplognathus parvulus,
1706300664000,-27.289695,152.43193,Anoplognathus boisduvalii,
1706302597000,-28.156203,153.254867,Anoplognathus porosus,
1706304714000,-29.779161,151.349636,Anoplognathus porosus,
1706383635000,-38.238942,146.080475,Anoplognathus brunnipennis,
1706464123000,-32.218825,152.436553,Anoplognathus porosus,
1706467602000,-33.793027,151.017457,Anoplognathus porosus,
1706471299000,-17.339993,145.62574,Anoplognathus smaragdinus,
1706475182000,-31.880175,152.655503,Anoplognathus porosus,
1706550600000,-34.017506,151.026353,Anoplognathus olivieri,Christmas Beetle
1706555087000,-27.32185,152.838177,Anoplognathus porosus,
1706648759000,-35.512222,150.395278,Anoplognathus olivieri,Christmas Beetle
1706653695000,-26.672438,153.079147,Anoplognathus pallidicollis,Christmas Beetle
1706739720000,-26.881184,151.597239,Anoplognathus concolor,
1706798434000,-35.830046,150.22212,Anoplognathus olivieri,Christmas Beetle
1706817773000,-33.646406,151.08002,Anoplognathus porosus,
1706817780000,-25.934792,152.625056,Anoplognathus pallidicollis,Christmas Beetle
1706822175000,-25.551575,152.652022,Anoplognathus pallidicollis,Christmas Beetle
1706827380000,-28.80674,151.867417,Anoplognathus flavipennis,
1706827481000,-28.806743,151.867342,Anoplognathus flavipennis,
1706866817000,-37.544358,140.454969,Anoplognathus olivieri,Christmas Beetle
1706867760000,-37.544708,140.45503,Anoplognathus olivieri,Christmas Beetle
1706886494000,-27.050347,153.140411,Anoplognathus boisduvalii,
1706905479000,-27.289688,152.43193,Anoplognathus pallidicollis,Christmas Beetle
1706906940000,-29.102803,153.587989,Anoplognathus porosus,
1706907464000,-26.611375,153.025927,Anoplognathus porosus,
1706908270000,-27.809203,153.324629,Anoplognathus concolor,
1706910233000,-32.761255,152.112611,Anoplognathus olivieri,Christmas Beetle
1706956920000,-34.945649,150.598738,Anoplognathus brunnipennis,
1706994959000,-26.611403,153.025995,Anoplognathus abnormis,
1707034790000,-33.842281,151.238533,Anoplognathus concolor,
1707040298000,-17.01725,145.427311,Anoplognathus boisduvalii,
1707075825000,-27.60592,152.727678,Anoplognathus porosus,
1707078386000,-27.420799,153.043345,Anoplognathus porosus,
1707080780000,-27.006175,151.550383,Anoplognathus boisduvalii,
1707131146000,-33.702022,150.95958,Anoplognathus porosus,
1707151242000,-27.261012,152.052978,Anoplognathus porosus,
1707165767000,-36.773739,144.349748,Anoplognathus montanus,
1707202684000,-26.486318,152.867839,Anoplognathus porosus,
1707248880000,-20.324332,148.616731,Anoplognathus abnormis,
1707250126000,-27.490355,153.214522,Anoplognathus pallidicollis,Christmas Beetle
1707252207000,-17.369888,145.38423,Anoplognathus boisduvalii,
1707333215000,-29.779333,151.349411,Anoplognathus porosus,
1707342229000,-27.50837,153.181382,Anoplognathus porosus,
1707429000000,-20.323533,148.617515,Anoplognathus abnormis,
1707470100000,-30.587558,151.769239,Anoplognathus porosus,
1707517620000,-36.164236,150.124442,Anoplognathus porosus,
1707521972000,-33.046597,138.065308,Anoplognathus macleayi,
1707561197000,-37.052733,146.081169,Anoplognathus montanus,
1707588990000,-27.36911,152.924244,Anoplognathus pallidicollis,Christmas Beetle
1707689364000,-37.569303,144.844553,Anoplognathus montanus,
1707769540000,-24.879059,152.325702,Anoplognathus porosus,
1707931557000,-25.213711,152.237433,Anoplognathus boisduvalii,
1708092707000,-35.276483,138.747178,Anoplognathus montanus,
1708117672000,-17.331806,145.502933,Anoplognathus punctulatus,
1708152120000,-27.422547,153.514439,Anoplognathus boisduvalii,
1708258093000,-38.086987,145.131196,Anoplognathus olivieri,Christmas Beetle
1708272743000,-38.331271,145.67366,Anoplognathus viriditarsis,
1708463109000,-30.496977,151.671373,Anoplognathus porosus,
1708717802000,-27.289703,152.432175,Anoplognathus boisduvalii,
1708727415000,-35.389053,150.440078,Anoplognathus porosus,
1708809840000,-27.927402,152.386961,Anoplognathus boisduvalii,
1708968600000,-33.768676,151.109019,Anoplognathus porosus,
1709048969000,-35.275362,149.113899,Anoplognathus porosus,
1709237280000,-35.812114,150.222502,Anoplognathus porosus,
1709331180000,-35.812114,150.222502,Anoplognathus porosus,
1709331420000,-35.812114,150.222502,Anoplognathus olivieri,Christmas Beetle
1709559550000,-33.4329,151.040222,Anoplognathus porosus,
1709583184000,-27.289697,152.432158,Anoplognathus boisduvalii,
1709676600000,-36.965677,144.732675,Anoplognathus montanus,
1709760720000,-17.442356,145.456215,Anoplognathus smaragdinus,
1709934180000,-35.161802,138.830572,Anoplognathus montanus,
1709980503000,-33.734508,150.634067,Anoplognathus porosus,
1709995610000,-36.442863,146.380845,Anoplognathus pallidicollis,Christmas Beetle
1710012480000,-28.192175,153.291788,Anoplognathus concolor,
1710253169000,-32.85745,149.969539,Anoplognathus brunnipennis,
1710318988000,-29.780519,151.346347,Anoplognathus porosus,
1710356382000,-27.5275,152.837445,Anoplognathus porosus,
1710369660000,-19.000124,144.982981,Anoplognathus boisduvalii,
1710446459000,-27.506389,153.178935,Anoplognathus pallidicollis,Christmas Beetle
1710454740000,-17.132386,145.428521,Anoplognathus boisduvalii,
1710791860000,-27.907774,153.344594,Anoplognathus concolor,
1710801566000,-35.605928,138.160631,Anoplognathus montanus,
1710938376000,-30.531873,151.836675,Anoplognathus brunnipennis,
1711830890000,-33.184104,138.303785,Anoplognathus macleayi,
1711894860000,-27.950329,153.27206,Anoplognathus concolor,
1711896990000,-27.497476,152.678526,Anoplognathus boisduvalii,
1712005818000,-23.630189,132.727511,Anoplognathus macleayi aurora,
1712432241000,-16.89547,145.612045,Anoplognathus daemeli,
1713273487000,-33.494628,151.358428,Anoplognathus porosus,
1713532405000,-28.215613,153.289963,Anoplognathus prasinus,
1714807514000,-33.673672,150.7509,Anoplognathus rugosus,
1714997640000,-16.832431,145.523644,Anoplognathus nebulosus,
1715289026000,-24.134289,132.836992,Anoplognathus macleayi aurora,
1715722860000,-12.141528,142.622194,Anoplognathus nebulosus,
1718637124000,-38.171775,145.158513,Anoplognathus olivieri,Christmas Beetle
1718803247000,-34.931233,138.669997,Anoplognathus montanus,
1718871962000,-35.910154,137.046473,Anoplognathus montanus,
1720359637000,-38.317272,144.32988,Anoplognathus olivieri,Christmas Beetle
1722238321000,-34.909237,138.611928,Anoplognathus montanus,
1723628675000,-35.043032,138.56963,Anoplognathus velutinus,
1724250090000,-27.4517,152.951668,Anoplognathus pallidicollis,Christmas Beetle
1724843338000,-22.655293,147.289221,Anoplognathus boisduvalii,
1726570687000,-33.967777,151.144948,Anoplognathus velutinus,
1726772313000,-32.778422,151.911545,Anoplognathus velutinus,
1726831980000,-32.78657,151.736047,Anoplognathus velutinus,
1726843920000,-34.396844,150.898175,Anoplognathus velutinus,
1727049600000,-30.35045,152.984449,Anoplognathus velutinus,
1727120220000,-30.222382,152.880827,Anoplognathus velutinus,
1727142123000,-38.142149,145.15817,Anoplognathus velutinus,
1727181060000,-35.370147,139.145807,Anoplognathus velutinus,
1727221560000,-32.96745,151.713653,Anoplognathus velutinus,
1727640828000,-27.430005,153.526153,Anoplognathus olivieri,Christmas Beetle
1728039265000,-38.316547,144.295945,Anoplognathus velutinus,
1728127971000,-25.319438,152.563655,Anoplognathus pallidicollis,Christmas Beetle
1728155398000,-23.01875,150.694472,Anoplognathus olivieri,Christmas Beetle
1728161988000,-32.948925,151.499725,Anoplognathus velutinus,
1728166691000,-26.61148,153.025909,Anoplognathus porosus,
1728242276000,-26.61151,153.025905,Anoplognathus porosus,
1728377302000,-27.546229,153.193461,Anoplognathus pallidicollis,Christmas Beetle
1728673923000,-27.356225,152.973734,Anoplognathus pallidicollis,Christmas Beetle
1728931179000,-27.447413,152.952087,Anoplognathus pallidicollis,Christmas Beetle
1728933960000,-16.18038,145.40916,Anoplognathus rothschildti,
1728991740000,-37.698344,144.676296,Anoplognathus velutinus,
1729061240000,-24.878258,152.317422,Anoplognathus porosus,
1729077417000,-26.854662,152.957262,Anoplognathus pallidicollis,Christmas Beetle
1729157852000,-25.928421,153.122665,Anoplognathus viridiaeneus,King Christmas Beetle
1729192918000,-26.611514,153.025937,Anoplognathus porosus,
1729193008000,-26.61148,153.025901,Anoplognathus pallidicollis,Christmas Beetle
1729275060000,-27.312742,153.066882,Anoplognathus pallidicollis,Christmas Beetle
1729321200000,-27.643397,153.103577,Anoplognathus pallidicollis,Christmas Beetle
1729363238000,-25.599121,153.091736,Anoplognathus olivieri,Christmas Beetle
1729365054000,-26.611512,153.025906,Anoplognathus pallidicollis,Christmas Beetle
1729366469000,-26.611516,153.025923,Anoplognathus abnormis,
1729374300000,-26.717085,152.82335,Anoplognathus concolor,
1729427902000,-27.557067,152.276964,Anoplognathus pallidicollis,Christmas Beetle
1729453800000,-36.457412,142.025546,Anoplognathus velutinus,
1729457308000,-26.611376,153.025911,Anoplognathus abnormis,
1729517520000,-38.196354,144.294814,Anoplognathus velutinus,
1729536756000,-25.21888,153.256057,Anoplognathus olivieri,Christmas Beetle
1729536859000,-25.946325,152.93029,Anoplognathus prasinus,
1729546419000,-25.600725,153.088638,Anoplognathus olivieri,Christmas Beetle
1729550460000,-27.195168,152.945588,Anoplognathus porosus,
1729555260000,-35.433818,138.255231,Anoplognathus velutinus,
1729601443000,-27.620876,153.135472,Anoplognathus pallidicollis,Christmas Beetle
1729627440000,-35.812114,150.222502,Anoplognathus concolor,
1729627781000,-26.611366,153.025921,Anoplognathus abnormis,
1729631656000,-25.600713,153.088653,Anoplognathus viridiaeneus,King Christmas Beetle
1729710656000,-26.611378,153.025939,Anoplognathus pallidicollis,Christmas Beetle
1729710799000,-26.611382,153.025918,Anoplognathus abnormis,
1729710911000,-26.611401,153.025924,Anoplognathus prasinus,
1729711152000,-25.218969,153.255976,Anoplognathus olivieri,Christmas Beetle
1729714980000,-26.172988,152.738399,Anoplognathus porosus,
1729716060000,-26.173056,152.73842,Anoplognathus porosus,
1729839600000,-26.691319,153.045477,Anoplognathus prasinus,
1729847460000,-25.582925,153.0802,Anoplognathus viridiaeneus,King Christmas Beetle
1729847597000,-25.577235,153.077337,Anoplognathus viridiaeneus,King Christmas Beetle
1729882876000,-26.611387,153.025932,Anoplognathus porosus,
1729884416000,-27.092897,153.187811,Anoplognathus porosus,
1729905180000,-27.988356,153.18527,Anoplognathus concolor,
1729938960000,-35.812212,150.222281,Anoplognathus porosus,
1729949793000,-34.884016,138.55057,Anoplognathus montanus,
1729970983000,-26.611372,153.025948,Anoplognathus abnormis,
1729975922000,-37.759268,144.974245,Anoplognathus velutinus,
1729979700000,-26.776676,152.886665,Anoplognathus prasinus,
1729982940000,-27.987862,153.185489,Anoplognathus concolor,
1730059853000,-26.611368,153.025946,Anoplognathus abnormis,
1730060099000,-25.218968,153.255973,Anoplognathus olivieri,Christmas Beetle
1730065733000,-32.9768,151.647672,Anoplognathus pallidicollis,Christmas Beetle
1730094808000,-24.793304,152.438702,Anoplognathus boisduvalii,
1730140068000,-37.791145,144.81842,Anoplognathus velutinus,
1730182656000,-33.796903,150.678195,Anoplognathus porosus,
1730203131000,-34.888672,138.630845,Anoplognathus montanus,
1730230756000,-27.490366,153.214735,Anoplognathus pallidicollis,Christmas Beetle
1730234969000,-38.047555,145.367375,Anoplognathus velutinus,
1730318400000,-16.071974,145.462259,Anoplognathus smaragdinus,
1730319660000,-33.639668,151.034231,Anoplognathus concolor,
1730321700000,-30.287872,152.737134,Anoplognathus velutinus,
1730324220000,-25.520628,152.679134,Anoplognathus pallidicollis,Christmas Beetle
1730356687000,-28.21573,153.475738,Anoplognathus olivieri,Christmas Beetle
1730385852000,-33.935963,150.839615,Anoplognathus viriditarsis,
1730439012000,-36.399647,145.387834,Anoplognathus montanus,
1730450280000,-29.390995,153.348287,Anoplognathus olivieri,Christmas Beetle
1730491376000,-26.752036,152.923665,Anoplognathus abnormis,
1730493227000,-27.492519,153.077946,Anoplognathus pallidicollis,Christmas Beetle
1730578822000,-33.6018,151.23861,Anoplognathus concolor,
1730584029000,-35.161705,138.830397,Anoplognathus montanus,
1730617088000,-32.991846,151.723413,Anoplognathus porosus,
1730617088000,-32.991846,151.723413,Anoplognathus porosus,
1730643250000,-37.641975,145.551437,Anoplognathus velutinus,
1730664600000,-32.377056,152.504824,Anoplognathus concolor,
1730672100000,-27.70083,153.081922,Anoplognathus pallidicollis,Christmas Beetle
1730707425000,-33.908689,151.181792,Anoplognathus porosus,
1730709000000,-33.734819,151.003072,Anoplognathus viriditarsis,
1730710620000,-27.389396,153.004873,Anoplognathus pallidicollis,Christmas Beetle
1730713789000,-26.486002,152.867328,Anoplognathus porosus,
1730732789000,-26.486069,152.867676,Anoplognathus pallidicollis,Christmas Beetle
1730732789000,-26.486069,152.867676,Anoplognathus pallidicollis,Christmas Beetle
1730733811000,-33.339794,151.422878,Anoplognathus concolor,
1730746800000,-27.058735,153.070007,Anoplognathus porosus,
1730751749000,-26.68155,152.856908,Anoplognathus abnormis,
1730752449000,-24.879783,152.450513,Anoplognathus boisduvalii,
1730754724000,-26.364126,152.748668,Anoplognathus boisduvalii,
1730762440000,-36.707737,142.196259,Anoplognathus velutinus,
1730838749000,-33.954273,150.808255,Anoplognathus brunnipennis,
1730838749000,-33.954273,150.808255,Anoplognathus brunnipennis,
1730885394000,-35.026571,138.81092,Anoplognathus velutinus,
1730885528000,-37.696411,145.002488,Anoplognathus velutinus,
1730899527000,-26.540064,153.04372,Anoplognathus porosus,
1730921726000,-17.131233,145.766158,Anoplognathus boisduvalii,
1730921782000,-26.475092,152.960587,Anoplognathus abnormis,
1730923556000,-32.923295,151.685028,Anoplognathus porosus,
1730924520000,-35.812114,150.222502,Anoplognathus porosus,
1730925180000,-27.312742,153.066882,Anoplognathus porosus,
1730927975000,-34.141422,138.420486,Anoplognathus montanus,
1730963207000,-33.5619,150.925172,Anoplognathus viriditarsis,
1730972220000,-32.320833,151.748187,Anoplognathus porosus,
1730989740000,-34.067574,151.015311,Anoplognathus concolor,
1731012430000,-27.117728,152.753465,Anoplognathus porosus,
1731014446000,-29.407848,153.354175,Anoplognathus olivieri,Christmas Beetle
1731016142000,-34.218462,150.586994,Anoplognathus viriditarsis,
1731064860000,-32.768506,151.597594,Anoplognathus porosus,
1731075861000,-33.674605,151.090181,Anoplognathus viriditarsis,
1731081410000,-37.770271,145.041163,Anoplognathus velutinus,
1731086460000,-27.319991,153.057945,Anoplognathus pallidicollis,Christmas Beetle
1731096486000,-35.544767,150.38063,Anoplognathus brunnipennis,
1731096793000,-26.751686,152.923648,Anoplognathus concolor,
1731097140000,-27.35383,152.904392,Anoplognathus concolor,
1731098118000,-35.698995,150.229232,Anoplognathus viriditarsis,
1731099002000,-33.75977,150.650166,Anoplognathus brunnipennis,
1731106063000,-34.425418,150.872099,Anoplognathus brunnipennis,
1731142342000,-33.910936,151.185031,Anoplognathus porosus,
1731156056000,-34.089692,150.80763,Anoplognathus viriditarsis,
1731156202000,-33.909709,151.182806,Anoplognathus porosus,
1731160126000,-33.905987,151.211395,Anoplognathus olivieri,Christmas Beetle
1731179342000,-27.469791,153.026034,Anoplognathus porosus,
1731183600000,-33.66419,151.110343,Anoplognathus porosus,
1731183760000,-33.398801,151.335706,Anoplognathus porosus,
1731196800000,-34.258721,150.561603,Anoplognathus viriditarsis,
1731209280000,-35.331324,148.961516,Anoplognathus montanus,
1731233207000,-35.888195,148.199901,Anoplognathus velutinus,
1731275940000,-27.988628,153.185625,Anoplognathus concolor,
1731305630000,-34.960616,150.599995,Anoplognathus brunnipennis,
1731325153000,-33.576867,150.694687,Anoplognathus porosus,
1731328800000,-33.397453,151.361729,Anoplognathus porosus,
1731328800000,-33.397447,151.36173,Anoplognathus porosus,
1731342802000,-33.140356,148.011229,Anoplognathus montanus,
1731347762000,-27.672982,153.151657,Anoplognathus pallidicollis,Christmas Beetle
1731369600000,-34.029921,151.109078,Anoplognathus porosus,
1731369600000,-35.160064,149.143779,Anoplognathus montanus,
1731394839000,-35.149947,147.402087,Anoplognathus montanus,
1731406800000,-33.702882,150.961441,Anoplognathus flavipennis,
1731418241000,-35.000072,138.597243,Anoplognathus montanus,
1731426063000,-33.75403,150.6533,Anoplognathus viriditarsis,
1731432526000,-33.395731,151.348014,Anoplognathus porosus,
1731439920000,-32.757341,151.748173,Anoplognathus porosus,
1731442249000,-26.424438,152.991517,Anoplognathus prasinus,
1731444165000,-33.667908,151.004176,Anoplognathus porosus,
1731444510000,-33.977426,150.996931,Anoplognathus viriditarsis,
1731447000000,-33.910867,151.185305,Anoplognathus porosus,
1731520432000,-32.908098,151.615208,Anoplognathus porosus,
1731522924000,-26.661058,153.10265,Anoplognathus porosus,
1731591294000,-33.107443,151.560034,Anoplognathus rhinastus,
1731602190000,-33.242498,151.569379,Anoplognathus porosus,
1731612900000,-25.588303,152.755614,Anoplognathus montanus,
1731618420000,-33.78062,151.139286,Anoplognathus porosus,
1731620520000,-36.28085,146.203532,Anoplognathus montanus,
1731666032000,-33.911033,151.185228,Anoplognathus porosus,
1731679251000,-27.378238,153.034307,Anoplognathus pallidicollis,Christmas Beetle
1731705120000,-36.601324,143.698835,Anoplognathus montanus,
1731773539000,-33.737292,151.092334,Anoplognathus viriditarsis,
1731773790000,-32.977266,151.774948,Anoplognathus flavipennis,
1731783774000,-33.780057,150.663219,Anoplognathus viriditarsis,
1731788280000,-37.01852,144.306221,Anoplognathus montanus,
1731788935000,-16.092153,145.462508,Anoplognathus punctulatus,
1731791645000,-35.018803,138.628862,Anoplognathus montanus,
1731792360000,-37.018444,144.306254,Anoplognathus pallidicollis,Christmas Beetle
1731792600000,-37.017663,144.307227,Anoplognathus montanus,
1731799596000,-38.029872,147.61145,Anoplognathus velutinus,
1731832185000,-33.91197,151.125031,Anoplognathus porosus,
1731836253000,-33.765496,150.885294,Anoplognathus viriditarsis,
1731837854000,-27.324756,153.036417,Anoplognathus porosus,
1731840954000,-34.045577,150.69133,Anoplognathus porosus,
1731844629000,-33.730923,151.30136,Anoplognathus olivieri,Christmas Beetle
1731845880000,-34.101342,150.81845,Anoplognathus viriditarsis,
1731854354000,-33.674394,150.773369,Anoplognathus rugosus,
1731860640000,-32.680558,151.349541,Anoplognathus viridiaeneus,King Christmas Beetle
1731862394000,-27.542408,152.457642,Anoplognathus pallidicollis,Christmas Beetle
1731870540000,-30.475892,152.883375,Anoplognathus flavipennis,
1731877200000,-35.005486,138.584133,Anoplognathus montanus,
1731877393000,-32.959751,151.690969,Anoplognathus porosus,
1731877444000,-27.504037,152.945192,Anoplognathus porosus,
1731885780000,-27.988754,153.186002,Anoplognathus concolor,
1731916980000,-33.745305,150.615642,Anoplognathus viriditarsis,
1731919872000,-16.211937,145.408722,Anoplognathus smaragdinus,
1731924029000,-33.480432,151.405761,Anoplognathus viriditarsis,
1731944511000,-32.312619,151.797458,Anoplognathus viriditarsis,
1731947940000,-34.976697,150.588321,Anoplognathus viriditarsis,
1731950203000,-34.08308,151.019822,Anoplognathus porosus,
1731956306000,-34.917747,138.543275,Anoplognathus montanus,
1731956880000,-14.289686,131.876052,Anoplognathus brevicollis,
1731961321000,-33.052523,151.467959,Anoplognathus pallidicollis,Christmas Beetle
1731965580000,-16.180076,145.408155,Anoplognathus smaragdinus,
1731967983000,-33.780425,150.845138,Anoplognathus viriditarsis,
1732003770000,-33.673042,151.097839,Anoplognathus viriditarsis,
1732011864000,-34.838466,150.547669,Anoplognathus viriditarsis,
1732024602000,-33.371892,151.474941,Anoplognathus porosus,
1732026040000,-25.486243,152.715081,Anoplognathus boisduvalii,
1732038687000,-33.913672,151.25508,Anoplognathus olivieri,Christmas Beetle
1732045348000,-33.771229,150.634281,Anoplognathus viriditarsis,
1732046497000,-30.023517,153.193999,Anoplognathus porosus,
1732051084000,-33.879697,150.788405,Anoplognathus brunnipennis,
1732083634000,-33.665546,151.121841,Anoplognathus viriditarsis,
1732095120000,-35.37956,149.21796,Anoplognathus montanus,
1732096600000,-32.915478,151.685464,Anoplognathus viriditarsis,
1732096980000,-29.580229,151.868241,Anoplognathus pallidicollis,Christmas Beetle
1732108560000,-31.643464,152.841276,Anoplognathus daemeli,
1732109460000,-35.51416,150.391994,Anoplognathus olivieri,Christmas Beetle
1732109468000,-33.592625,151.156158,Anoplognathus flavipennis,
1732109580000,-21.162917,148.86618,Anoplognathus porosus,
1732110000000,-27.567278,153.100866,Anoplognathus pallidicollis,Christmas Beetle
1732111863000,-33.402706,151.342785,Anoplognathus flavipennis,
1732111974000,-34.004873,150.886745,Anoplognathus viriditarsis,
1732133839000,-34.063167,151.006133,Anoplognathus porosus,
1732135805000,-33.700283,150.933792,Anoplognathus viriditarsis,
1732135813000,-33.700283,150.933778,Anoplognathus porosus,
1732143911000,-35.231169,148.993806,Anoplognathus brunnipennis,
1732171623000,-33.351673,151.441287,Anoplognathus porosus,
1732172400000,-33.911951,151.185039,Anoplognathus porosus,
1732175433000,-33.099064,151.643312,Anoplognathus olivieri,Christmas Beetle
1732176605000,-38.110577,145.131054,Anoplognathus olivieri,Christmas Beetle
1732179616000,-25.515729,152.670975,Anoplognathus porosus,
1732205662000,-33.113545,151.617858,Anoplognathus viriditarsis,
1732209600000,-33.080103,150.225535,Anoplognathus montanus,
1732212387000,-32.761812,151.364058,Anoplognathus flavipennis,
1732214057000,-35.066414,150.545867,Anoplognathus brunnipennis,
1732215857000,-27.554913,152.819442,Anoplognathus porosus,
1732223160000,-37.546405,144.722932,Anoplognathus velutinus,
1732225321000,-36.677012,149.834197,Anoplognathus porosus,
1732227060000,-28.83373,151.939617,Anoplognathus velutinus,
1732228148000,-35.72447,147.314605,Anoplognathus montanus,
1732233810000,-33.82362,150.776154,Anoplognathus brunnipennis,
1732233909000,-33.823122,150.775954,Anoplognathus brunnipennis,
1732260780000,-35.167137,150.584045,Anoplognathus viriditarsis,
1732264343000,-34.065333,150.999437,Anoplognathus viriditarsis,
1732272526000,-34.980845,148.27337,Anoplognathus montanus,
1732276020000,-37.959492,145.025228,Anoplognathus olivieri,Christmas Beetle
1732289309000,-33.704378,150.573482,Anoplognathus brunnipennis,
1732291327000,-33.962526,151.139899,Anoplognathus olivieri,Christmas Beetle
1732294502000,-36.290623,146.731449,Anoplognathus velutinus,
1732294593000,-34.072522,151.150208,Anoplognathus olivieri,Christmas Beetle
1732299775000,-34.838408,150.5489,Anoplognathus brunnipennis,
1732300575000,-34.840753,150.551124,Anoplognathus viriditarsis,
1732304820000,-36.348606,146.327008,Anoplognathus velutinus,
1732306380000,-30.432265,153.018752,Anoplognathus porosus,
1732306518000,-35.724605,147.314697,Anoplognathus montanus,
1732306920000,-30.432265,153.018752,Anoplognathus porosus,
1732310075000,-31.735725,152.791887,Anoplognathus olivieri,Christmas Beetle
1732310280000,-35.724472,147.314562,Anoplognathus velutinus,
1732311695000,-34.860893,147.576767,Anoplognathus montanus,
1732312449000,-32.312728,151.797369,Anoplognathus flavipennis,
1732314327000,-17.341114,145.711421,Anoplognathus smaragdinus,
1732318067000,-33.93413,151.145431,Anoplognathus olivieri,Christmas Beetle
1732319642000,-33.71831,151.271351,Anoplognathus viriditarsis,
1732324284000,-33.82273,150.775789,Anoplognathus brunnipennis,
1732341986000,-34.734662,150.525545,Anoplognathus brunnipennis,
1732343029000,-34.734762,150.525575,Anoplognathus brunnipennis,
1732345497000,-36.913137,149.84143,Anoplognathus brunnipennis,
1732348800000,-33.080889,151.653447,Anoplognathus olivieri,Christmas Beetle
1732348864000,-30.471175,152.922853,Anoplognathus porosus,
1732350184000,-34.076569,150.565645,Anoplognathus brunnipennis,
1732351200000,-34.906898,149.029602,Anoplognathus montanus,
1732357282000,-33.421574,151.363502,Anoplognathus viridiaeneus,King Christmas Beetle
1732361344000,-35.287813,149.066239,Anoplognathus porosus,
1732361604000,-35.28773,149.065947,Anoplognathus porosus,
1732370580000,-21.125105,148.932831,Anoplognathus pallidicollis,Christmas Beetle
1732376024000,-34.783595,138.673414,Anoplognathus montanus,
1732377699000,-33.979453,151.046091,Anoplognathus olivieri,Christmas Beetle
1732379112000,-33.746273,150.632418,Anoplognathus viriditarsis,
1732381079000,-37.041908,140.801255,Anoplognathus montanus,
1732386000000,-35.1904,149.011483,Anoplognathus montanus,
1732391711000,-27.532716,152.473127,Anoplognathus boisduvalii,
1732392393000,-27.895403,153.183136,Anoplognathus porosus,
1732392480000,-34.33278,150.899417,Anoplognathus porosus,
1732392938000,-27.646622,152.920242,Anoplognathus boisduvalii,
1732394300000,-25.21897,153.255977,Anoplognathus olivieri,Christmas Beetle
1732395101000,-30.284902,152.934415,Anoplognathus concolor,
1732396800000,-30.284916,152.934416,Anoplognathus viriditarsis,
1732397506000,-34.311355,138.836625,Anoplognathus montanus,
1732397987000,-33.62548,151.182924,Anoplognathus porosus,
1732398900000,-30.284933,152.934522,Anoplognathus viriditarsis,
1732399691000,-35.627995,138.496688,Anoplognathus montanus,
1732406400000,-17.42191,145.716493,Anoplognathus smaragdinus,
1732438987000,-33.124261,150.324128,Anoplognathus flavipennis,
1732440060000,-34.608309,148.079353,Anoplognathus porosus,
1732440180000,-34.608312,148.079352,Anoplognathus montanus,
1732440240000,-34.608312,148.079352,Anoplognathus montanus,
1732443267000,-33.864842,150.849315,Anoplognathus viriditarsis,
1732445064000,-28.373856,153.153957,Anoplognathus porosus,
1732450260000,-35.208555,149.050297,Anoplognathus suturalis,
1732450384000,-29.118885,153.431506,Anoplognathus viridiaeneus,King Christmas Beetle
1732452548000,-28.161027,153.265302,Anoplognathus concolor,
1732454369000,-30.501774,151.567786,Anoplognathus porosus,
1732454535000,-30.501725,151.568129,Anoplognathus porosus,
1732456116000,-29.507511,152.343528,Anoplognathus multiseriatus,
1732470091000,-33.656097,151.316695,Anoplognathus porosus,
1732476720000,-28.134343,153.265176,Anoplognathus porosus,
1732480204000,-26.611358,153.025946,Anoplognathus porosus,
1732489685000,-33.113323,151.564128,Anoplognathus porosus,
1732490580000,-34.33278,150.899417,Anoplognathus viriditarsis,
1732495714000,-35.239019,149.073712,Anoplognathus porosus,
1732499451000,-33.812878,151.105911,Anoplognathus concolor,
1732517623000,-36.395238,145.354095,Anoplognathus montanus,
1732517711000,-36.395145,145.353928,Anoplognathus montanus,
1732523220000,-33.413797,149.610239,Anoplognathus montanus,
1732531260000,-35.454778,149.792176,Anoplognathus hirsutus,
1732531260000,-35.454778,149.792176,Anoplognathus hirsutus,
1732534380000,-33.484994,151.286158,Anoplognathus viridiaeneus,King Christmas Beetle
1732541390000,-25.217647,153.256264,Anoplognathus viridiaeneus,King Christmas Beetle
1732547734000,-29.121003,151.83148,Anoplognathus viriditarsis,
1732550760000,-23.989545,151.302145,Anoplognathus montanus,
1732558422000,-33.676075,150.216507,Anoplognathus brunnipennis,
1732567920000,-34.206355,150.568829,Anoplognathus brunnipennis,
1732570006000,-32.21952,149.804092,Anoplognathus montanus,
1732571880000,-16.180076,145.408155,Anoplognathus smaragdinus,
1732572660000,-35.34185,149.065255,Anoplognathus montanus,
1732573210000,-26.332005,152.903687,Anoplognathus boisduvalii,
1732575034000,-33.779263,151.180603,Anoplognathus porosus,
1732575890000,-28.174745,153.504592,Anoplognathus prasinus,
1732576497000,-33.353264,149.592215,Anoplognathus porosus,
1732619160000,-35.393594,149.093211,Anoplognathus porosus,
1732625640000,-33.71441,150.93787,Anoplognathus porosus,
1732633073000,-35.346153,149.036508,Anoplognathus montanus,
1732641836000,-24.890817,151.800688,Anoplognathus boisduvalii,
1732642065000,-33.915975,151.253967,Anoplognathus olivieri,Christmas Beetle
1732643214000,-32.843299,151.716652,Anoplognathus porosus,
1732649095000,-34.051192,150.86139,Anoplognathus viriditarsis,
1732650960000,-29.859915,153.263157,Anoplognathus boisduvalii,
1732655001000,-35.161636,138.830428,Anoplognathus montanus,
1732658760000,-33.569135,150.625289,Anoplognathus flavipennis,
1732671397000,-33.822932,150.775868,Anoplognathus brunnipennis,
1732695635000,-33.969307,151.020798,Anoplognathus porosus,
1732695635000,-33.969307,151.020798,Anoplognathus porosus,
1732702390000,-25.21776,153.256112,Anoplognathus olivieri,Christmas Beetle
1732703982000,-33.737267,151.267762,Anoplognathus viriditarsis,
1732704853000,-33.760257,150.880672,Anoplognathus brunnipennis,
1732706175000,-26.334487,152.85715,Anoplognathus prasinus,
1732713068000,-33.761543,150.881942,Anoplognathus viriditarsis,
1732714860000,-35.208562,149.050303,Anoplognathus montanus,
1732717196000,-25.217316,153.25531,Anoplognathus olivieri,Christmas Beetle
1732718302000,-34.050888,150.697593,Anoplognathus porosus,
1732724880000,-34.74129,138.628553,Anoplognathus montanus,
1732737600000,-29.859915,153.263157,Anoplognathus boisduvalii,
1732739646000,-26.611359,153.02593,Anoplognathus abnormis,
1732742318000,-27.53273,152.473125,Anoplognathus flavipennis,
1732743450000,-30.514093,151.384084,Anoplognathus brunnipennis,
1732746496000,-33.678304,151.109647,Anoplognathus concolor,
1732750158000,-35.238833,149.073752,Anoplognathus pallidicollis,Christmas Beetle
1732751280000,-30.412819,151.819695,Anoplognathus viriditarsis,
1732768678000,-33.651929,151.045556,Anoplognathus viriditarsis,
1732771800000,-30.412819,151.819695,Anoplognathus hirsutus,
1732776240000,-33.7,151.1,Anoplognathus viriditarsis,
1732784371000,-32.7292,152.13874,Anoplognathus olivieri,Christmas Beetle
1732786216000,-33.653354,151.28147,Anoplognathus viriditarsis,
1732794508000,-36.417703,149.970416,Anoplognathus brunnipennis,
1732794613000,-35.275137,149.1138,Anoplognathus porosus,
1732798020000,-35.208567,149.050299,Anoplognathus montanus,
1732808047000,-34.434707,148.716789,Anoplognathus montanus,
1732811640000,-33.7,151.1,Anoplognathus viriditarsis,
1732814114000,-35.30056,149.182316,Anoplognathus montanus,
1732819733000,-37.966662,145.047739,Anoplognathus olivieri,Christmas Beetle
1732827286000,-31.538917,152.545165,Anoplognathus porosus,
1732829267000,-35.724438,147.314622,Anoplognathus pallidicollis,Christmas Beetle
1732833120000,-35.205174,148.977574,Anoplognathus pallidicollis,Christmas Beetle
1732833240000,-35.205327,148.977221,Anoplognathus pallidicollis,Christmas Beetle
1732837080000,-35.170162,149.066736,Anoplognathus porosus,
1732878035000,-25.217624,153.256304,Anoplognathus olivieri,Christmas Beetle
1732885636000,-35.104629,147.3756,Anoplognathus montanus,
1732885920000,-38.18254,145.119536,Anoplognathus brunnipennis,
1732902926000,-33.814622,151.010789,Anoplognathus porosus,
1732906112000,-32.254932,152.453945,Anoplognathus flavipennis,
1732908960000,-16.180179,145.408585,Anoplognathus aeneus,
1732909820000,-37.940923,145.029045,Anoplognathus olivieri,Christmas Beetle
1732912500000,-27.398033,152.867611,Anoplognathus porosus,
1732914133000,-32.446567,152.515762,Anoplognathus olivieri,Christmas Beetle
1732934709000,-33.793224,150.897598,Anoplognathus brunnipennis,
1732951240000,-32.859858,150.809862,Anoplognathus viriditarsis,
1732958582000,-33.942228,151.244903,Anoplognathus olivieri,Christmas Beetle
1732962065000,-34.882768,147.579251,Anoplognathus montanus,
1732965476000,-35.394408,150.444428,Anoplognathus viriditarsis,
1732967280000,-33.846048,150.837143,Anoplognathus brunnipennis,
1732968642000,-36.13855,146.984854,Anoplognathus montanus,
1732970386000,-32.766444,152.11624,Anoplognathus olivieri,Christmas Beetle
1732986904000,-35.247899,149.101199,Anoplognathus montanus,
1732991820000,-34.926017,138.505556,Anoplognathus montanus,
1733003565000,-32.656153,152.145489,Anoplognathus olivieri,Christmas Beetle
1733008697000,-38.142149,145.15817,Anoplognathus olivieri,Christmas Beetle
1733010660000,-26.174795,130.221558,Anoplognathus macleayi aurora,
1733013780000,-35.332591,149.473008,Anoplognathus montanus,
1733035620000,-33.9123,151.184782,Anoplognathus porosus,
1733041880000,-38.321198,144.901993,Anoplognathus olivieri,Christmas Beetle
1733055552000,-33.659496,151.314179,Anoplognathus olivieri,Christmas Beetle
1733058615000,-33.352156,151.439183,Anoplognathus concolor,
1733061273000,-35.25742,149.454785,Anoplognathus brunnipennis,
1733063400000,-33.664997,151.149502,Anoplognathus viriditarsis,
1733082657000,-27.509136,153.183291,Anoplognathus pallidicollis,Christmas Beetle
1733083932000,-27.889777,153.262777,Anoplognathus porosus,
1733086163000,-17.204074,145.675222,Anoplognathus abnormis,
1733086608000,-29.61158,153.337783,Anoplognathus olivieri,Christmas Beetle
1733086740000,-33.772691,151.220376,Anoplognathus olivieri,Christmas Beetle
1733087940000,-16.180179,145.408585,Anoplognathus aeneus,
1733088300000,-31.814406,152.370235,Anoplognathus porosus,
1733089800000,-38.318005,144.705163,Anoplognathus olivieri,Christmas Beetle
1733093341000,-34.247544,150.541656,Anoplognathus viriditarsis,
1733097960000,-27.989415,153.186187,Anoplognathus porosus,
1733098740000,-27.319913,153.055709,Anoplognathus porosus,
1733120306000,-33.98986,151.114212,Anoplognathus olivieri,Christmas Beetle
1733127221000,-37.97322,145.154008,Anoplognathus olivieri,Christmas Beetle
1733131760000,-33.487808,151.013533,Anoplognathus porosus,
1733135280000,-35.383025,149.059939,Anoplognathus porosus,
1733139678000,-33.96781,151.135144,Anoplognathus olivieri,Christmas Beetle
1733140200000,-33.859305,150.837658,Anoplognathus brunnipennis,
1733140200000,-33.858371,150.837057,Anoplognathus brunnipennis,
1733143665000,-33.24413,149.1147,Anoplognathus brunnipennis,
1733146405000,-36.426545,150.07185,Anoplognathus brunnipennis,
1733151111000,-35.409246,150.439505,Anoplognathus viriditarsis,
1733153280000,-33.346232,151.470673,Anoplognathus concolor,
1733153280000,-33.346232,151.470673,Anoplognathus concolor,
1733160897000,-30.581623,151.626245,Anoplognathus porosus,
1733171239000,-33.25313,151.485747,Anoplognathus porosus,
1733173800000,-30.412819,151.819695,Anoplognathus hirsutus,
1733175005000,-27.501109,152.960312,Anoplognathus porosus,
1733175720000,-33.712447,150.31177,Anoplognathus concolor,
1733176020000,-32.377056,152.504824,Anoplognathus porosus,
1733176895000,-35.020225,150.672638,Anoplognathus brunnipennis,
1733177411000,-35.020161,150.672547,Anoplognathus brunnipennis,
1733177520000,-37.279102,145.365191,Anoplognathus montanus,
1733178272000,-29.406475,153.352458,Anoplognathus olivieri,Christmas Beetle
1733181812000,-32.974791,151.664517,Anoplognathus porosus,
1733184000000,-34.774352,139.053028,Anoplognathus montanus,
1733192460000,-35.812114,150.222502,Anoplognathus olivieri,Christmas Beetle
1733208049000,-33.124889,151.533553,Anoplognathus viriditarsis,
1733211790000,-29.408939,153.353186,Anoplognathus olivieri,Christmas Beetle
1733214660000,-33.583507,150.121383,Anoplognathus brunnipennis,
1733221783000,-34.52762,149.38547,Anoplognathus hirsutus,
1733222460000,-35.45455,149.792005,Anoplognathus suturalis,
1733222525000,-33.378417,151.235687,Anoplognathus porosus,
1733222820000,-35.454568,149.792006,Anoplognathus viriditarsis,
1733224823000,-17.204692,145.679047,Anoplognathus abnormis,
1733225022000,-37.084844,143.475948,Anoplognathus montanus,
1733227811000,-34.078969,151.144548,Anoplognathus olivieri,Christmas Beetle
1733230358000,-34.490273,150.935852,Anoplognathus brunnipennis,
1733232319000,-32.969233,151.65248,Anoplognathus concolor,
1733239468000,-36.434285,150.076936,Anoplognathus brunnipennis,
1733241654000,-33.766143,150.729333,Anoplognathus boisduvalii,
1733248125000,-35.05322,150.586713,Anoplognathus brunnipennis,
1733248500000,-35.292869,149.120744,Anoplognathus brunnipennis,
1733256827000,-33.704659,151.074857,Anoplognathus viriditarsis,
1733257684000,-37.720333,145.111083,Anoplognathus brunnipennis,
1733258520000,-26.172969,152.738385,Anoplognathus boisduvalii,
1733260376000,-33.451072,151.435776,Anoplognathus olivieri,Christmas Beetle
1733260386000,-34.087368,150.799541,Anoplognathus viriditarsis,
1733265215000,-33.74966,151.271957,Anoplognathus olivieri,Christmas Beetle
1733269380000,-30.351259,153.081617,Anoplognathus porosus,
1733275162000,-26.174762,130.221512,Anoplognathus macleayi aurora,
1733275320000,-26.172991,152.738308,Anoplognathus porosus,
1733296675000,-34.082722,151.020006,Anoplognathus olivieri,Christmas Beetle
1733296886000,-37.483803,144.586167,Anoplognathus suturalis,
1733299080000,-33.775367,151.168839,Anoplognathus porosus,
1733301098000,-37.084197,143.476049,Anoplognathus pallidicollis,Christmas Beetle
1733304056000,-35.10948,147.373426,Anoplognathus montanus,
1733304133000,-35.104629,147.3756,Anoplognathus montanus,
1733307720000,-34.672079,150.211661,Anoplognathus brunnipennis,
1733309280000,-37.804931,145.370558,Anoplognathus viriditarsis,
1733309501000,-16.819778,145.63298,Anoplognathus boisduvalii,
1733311961000,-32.786891,151.734097,Anoplognathus olivieri,Christmas Beetle
1733315080000,-35.274875,149.111892,Anoplognathus porosus,
1733330533000,-35.46862,149.099232,Anoplognathus brunnipennis,
1733332920000,-35.028894,138.809592,Anoplognathus montanus,
1733340152000,-33.616881,151.058174,Anoplognathus viriditarsis,
1733344737000,-26.474836,152.993077,Anoplognathus porosus,
1733345694000,-33.663368,151.311712,Anoplognathus porosus,
1733348926000,-34.814429,138.962077,Anoplognathus montanus,
1733350140000,-36.533923,143.743393,Anoplognathus montanus,
1733350500000,-36.533923,143.743393,Anoplognathus montanus,
1733352775000,-34.799037,139.001818,Anoplognathus montanus,
1733353020000,-36.533895,143.743021,Anoplognathus pallidicollis,Christmas Beetle
1733354471000,-35.264636,150.468767,Anoplognathus olivieri,Christmas Beetle
1733378580000,-32.750425,152.0329,Anoplognathus porosus,
1733381896000,-35.2331,149.162583,Anoplognathus montanus,
1733383640000,-33.656453,151.094192,Anoplognathus viridiaeneus,King Christmas Beetle
1733386296000,-34.764232,138.699644,Anoplognathus montanus,
1733390947000,-35.307567,149.071442,Anoplognathus montanus,
1733395680000,-34.218333,150.755453,Anoplognathus viriditarsis,
1733396713000,-33.695294,151.090675,Anoplognathus viriditarsis,
1733398018000,-38.166712,145.10872,Anoplognathus olivieri,Christmas Beetle
1733400803000,-37.962479,145.078763,Anoplognathus olivieri,Christmas Beetle
1733401320000,-33.838855,150.806762,Anoplognathus viriditarsis,
1733402020000,-37.080949,143.479826,Anoplognathus montanus,
1733405077000,-33.407269,151.295436,Anoplognathus flavipennis,
1733405640000,-35.377308,150.465723,Anoplognathus viriditarsis,
1733410380000,-32.768414,151.59755,Anoplognathus porosus,
1733410677000,-36.064438,150.140501,Anoplognathus olivieri,Christmas Beetle
1733416063000,-34.037894,151.2007,Anoplognathus olivieri,Christmas Beetle
1733426164000,-34.039284,151.067001,Anoplognathus porosus,
1733428980000,-38.269626,144.547836,Anoplognathus olivieri,Christmas Beetle
1733430240000,-35.254995,149.149498,Anoplognathus porosus,
1733430824000,-33.395483,151.34795,Anoplognathus concolor,
1733432382000,-35.724412,147.314592,Anoplognathus porosus,
1733433002000,-32.958328,151.692443,Anoplognathus porosus,
1733433681000,-34.921875,138.693938,Anoplognathus montanus,
1733434519000,-34.799037,139.001818,Anoplognathus montanus,
1733435940000,-37.633559,144.088717,Anoplognathus suturalis,
1733435940000,-37.633559,144.088717,Anoplognathus suturalis,
1733435940000,-38.252175,145.050559,Anoplognathus velutinus,
1733438629000,-34.798737,139.000959,Anoplognathus montanus,
1733438741000,-38.178897,145.144357,Anoplognathus olivieri,Christmas Beetle
1733443200000,-33.531954,150.18697,Anoplognathus flavipennis,
1733443200000,-33.531954,150.18697,Anoplognathus flavipennis,
1733443464000,-33.823306,150.77601,Anoplognathus brunnipennis,
1733444421000,-35.238603,149.073684,Anoplognathus brunnipennis,
1733452345000,-29.864036,150.578867,Anoplognathus porosus,
1733457960000,-35.253368,149.130393,Anoplognathus brunnipennis,
1733466425000,-33.693174,150.69576,Anoplognathus viriditarsis,
1733468608000,-35.473469,149.086307,Anoplognathus brunnipennis,
1733474997000,-35.249131,149.153564,Anoplognathus brunnipennis,
1733475071000,-26.333142,152.802714,Anoplognathus porosus,
1733479694000,-33.97435,151.096756,Anoplognathus concolor,
1733487198000,-33.41505,151.346694,Anoplognathus porosus,
1733492704000,-36.173586,146.939082,Anoplognathus pallidicollis,Christmas Beetle
1733498993000,-33.765951,151.249024,Anoplognathus olivieri,Christmas Beetle
1733509698000,-33.759081,150.6492,Anoplognathus brunnipennis,
1733513220000,-33.272989,151.423244,Anoplognathus viriditarsis,
1733513280000,-33.272989,151.423244,Anoplognathus viriditarsis,
1733513280000,-33.272989,151.423244,Anoplognathus viriditarsis,
1733513393000,-31.644225,151.160278,Anoplognathus porosus,
1733514023000,-27.250743,152.992651,Anoplognathus porosus,
1733514159000,-25.315167,152.561097,Anoplognathus boisduvalii,
1733519579000,-16.847582,145.687855,Anoplognathus boisduvalii,
1733519639000,-17.271495,145.580421,Anoplognathus smaragdinus,
1733521020000,-27.619039,152.901555,Anoplognathus porosus,
1733523440000,-34.731024,139.082225,Anoplognathus montanus,
1733526600000,-26.829808,152.713342,Anoplognathus flavipennis,
1733532761000,-33.823398,150.776054,Anoplognathus brunnipennis,
1733536127000,-33.701783,150.58162,Anoplognathus viriditarsis,
1733562514000,-31.607494,152.839238,Anoplognathus viridiaeneus,King Christmas Beetle
1733563342000,-33.74947,148.390918,Anoplognathus pallidicollis,Christmas Beetle
1733564289000,-34.692773,150.158208,Anoplognathus brunnipennis,
1733568105000,-33.998418,150.878808,Anoplognathus viriditarsis,
1733568546000,-34.450972,150.458512,Anoplognathus brunnipennis,
1733568716000,-38.350265,145.142672,Anoplognathus brunnipennis,
1733571480000,-33.586675,150.922761,Anoplognathus viridiaeneus,King Christmas Beetle
1733572409000,-34.780137,150.690567,Anoplognathus brunnipennis,
1733573400000,-33.135529,150.332104,Anoplognathus montanus,
1733588040000,-37.880171,147.966184,Anoplognathus olivieri,Christmas Beetle
1733597767000,-27.493142,152.945755,Anoplognathus pallidicollis,Christmas Beetle
1733600580000,-27.443766,152.158731,Anoplognathus pallidicollis,Christmas Beetle
1733603160000,-27.443735,152.15866,Anoplognathus pallidicollis,Christmas Beetle
1733604420000,-27.498745,152.956788,Anoplognathus pallidicollis,Christmas Beetle
1733604540000,-35.812114,150.222502,Anoplognathus porosus,
1733604720000,-35.812114,150.222502,Anoplognathus viriditarsis,
1733607646000,-36.02788,146.163895,Anoplognathus montanus,
1733610886000,-30.514068,151.383498,Anoplognathus brunnipennis,
1733614920000,-30.351277,153.081686,Anoplognathus porosus,
1733617020000,-33.69923,150.562991,Anoplognathus porosus,
1733619060000,-33.699,150.563,Anoplognathus viriditarsis,
1733651961000,-32.656728,151.009136,Anoplognathus boisduvalii,
1733652240000,-33.793591,151.199412,Anoplognathus porosus,
1733654040000,-37.924026,145.333079,Anoplognathus brunnipennis,
1733654100000,-34.608212,148.079348,Anoplognathus montanus,
1733655600000,-34.702705,150.1566,Anoplognathus brunnipennis,
1733656231000,-35.241795,138.646697,Anoplognathus montanus,
1733656860000,-37.924078,145.333406,Anoplognathus brunnipennis,
1733657760000,-37.925345,145.336599,Anoplognathus brunnipennis,
1733662805000,-35.440291,149.800057,Anoplognathus brunnipennis,
1733662805000,-35.440291,149.800057,Anoplognathus brunnipennis,
1733665680000,-33.861446,151.169185,Anoplognathus viridiaeneus,King Christmas Beetle
1733667650000,-36.336972,150.104753,Anoplognathus viriditarsis,
1733676453000,-33.277866,151.496237,Anoplognathus viriditarsis,
1733679654000,-35.100286,150.69327,Anoplognathus olivieri,Christmas Beetle
1733690931000,-33.374398,151.412782,Anoplognathus olivieri,Christmas Beetle
1733691360000,-38.182597,145.119396,Anoplognathus olivieri,Christmas Beetle
1733692860000,-25.536481,152.690358,Anoplognathus boisduvalii,
1733694105000,-29.825584,151.127127,Anoplognathus montanus,
1733694600000,-30.378224,152.518359,Anoplognathus brunnipennis,
1733737243000,-35.293033,149.079147,Anoplognathus brunnipennis,
1733738485000,-28.592922,151.84647,Anoplognathus porosus,
1733740020000,-30.256731,153.141011,Anoplognathus rhinastus,
1733744411000,-35.29245,149.118636,Anoplognathus montanus,
1733744696000,-29.440342,153.196801,Anoplognathus porosus,
1733744696000,-29.440342,153.196801,Anoplognathus porosus,
1733745010000,-35.292412,149.118592,Anoplognathus brunnipennis,
1733745515000,-34.083453,151.138341,Anoplognathus olivieri,Christmas Beetle
1733754670000,-33.153782,150.366659,Anoplognathus viriditarsis,
1733757082000,-34.237314,150.956829,Anoplognathus viriditarsis,
1733758297000,-17.031053,145.395967,Anoplognathus boisduvalii,
1733760912000,-33.353115,151.442271,Anoplognathus brunnipennis,
1733761680000,-33.931109,151.229785,Anoplognathus olivieri,Christmas Beetle
1733770428000,-35.388078,149.034775,Anoplognathus brunnipennis,
1733788860000,-33.604642,151.171523,Anoplognathus viriditarsis,
1733790260000,-33.823173,150.775811,Anoplognathus brunnipennis,
1733825220000,-31.915485,152.35876,Anoplognathus porosus,
1733830289000,-29.781933,151.362536,Anoplognathus porosus,
1733833935000,-37.018967,145.446589,Anoplognathus montanus,
1733836200000,-30.525297,151.665086,Anoplognathus porosus,
1733845541000,-36.109471,149.490644,Anoplognathus suturalis,
1733849287000,-23.280622,150.722397,Anoplognathus pallidicollis,Christmas Beetle
1733852815000,-33.698095,150.639481,Anoplognathus viriditarsis,
1733856504000,-38.111306,145.170807,Anoplognathus olivieri,Christmas Beetle
1733860080000,-35.388365,149.029472,Anoplognathus brunnipennis,
1733861270000,-33.715719,151.177255,Anoplognathus viriditarsis,
1733865385000,-33.544465,150.687443,Anoplognathus porosus,
1733891460000,-34.977832,149.051222,Anoplognathus montanus,
1733900852000,-33.652888,151.094789,Anoplognathus viridiaeneus,King Christmas Beetle
1733905027000,-33.894413,150.626793,Anoplognathus viriditarsis,
1733906820000,-37.960197,145.026883,Anoplognathus olivieri,Christmas Beetle
1733909568000,-32.637602,152.161895,Anoplognathus olivieri,Christmas Beetle
1733911357000,-30.677472,151.727112,Anoplognathus brunnipennis,
1733917976000,-34.451033,150.459122,Anoplognathus brunnipennis,
1733918122000,-38.152803,145.12706,Anoplognathus olivieri,Christmas Beetle
1733918281000,-38.214341,145.263702,Anoplognathus olivieri,Christmas Beetle
1733927244000,-33.888751,151.176082,Anoplognathus porosus,
1733929917000,-33.298488,150.146714,Anoplognathus flavipennis,
1733937720000,-30.57467,152.989728,Anoplognathus viriditarsis,
1733943300000,-30.373878,153.070678,Anoplognathus olivieri,Christmas Beetle
1733947994000,-33.707183,151.024161,Anoplognathus viriditarsis,
1733977380000,-38.122354,145.15657,Anoplognathus porosus,
1733990863000,-33.416397,149.579772,Anoplognathus brunnipennis,
1733996460000,-33.772183,151.113587,Anoplognathus porosus,
1734005161000,-33.756762,151.2233,Anoplognathus concolor,
1734005694000,-35.713691,147.174889,Anoplognathus pallidicollis,Christmas Beetle
1734025172000,-33.962475,151.250367,Anoplognathus olivieri,Christmas Beetle
1734031320000,-27.717028,152.462014,Anoplognathus porosus,
1734033360000,-27.717028,152.462014,Anoplognathus montanus,
1734033557000,-26.611369,153.025945,Anoplognathus abnormis,
1734036763000,-37.301294,144.092853,Anoplognathus pallidicollis,Christmas Beetle
1734038400000,-35.271389,149.078056,Anoplognathus pallidicollis,Christmas Beetle
1734042300000,-28.274152,152.43145,Anoplognathus porosus,
1734043309000,-35.200464,149.120847,Anoplognathus brunnipennis,
1734062700000,-35.564935,149.880496,Anoplognathus suturalis,
1734076500000,-32.917848,151.700464,Anoplognathus flavipennis,
1734078600000,-33.931554,150.833296,Anoplognathus viriditarsis,
1734079871000,-35.121215,138.532025,Anoplognathus montanus,
1734085519000,-30.486053,151.640442,Anoplognathus porosus,
1734091037000,-37.092632,149.673572,Anoplognathus brunnipennis,
1734095820000,-30.499975,151.673828,Anoplognathus porosus,
1734096438000,-33.807438,151.341144,Anoplognathus porosus,
1734098666000,-38.140464,145.266636,Anoplognathus suturalis,
1734101419000,-33.740034,151.13321,Anoplognathus viriditarsis,
1734107296000,-33.742984,151.013684,Anoplognathus viriditarsis,
1734108017000,-33.724345,151.196817,Anoplognathus viriditarsis,
1734110320000,-33.644973,151.067131,Anoplognathus viridiaeneus,King Christmas Beetle
1734116315000,-33.675296,151.018088,Anoplognathus viriditarsis,
1734116351000,-33.669946,151.163634,Anoplognathus viriditarsis,
1734117340000,-34.454492,150.46518,Anoplognathus brunnipennis,
1734117709000,-34.454163,150.465272,Anoplognathus brunnipennis,
1734118846000,-33.783615,151.018626,Anoplognathus viriditarsis,
1734118894000,-33.773368,151.040801,Anoplognathus viriditarsis,
1734119373000,-33.666835,151.175657,Anoplognathus viriditarsis,
1734119532000,-33.764694,151.018374,Anoplognathus viriditarsis,
1734121001000,-33.600935,151.093957,Anoplognathus porosus,
1734122520000,-29.188667,153.500979,Anoplognathus olivieri,Christmas Beetle
1734123005000,-33.24598,151.441819,Anoplognathus porosus,
1734123660000,-33.394108,151.42919,Anoplognathus porosus,
1734124690000,-33.795138,151.334876,Anoplognathus olivieri,Christmas Beetle
1734125736000,-35.277922,149.127987,Anoplognathus brunnipennis,
1734126480000,-33.351415,151.409923,Anoplognathus porosus,
1734128197000,-36.731683,144.282465,Anoplognathus montanus,
1734134841000,-33.823432,150.775978,Anoplognathus brunnipennis,
1734136320000,-34.742478,139.086974,Anoplognathus montanus,
1734162589000,-35.169453,147.378097,Anoplognathus montanus,
1734165995000,-33.424219,149.747427,Anoplognathus flavipennis,
1734167598000,-33.678673,151.124485,Anoplognathus porosus,
1734168780000,-33.808314,150.655119,Anoplognathus brunnipennis,
1734169260000,-33.444583,151.288344,Anoplognathus pallidicollis,Christmas Beetle
1734171005000,-32.926416,151.397832,Anoplognathus brunnipennis,
1734171317000,-33.687965,151.303996,Anoplognathus brunnipennis,
1734177360000,-35.144934,150.596817,Anoplognathus brunnipennis,
1734178140000,-37.55802,142.474606,Anoplognathus pallidicollis,Christmas Beetle
1734180473000,-33.695674,151.199446,Anoplognathus viriditarsis,
1734180522000,-33.670635,151.131733,Anoplognathus viridiaeneus,King Christmas Beetle
1734180901000,-33.622197,151.191529,Anoplognathus brunnipennis,
1734180901000,-33.622197,151.191529,Anoplognathus brunnipennis,
1734183517000,-29.863882,150.578902,Anoplognathus boisduvalii,
1734187020000,-34.064587,151.013595,Anoplognathus porosus,
1734193800000,-25.315112,152.561098,Anoplognathus viridiaeneus,King Christmas Beetle
1734198222000,-33.680892,151.29103,Anoplognathus olivieri,Christmas Beetle
1734201003000,-33.660002,151.019482,Anoplognathus viriditarsis,
1734201011000,-33.680133,151.072738,Anoplognathus viriditarsis,
1734201444000,-33.673586,151.022367,Anoplognathus viriditarsis,
1734202347000,-33.658924,151.129239,Anoplognathus viriditarsis,
1734211823000,-33.113188,151.563919,Anoplognathus porosus,
1734211867000,-37.731978,145.24172,Anoplognathus velutinus,
1734212083000,-30.571885,151.780732,Anoplognathus hirsutus,
1734212640000,-37.731859,145.241605,Anoplognathus velutinus,
1734213120000,-37.73177,145.241509,Anoplognathus velutinus,
1734213240000,-37.732226,145.241693,Anoplognathus velutinus,
1734215544000,-37.732013,145.241605,Anoplognathus velutinus,
1734215587000,-33.529195,151.34375,Anoplognathus concolor,
1734216052000,-34.037286,151.129806,Anoplognathus olivieri,Christmas Beetle
1734226620000,-35.851784,148.899944,Anoplognathus suturalis,
1734253606000,-34.842637,150.425715,Anoplognathus porosus,
1734258060000,-34.608159,148.079277,Anoplognathus porosus,
1734259680000,-35.208565,149.050308,Anoplognathus brunnipennis,
1734260290000,-33.607422,151.11312,Anoplognathus viriditarsis,
1734265514000,-34.226185,150.685318,Anoplognathus flavipennis,
1734266264000,-33.680122,151.180787,Anoplognathus viriditarsis,
1734270943000,-35.446514,150.184626,Anoplognathus velutinus,
1734275011000,-33.68307,151.101703,Anoplognathus olivieri,Christmas Beetle
1734288218000,-33.722592,151.13119,Anoplognathus viriditarsis,
1734288238000,-33.66746,151.01823,Anoplognathus viriditarsis,
1734288653000,-33.691319,151.158168,Anoplognathus viriditarsis,
1734290073000,-33.714451,151.091677,Anoplognathus viriditarsis,
1734290106000,-33.678263,151.031832,Anoplognathus viriditarsis,
1734290293000,-33.93997,151.207355,Anoplognathus olivieri,Christmas Beetle
1734292200000,-28.20534,152.434911,Anoplognathus porosus,
1734302340000,-37.689315,143.997026,Anoplognathus viriditarsis,
1734334620000,-33.887313,150.609686,Anoplognathus flavipennis,
1734338923000,-33.620581,151.16201,Anoplognathus viriditarsis,
1734338941000,-33.75805,151.117604,Anoplognathus viriditarsis,
1734340115000,-33.755895,151.217195,Anoplognathus olivieri,Christmas Beetle
1734341558000,-21.113442,149.107311,Anoplognathus parvulus,
1734357300000,-42.23933,148.013668,Anoplognathus suturalis,
1734357854000,-33.769034,149.884321,Anoplognathus hirsutus,
1734373364000,-24.914599,152.306911,Anoplognathus porosus,
1734373497000,-33.754283,151.079164,Anoplognathus viriditarsis,
1734373605000,-33.63903,151.177129,Anoplognathus viriditarsis,
1734373710000,-33.706177,151.145797,Anoplognathus viriditarsis,
1734374627000,-33.735894,151.160373,Anoplognathus viriditarsis,
1734375025000,-33.741176,151.018806,Anoplognathus porosus,
1734375137000,-34.451797,150.466767,Anoplognathus brunnipennis,
1734377368000,-33.796558,151.105178,Anoplognathus rugosus,
1734377379000,-33.772044,151.140394,Anoplognathus porosus,
1734378344000,-33.622152,151.166361,Anoplognathus viriditarsis,
1734378433000,-33.724896,151.156124,Anoplognathus viriditarsis,
1734378435000,-33.67628,151.048853,Anoplognathus viriditarsis,
1734378544000,-33.747329,151.067197,Anoplognathus viriditarsis,
1734381199000,-35.217942,149.137589,Anoplognathus montanus,
1734383884000,-35.387972,149.029458,Anoplognathus pallidicollis,Christmas Beetle
1734384840000,-35.275367,149.113875,Anoplognathus porosus,
1734384998000,-35.112396,138.612302,Anoplognathus montanus,
1734386400000,-34.827454,138.685659,Anoplognathus montanus,
1734389160000,-27.988253,152.995934,Anoplognathus boisduvalii,
1734424838000,-34.446613,150.432022,Anoplognathus brunnipennis,
1734424994000,-35.203281,149.064667,Anoplognathus brunnipennis,
1734436175000,-34.773082,150.681962,Anoplognathus brunnipennis,
1734449040000,-31.052216,153.056529,Anoplognathus olivieri,Christmas Beetle
1734456445000,-32.802413,151.632128,Anoplognathus flavipennis,
1734460949000,-33.64921,151.129893,Anoplognathus viriditarsis,
1734461111000,-33.751607,151.048757,Anoplognathus viriditarsis,
1734464887000,-16.997545,145.426728,Anoplognathus boisduvalii,
1734465550000,-33.610176,151.169686,Anoplognathus viriditarsis,
1734472202000,-33.75188,151.196477,Anoplognathus viriditarsis,
1734473940000,-33.772691,151.220376,Anoplognathus olivieri,Christmas Beetle
1734474493000,-33.722942,151.010758,Anoplognathus viriditarsis,
1734475123000,-33.661016,151.151459,Anoplognathus viriditarsis,
1734475261000,-33.744993,151.013534,Anoplognathus porosus,
1734475940000,-33.766571,151.157801,Anoplognathus viriditarsis,
1734492064000,-34.771391,148.806592,Anoplognathus montanus,
1734513624000,-34.492097,150.766617,Anoplognathus viriditarsis,
1734516720000,-34.22642,150.522599,Anoplognathus viriditarsis,
1734520554000,-35.754513,149.42997,Anoplognathus porosus,
1734521640000,-35.121258,138.485438,Anoplognathus montanus,
1734527093000,-33.707653,151.051021,Anoplognathus viriditarsis,
1734527168000,-33.606516,151.104239,Anoplognathus viriditarsis,
1734527881000,-25.218831,153.256158,Anoplognathus boisduvalii,
1734527904000,-33.660518,151.006364,Anoplognathus viriditarsis,
1734528226000,-33.694817,151.093911,Anoplognathus viriditarsis,
1734528334000,-33.701961,151.09252,Anoplognathus viriditarsis,
1734541612000,-35.205033,150.546403,Anoplognathus olivieri,Christmas Beetle
1734543240000,-32.997905,151.72431,Anoplognathus olivieri,Christmas Beetle
1734547296000,-33.785087,151.112262,Anoplognathus porosus,
1734547382000,-33.789437,151.1059,Anoplognathus viriditarsis,
1734548207000,-33.646971,151.069396,Anoplognathus viriditarsis,
1734548245000,-33.739463,151.182446,Anoplognathus viriditarsis,
1734548494000,-33.714125,151.159872,Anoplognathus viriditarsis,
1734548955000,-35.228832,149.165658,Anoplognathus brunnipennis,
1734549127000,-33.969339,151.251142,Anoplognathus olivieri,Christmas Beetle
1734552281000,-33.620659,151.093156,Anoplognathus viriditarsis,
1734557420000,-36.058175,147.013169,Anoplognathus montanus,
1734592377000,-34.064953,151.014288,Anoplognathus viridiaeneus,King Christmas Beetle
1734595319000,-34.450978,150.458588,Anoplognathus brunnipennis,
1734595680000,-35.342756,149.397516,Anoplognathus viriditarsis,
1734596665000,-30.502038,151.670131,Anoplognathus brunnipennis,
1734597442000,-33.975175,151.122222,Anoplognathus olivieri,Christmas Beetle
1734597590000,-33.411125,150.94583,Anoplognathus viriditarsis,
1734610920000,-26.486251,152.867692,Anoplognathus porosus,
1734613020000,-33.433165,149.382112,Anoplognathus montanus,
1734615573000,-33.769535,149.884281,Anoplognathus hirsutus,
1734624261000,-33.705395,151.081108,Anoplognathus olivieri,Christmas Beetle
1734624750000,-33.74918,150.698333,Anoplognathus brunnipennis,
1734625080000,-37.530448,140.958457,Anoplognathus pallidicollis,Christmas Beetle
1734628396000,-34.021988,150.999832,Anoplognathus olivieri,Christmas Beetle
1734629811000,-34.419787,150.449118,Anoplognathus brunnipennis,
1734631589000,-36.310153,148.783661,Anoplognathus hirsutus,
1734632760000,-36.31029,148.783604,Anoplognathus porosus,
1734639417000,-34.799037,139.001818,Anoplognathus montanus,
1734641160000,-38.286999,145.08104,Anoplognathus viriditarsis,
1734642952000,-26.8847,152.986008,Anoplognathus boisduvalii,
1734643800000,-32.992503,151.682676,Anoplognathus olivieri,Christmas Beetle
1734645682000,-34.916875,138.608003,Anoplognathus montanus,
1734647040000,-34.940457,138.740751,Anoplognathus montanus,
1734649306000,-34.915317,138.700647,Anoplognathus montanus,
1734649593000,-28.809412,153.307364,Anoplognathus porosus,
1734649706000,-37.44384,143.890854,Anoplognathus montanus,
1734684420000,-33.733824,150.924671,Anoplognathus porosus,
1734684825000,-37.030228,141.278381,Anoplognathus montanus,
1734687412000,-31.798242,152.22818,Anoplognathus porosus,
1734693089000,-32.614289,149.585202,Anoplognathus brunnipennis,
1734694177000,-29.642031,152.041389,Anoplognathus hirsutus,
1734695081000,-34.569222,150.322953,Anoplognathus brunnipennis,
1734696778000,-33.400517,148.086475,Anoplognathus pallidicollis,Christmas Beetle
1734699600000,-36.923308,149.635463,Anoplognathus brunnipennis,
1734704521000,-26.364139,152.749041,Anoplognathus porosus,
1734711720000,-34.574804,150.505574,Anoplognathus brunnipennis,
1734711733000,-33.699917,151.397351,Anoplognathus olivieri,Christmas Beetle
1734714521000,-33.801608,150.627499,Anoplognathus flavipennis,
1734716880000,-34.589699,150.510991,Anoplognathus brunnipennis,
1734724271000,-17.031083,145.395675,Anoplognathus parvulus,
1734729044000,-24.428087,145.469575,Anoplognathus vietor,
1734729893000,-27.546622,152.954597,Anoplognathus porosus,
1734730074000,-34.798425,139.001944,Anoplognathus montanus,
1734733889000,-35.266189,147.164221,Anoplognathus montanus,
1734739773000,-33.823056,150.77592,Anoplognathus brunnipennis,
1734749754000,-35.730692,150.204253,Anoplognathus viriditarsis,
1734764460000,-21.3,149.2,Anoplognathus pallidicollis,Christmas Beetle
1734764466000,-21.290152,149.156027,Anoplognathus pallidicollis,Christmas Beetle
1734772175000,-35.315163,149.150406,Anoplognathus montanus,
1734773902000,-36.928803,143.788833,Anoplognathus montanus,
1734779967000,-34.79215,150.237451,Anoplognathus porosus,
1734780000000,-30.081905,151.774562,Anoplognathus hirsutus,
1734781684000,-24.217668,151.886243,Anoplognathus porosus,
1734791980000,-36.918917,145.228378,Anoplognathus montanus,
1734795900000,-33.527799,151.345722,Anoplognathus olivieri,Christmas Beetle
1734799014000,-38.355313,145.317472,Anoplognathus brunnipennis,
1734800371000,-34.427716,150.531914,Anoplognathus brunnipennis,
1734800535000,-34.493279,150.497474,Anoplognathus brunnipennis,
1734800990000,-34.535734,150.506202,Anoplognathus brunnipennis,
1734801036000,-34.517338,150.589264,Anoplognathus brunnipennis,
1734801085000,-34.568009,150.553996,Anoplognathus brunnipennis,
1734801731000,-33.967999,151.054503,Anoplognathus porosus,
1734801808000,-34.453719,150.588444,Anoplognathus brunnipennis,
1734801935000,-33.006142,151.573526,Anoplognathus porosus,
1734802184000,-34.555212,150.41003,Anoplognathus brunnipennis,
1734802269000,-34.4707,150.577459,Anoplognathus brunnipennis,
1734804660000,-33.792854,150.617216,Anoplognathus viridiaeneus,King Christmas Beetle
1734805652000,-31.440693,152.909311,Anoplognathus olivieri,Christmas Beetle
1734810678000,-16.835208,145.636422,Anoplognathus punctulatus,
1734814794000,-30.506922,151.650836,Anoplognathus porosus,
1734815093000,-30.472814,151.635655,Anoplognathus montanus,
1734815132000,-30.472804,151.635682,Anoplognathus brunnipennis,
1734815296000,-30.472878,151.63565,Anoplognathus hirsutus,
1734816834000,-26.557337,153.08607,Anoplognathus porosus,
1734817606000,-36.89509,140.753094,Anoplognathus pallidicollis,Christmas Beetle
1734819094000,-36.434286,146.241026,Anoplognathus montanus,
1734823006000,-26.869957,152.130219,Anoplognathus montanus,
1734823559000,-31.79808,152.22818,Anoplognathus porosus,
1734825600000,-36.06522,150.130793,Anoplognathus brunnipennis,
1734846934000,-27.54378,153.075792,Anoplognathus porosus,
1734848189000,-32.82899,151.731891,Anoplognathus porosus,
1734855911000,-27.265764,152.985198,Anoplognathus porosus,
1734856560000,-26.780174,152.837246,Anoplognathus porosus,
1734860099000,-33.433747,149.383622,Anoplognathus brunnipennis,
1734860219000,-34.763742,150.379775,Anoplognathus rugosus,
1734867180000,-33.801128,150.626581,Anoplognathus porosus,
1734869643000,-34.493128,150.436625,Anoplognathus brunnipennis,
1734871020000,-33.910352,151.184012,Anoplognathus porosus,
1734871878000,-35.362053,149.140136,Anoplognathus montanus,
1734872400000,-33.78039,150.618662,Anoplognathus viriditarsis,
1734873864000,-34.687563,138.712054,Anoplognathus montanus,
1734874278000,-35.257316,138.721917,Anoplognathus montanus,
1734877974000,-35.611824,149.448252,Anoplognathus hirsutus,
1734883126000,-34.479709,150.40778,Anoplognathus brunnipennis,
1734883293000,-34.503858,150.583035,Anoplognathus brunnipennis,
1734883365000,-34.485595,150.506501,Anoplognathus brunnipennis,
1734883469000,-34.512129,150.437328,Anoplognathus brunnipennis,
1734889860000,-33.78039,150.618662,Anoplognathus flavipennis,
1734889920000,-33.78039,150.618662,Anoplognathus viriditarsis,
1734889920000,-33.78039,150.618662,Anoplognathus flavipennis,
1734898458000,-27.555083,152.819458,Anoplognathus boisduvalii,
1734898591000,-33.619492,151.071472,Anoplognathus viriditarsis,
1734899380000,-25.740331,152.8725,Anoplognathus viridiaeneus,King Christmas Beetle
1734899958000,-30.472762,151.635706,Anoplognathus rhinastus,
1734900296000,-30.472748,151.635748,Anoplognathus rhinastus,
1734902125000,-31.718601,152.793323,Anoplognathus concolor,
1734905080000,-38.1051,147.068048,Anoplognathus olivieri,Christmas Beetle
1734907669000,-34.286755,150.943145,Anoplognathus olivieri,Christmas Beetle
1734908905000,-35.761157,150.203918,Anoplognathus velutinus,
1734909420000,-35.812114,150.222502,Anoplognathus concolor,
1734909779000,-33.721475,151.295853,Anoplognathus olivieri,Christmas Beetle
1734928210000,-36.88028,149.917267,Anoplognathus olivieri,Christmas Beetle
1734947400000,-28.820932,151.994614,Anoplognathus flavipennis,
1734959333000,-33.776203,151.112801,Anoplognathus viriditarsis,
1734959460000,-38.151189,145.166778,Anoplognathus olivieri,Christmas Beetle
1734959483000,-37.98565,145.08144,Anoplognathus olivieri,Christmas Beetle
1734963431000,-33.697882,151.151818,Anoplognathus viriditarsis,
1734964183000,-33.735835,151.149013,Anoplognathus viriditarsis,
1734973753000,-35.342309,147.348306,Anoplognathus montanus,
1734982792000,-27.588768,152.758589,Anoplognathus porosus,
1734986628000,-30.472889,151.635676,Anoplognathus brunnipennis,
1734986917000,-30.47282,151.635627,Anoplognathus porosus,
1734988837000,-30.472801,151.635551,Anoplognathus hirsutus,
1734999420000,-34.967095,149.005819,Anoplognathus montanus,
1734999840000,-35.742426,149.274006,Anoplognathus suturalis,
1735027607000,-30.50896,151.596812,Anoplognathus porosus,
1735027975000,-35.531278,138.646847,Anoplognathus montanus,
1735031303000,-35.507662,147.023789,Anoplognathus montanus,
1735039020000,-34.278779,148.813465,Anoplognathus montanus,
1735040876000,-34.459258,150.438142,Anoplognathus brunnipennis,
1735041660000,-29.293272,151.729539,Anoplognathus viriditarsis,
1735041739000,-36.621315,150.02231,Anoplognathus viriditarsis,
1735046178000,-33.119546,151.535623,Anoplognathus porosus,
1735047425000,-37.476558,145.269072,Anoplognathus suturalis,
1735052360000,-35.650108,150.295411,Anoplognathus olivieri,Christmas Beetle
1735059180000,-19.746825,147.488474,Anoplognathus boisduvalii,
1735059660000,-19.746812,147.488487,Anoplognathus boisduvalii,
1735063140000,-31.050483,151.769793,Anoplognathus brunnipennis,
1735069694000,-33.959822,150.973019,Anoplognathus viriditarsis,
1735073619000,-16.801037,145.592453,Anoplognathus smaragdinus,
1735077769000,-34.853568,138.486151,Anoplognathus montanus,
1735080855000,-37.040047,140.796967,Anoplognathus montanus,
1735081572000,-37.040489,140.79712,Anoplognathus montanus,
1735119130000,-38.6744,145.789275,Anoplognathus olivieri,Christmas Beetle
1735120576000,-36.59377,145.953428,Anoplognathus montanus,
1735121940000,-33.479103,150.172303,Anoplognathus brunnipennis,
1735124207000,-35.401797,149.199067,Anoplognathus brunnipennis,
1735129838000,-33.499962,150.162553,Anoplognathus brunnipennis,
1735130870000,-35.257353,149.450827,Anoplognathus brunnipennis,
1735137832000,-35.505126,150.391519,Anoplognathus olivieri,Christmas Beetle
1735139883000,-33.653967,151.141128,Anoplognathus porosus,
1735157160000,-27.460274,152.031887,Anoplognathus boisduvalii,
1735157340000,-33.436633,149.109603,Anoplognathus brunnipennis,
1735158334000,-27.937489,151.189612,Anoplognathus boisduvalii,
1735158760000,-34.799455,139.001515,Anoplognathus montanus,
1735158836000,-34.799483,139.001478,Anoplognathus montanus,
1735160220000,-35.812114,150.222502,Anoplognathus viriditarsis,
1735162020000,-27.648029,152.363929,Anoplognathus boisduvalii,
1735163445000,-34.911717,138.564788,Anoplognathus montanus,
1735163445000,-34.911717,138.564788,Anoplognathus montanus,
1735164360000,-27.648029,152.363929,Anoplognathus porosus,
1735164392000,-26.362949,152.748438,Anoplognathus boisduvalii,
1735165260000,-33.569135,150.625289,Anoplognathus flavipennis,
1735165980000,-30.696067,152.96366,Anoplognathus brunnipennis,
1735166710000,-38.025844,146.162078,Anoplognathus suturalis,
1735197900000,-30.2,153.1,Anoplognathus porosus,
1735200025000,-35.035375,150.667135,Anoplognathus olivieri,Christmas Beetle
1735200758000,-33.468501,149.770178,Anoplognathus montanus,
1735201620000,-27.929422,153.182408,Anoplognathus porosus,
1735203003000,-38.20302,145.235159,Anoplognathus olivieri,Christmas Beetle
1735205580000,-33.699187,150.571113,Anoplognathus viridiaeneus,King Christmas Beetle
1735205582000,-34.052033,150.998887,Anoplognathus olivieri,Christmas Beetle
1735207380000,-29.77017,151.080193,Anoplognathus porosus,
1735212540000,-17.286131,145.634821,Anoplognathus daemeli,
1735215180000,-17.286131,145.634821,Anoplognathus boisduvalii,
1735215180000,-17.286131,145.634821,Anoplognathus abnormis,
1735220880000,-33.731877,151.161047,Anoplognathus viriditarsis,
1735221000000,-33.612816,151.059485,Anoplognathus viriditarsis,
1735221120000,-33.612569,151.033189,Anoplognathus viriditarsis,
1735230114000,-33.364366,151.288714,Anoplognathus olivieri,Christmas Beetle
1735237366000,-34.355065,150.494301,Anoplognathus brunnipennis,
1735240634000,-33.135422,149.893892,Anoplognathus flavipennis,
1735241615000,-27.130438,153.0914,Anoplognathus porosus,
1735242158000,-35.174619,138.701758,Anoplognathus montanus,
1735242488000,-17.031086,145.395845,Anoplognathus parvulus,
1735242790000,-33.795158,151.055722,Anoplognathus viriditarsis,
1735243020000,-24.87783,152.373253,Anoplognathus boisduvalii,
1735244970000,-26.633761,150.796664,Anoplognathus porosus,
1735245996000,-30.472838,151.635722,Anoplognathus hirsutus,
1735246440000,-27.444471,152.158483,Anoplognathus boisduvalii,
1735246620000,-27.444471,152.158483,Anoplognathus concolor,
1735246958000,-30.472803,151.635685,Anoplognathus brunnipennis,
1735247709000,-30.472847,151.635742,Anoplognathus brunnipennis,
1735278217000,-31.542165,152.854273,Anoplognathus viridiaeneus,King Christmas Beetle
1735289233000,-39.028769,146.318695,Anoplognathus olivieri,Christmas Beetle
1735290935000,-38.48987,145.203828,Anoplognathus olivieri,Christmas Beetle
1735293094000,-34.936722,150.554353,Anoplognathus brunnipennis,
1735293613000,-24.767193,152.41117,Anoplognathus porosus,
1735295735000,-33.669972,151.161086,Anoplognathus viridiaeneus,King Christmas Beetle
1735307246000,-33.68315,151.108109,Anoplognathus viriditarsis,
1735311029000,-36.94278,145.212783,Anoplognathus montanus,
1735320955000,-35.203034,149.210791,Anoplognathus brunnipennis,
1735321200000,-30.558072,151.671615,Anoplognathus brunnipennis,
1735322013000,-33.891291,148.163823,Anoplognathus montanus,
1735331644000,-34.805401,149.195418,Anoplognathus brunnipennis,
1735332417000,-30.472851,151.635733,Anoplognathus brunnipennis,
1735332466000,-30.472775,151.635683,Anoplognathus hirsutus,
1735335180000,-28.565597,151.891839,Anoplognathus flavipennis,
1735355222000,-34.438781,148.716233,Anoplognathus montanus,
1735369680000,-27.081784,153.202361,Anoplognathus boisduvalii,
1735370469000,-34.818313,150.558754,Anoplognathus brunnipennis,
1735380480000,-34.079061,151.055003,Anoplognathus olivieri,Christmas Beetle
1735383377000,-33.434487,149.376944,Anoplognathus montanus,
1735387674000,-35.705294,150.248757,Anoplognathus olivieri,Christmas Beetle
1735387778000,-33.929887,150.980837,Anoplognathus porosus,
1735390767000,-35.840958,150.172775,Anoplognathus olivieri,Christmas Beetle
1735408592000,-29.726147,151.791019,Anoplognathus hirsutus,
1735409293000,-26.856747,152.137014,Anoplognathus boisduvalii,
1735417280000,-26.213658,152.626738,Anoplognathus porosus,
1735419811000,-30.472825,151.635683,Anoplognathus hirsutus,
1735419908000,-30.472844,151.6357,Anoplognathus porosus,
1735420359000,-30.472801,151.635684,Anoplognathus brunnipennis,
1735420425000,-30.472798,151.635659,Anoplognathus viriditarsis,
1735420440000,-35.812114,150.222502,Anoplognathus porosus,
1735421258000,-35.404574,150.427857,Anoplognathus olivieri,Christmas Beetle
1735421974000,-30.472801,151.635684,Anoplognathus montanus,
1735423620000,-35.812114,150.222502,Anoplognathus viriditarsis,
1735425060000,-37.567822,149.145292,Anoplognathus porosus,
1735425734000,-30.50267,151.60055,Anoplognathus brunnipennis,
1735427930000,-25.308528,152.583738,Anoplognathus boisduvalii,
1735430400000,-33.350337,151.289137,Anoplognathus viriditarsis,
1735433880000,-35.247147,149.165908,Anoplognathus montanus,
1735454280000,-34.604388,138.742355,Anoplognathus montanus,
1735457747000,-31.054112,151.144327,Anoplognathus porosus,
1735468662000,-38.281575,145.009392,Anoplognathus brunnipennis,
1735469979000,-33.240356,150.088084,Anoplognathus brunnipennis,
1735470194000,-33.540028,149.92917,Anoplognathus viriditarsis,
1735473540000,-28.827426,151.940285,Anoplognathus flavipennis,
1735476120000,-35.704443,150.221794,Anoplognathus viriditarsis,
1735480309000,-34.454303,149.460555,Anoplognathus brunnipennis,
1735486627000,-34.087397,151.018464,Anoplognathus viriditarsis,
1735487040000,-34.364793,150.337405,Anoplognathus brunnipennis,
1735487307000,-34.085625,151.022064,Anoplognathus viriditarsis,
1735502100000,-33.467311,149.069896,Anoplognathus montanus,
1735507080000,-17.004605,145.570086,Anoplognathus parvulus,
1735507380000,-30.287872,152.737134,Anoplognathus concolor,
1735512137000,-37.153224,146.241614,Anoplognathus velutinus,
1735516800000,-35.070007,139.013123,Anoplognathus montanus,
1735539660000,-25.789967,152.695737,Anoplognathus daemeli,
1735543980000,-31.531922,152.866476,Anoplognathus viridiaeneus,King Christmas Beetle
1735562578000,-33.717188,151.284928,Anoplognathus olivieri,Christmas Beetle
1735562857000,-30.082257,151.774595,Anoplognathus hirsutus,
1735563579000,-35.104069,150.547347,Anoplognathus brunnipennis,
1735563759000,-34.842576,150.426241,Anoplognathus viriditarsis,
1735563845000,-33.912053,151.269608,Anoplognathus olivieri,Christmas Beetle
1735564156000,-30.084968,151.775305,Anoplognathus hirsutus,
1735569423000,-33.272112,151.563959,Anoplognathus olivieri,Christmas Beetle
1735572925000,-33.743277,151.202307,Anoplognathus porosus,
1735575614000,-33.011133,151.162144,Anoplognathus porosus,
1735579378000,-30.437423,151.766599,Anoplognathus brunnipennis,
1735591725000,-30.514091,151.659926,Anoplognathus brunnipennis,
1735591998000,-30.481032,152.879499,Anoplognathus porosus,
1735593772000,-34.994615,138.727262,Anoplognathus montanus,
1735595734000,-34.931142,138.537125,Anoplognathus montanus,
1735597451000,-38.353628,145.207889,Anoplognathus brunnipennis,
1735600680000,-30.351273,153.081617,Anoplognathus porosus,
1735622360000,-35.388092,149.029669,Anoplognathus porosus,
1735633505000,-35.104411,150.692139,Anoplognathus rugosus,
1735634325000,-35.034714,149.216074,Anoplognathus montanus,
1735637987000,-41.776607,148.229884,Anoplognathus suturalis,
1735646460000,-29.77901,151.352116,Anoplognathus boisduvalii,
1735648369000,-37.995474,147.653132,Anoplognathus olivieri,Christmas Beetle
1735650905000,-33.419906,150.786353,Anoplognathus viriditarsis,
1735652580000,-29.278103,151.741685,Anoplognathus porosus,
1735652720000,-33.329715,149.061923,Anoplognathus porosus,
1735652760000,-29.278103,151.741685,Anoplognathus brunnipennis,
1735657925000,-27.726328,152.920442,Anoplognathus pallidicollis,Christmas Beetle
1735659855000,-29.726619,151.611519,Anoplognathus hirsutus,
1735661005000,-33.328475,151.083083,Anoplognathus viridiaeneus,King Christmas Beetle
1735664931000,-25.219113,153.255708,Anoplognathus boisduvalii,
1735673790000,-26.390883,152.673382,Anoplognathus boisduvalii,
1735676197000,-26.915739,152.760056,Anoplognathus boisduvalii,
1735679237000,-33.432842,149.382391,Anoplognathus montanus,
1735679516000,-34.191372,150.982005,Anoplognathus olivieri,Christmas Beetle
1735679750000,-33.41,151.44,Anoplognathus concolor,
1735679760000,-26.087907,152.786746,Anoplognathus concolor,
1735681247000,-34.191372,150.982005,Anoplognathus porosus,
1735683401000,-33.752119,151.137743,Anoplognathus viriditarsis,
1735683515000,-33.760995,151.043331,Anoplognathus viriditarsis,
1735683619000,-33.714631,151.148892,Anoplognathus viriditarsis,
1735684740000,-36.701349,144.334205,Anoplognathus montanus,
1735687509000,-32.092262,152.445961,Anoplognathus porosus,
1735688129000,-31.18661,152.971555,Anoplognathus olivieri,Christmas Beetle
1735722519000,-34.590653,150.778577,Anoplognathus viriditarsis,
1735722838000,-31.295303,138.591715,Anoplognathus macleayi,
1735743437000,-29.726486,151.611844,Anoplognathus porosus,
1735747186000,-30.403108,152.346234,Anoplognathus montanus,
1735750339000,-33.664173,151.120278,Anoplognathus viriditarsis,
1735761014000,-27.55492,152.819305,Anoplognathus boisduvalii,
1735762800000,-28.171861,153.077417,Anoplognathus pallidicollis,Christmas Beetle
1735765980000,-28.189495,153.299538,Anoplognathus porosus,
1735773180000,-35.381518,149.095986,Anoplognathus brunnipennis,
1735794900000,-27.647953,151.950638,Anoplognathus porosus,
1735799700000,-34.423826,150.510912,Anoplognathus porosus,
1735809360000,-28.82079,151.99499,Anoplognathus porosus,
1735826811000,-34.808859,150.53014,Anoplognathus brunnipennis,
1735827049000,-33.456845,151.39322,Anoplognathus viridiaeneus,King Christmas Beetle
1735830577000,-30.533237,152.032928,Anoplognathus porosus,
1735835693000,-30.608703,152.988518,Anoplognathus viriditarsis,
1735848720000,-26.172955,152.738209,Anoplognathus pallidicollis,Christmas Beetle
1735851180000,-26.172962,152.73819,Anoplognathus boisduvalii,
1735855020000,-29.773594,153.29088,Anoplognathus olivieri,Christmas Beetle
1735867860000,-35.38129,149.029155,Anoplognathus montanus,
1735891695000,-27.8918,153.225373,Anoplognathus pallidicollis,Christmas Beetle
1735897048000,-34.195197,146.3797,Anoplognathus pallidicollis,Christmas Beetle
1735917840000,-33.075125,149.650351,Anoplognathus brunnipennis,
1735919620000,-36.248489,142.393845,Anoplognathus montanus,
1735920060000,-33.441401,150.621777,Anoplognathus porosus,
1735925002000,-34.132019,150.49237,Anoplognathus viriditarsis,
1735925103000,-34.131683,150.49333,Anoplognathus viriditarsis,
1735929991000,-36.670228,149.85553,Anoplognathus brunnipennis,
1735936028000,-26.660142,150.194913,Anoplognathus boisduvalii,
1735938018000,-26.660031,150.194911,Anoplognathus boisduvalii,
1735940086000,-33.433827,149.383618,Anoplognathus porosus,
1735948800000,-32.881191,151.305938,Anoplognathus porosus,
1735972304000,-33.27297,151.332475,Anoplognathus viriditarsis,
1735974803000,-33.318785,151.368582,Anoplognathus porosus,
1735984500000,-30.60375,151.304607,Anoplognathus porosus,
1735997168000,-35.355938,149.030792,Anoplognathus brunnipennis,
1735998318000,-35.136814,150.725617,Anoplognathus viriditarsis,
1736001003000,-32.93836,151.79867,Anoplognathus flavipennis,
1736013513000,-33.640465,151.132312,Anoplognathus viriditarsis,
1736013755000,-33.790807,151.122385,Anoplognathus viriditarsis,
1736021992000,-28.041714,152.630868,Anoplognathus flavipennis,
1736023794000,-34.940181,149.012993,Anoplognathus brunnipennis,
1736033784000,-37.066395,144.35068,Anoplognathus montanus,
1736043780000,-38.354376,146.387945,Anoplognathus viriditarsis,
1736048460000,-38.354376,146.387945,Anoplognathus viriditarsis,
1736076300000,-21.133538,148.527382,Anoplognathus concolor,
1736086273000,-35.758605,150.211383,Anoplognathus viriditarsis,
1736099133000,-28.716499,151.904916,Anoplognathus porosus,
1736104140000,-33.286944,151.366209,Anoplognathus viriditarsis,
1736105361000,-25.218785,153.255975,Anoplognathus boisduvalii,
1736107797000,-27.272975,152.054336,Anoplognathus pallidicollis,Christmas Beetle
1736113020000,-38.182597,145.119396,Anoplognathus olivieri,Christmas Beetle
1736146380000,-25.4749,153.058839,Anoplognathus multiseriatus,
1736147022000,-24.877546,152.31975,Anoplognathus boisduvalii,
1736158020000,-39.023757,146.304863,Anoplognathus brunnipennis,
1736159220000,-35.254995,149.149498,Anoplognathus brunnipennis,
1736161260000,-35.142741,138.658158,Anoplognathus montanus,
1736165868000,-36.796347,149.945725,Anoplognathus brunnipennis,
1736179227000,-36.395653,150.068042,Anoplognathus brunnipennis,
1736185315000,-33.656999,151.130225,Anoplognathus porosus,
1736188252000,-34.0296,151.056318,Anoplognathus porosus,
1736192003000,-27.266813,152.35257,Anoplognathus boisduvalii,
1736193605000,-21.197873,148.415194,Anoplognathus parvulus,
1736198978000,-33.616926,151.175011,Anoplognathus porosus,
1736199600000,-29.859915,153.263157,Anoplognathus olivieri,Christmas Beetle
1736208000000,-35.176057,149.729792,Anoplognathus montanus,
1736240239000,-36.470103,146.382734,Anoplognathus pallidicollis,Christmas Beetle
1736243352000,-35.169358,147.367158,Anoplognathus montanus,
1736249501000,-34.04707,150.690249,Anoplognathus porosus,
1736258620000,-33.841244,151.197627,Anoplognathus pallidicollis,Christmas Beetle
1736269259000,-31.836922,148.748672,Anoplognathus montanus,
1736274378000,-33.732016,151.07237,Anoplognathus viriditarsis,
1736279732000,-27.820646,152.980628,Anoplognathus pallidicollis,Christmas Beetle
1736293800000,-35.239288,148.957857,Anoplognathus brunnipennis,
1736329920000,-25.217719,153.255507,Anoplognathus olivieri,Christmas Beetle
1736331019000,-36.182741,142.46457,Anoplognathus montanus,
1736332554000,-36.410789,150.065133,Anoplognathus brunnipennis,
1736347350000,-25.932616,153.188148,Anoplognathus viridiaeneus,King Christmas Beetle
1736347740000,-21.13372,148.528685,Anoplognathus boisduvalii,
1736349368000,-33.709699,151.012714,Anoplognathus porosus,
1736349494000,-33.613536,151.010334,Anoplognathus porosus,
1736361016000,-35.34288,149.736512,Anoplognathus brunnipennis,
1736369911000,-16.835207,145.636414,Anoplognathus punctulatus,
1736414560000,-35.01673,150.61003,Anoplognathus porosus,
1736417400000,-25.789452,152.69567,Anoplognathus viridiaeneus,King Christmas Beetle
1736431322000,-36.302172,150.129272,Anoplognathus brunnipennis,
1736431807000,-34.702233,150.402405,Anoplognathus viriditarsis,
1736434560000,-38.848727,146.191191,Anoplognathus olivieri,Christmas Beetle
1736437711000,-36.350887,148.5195,Anoplognathus suturalis,
1736440068000,-30.309724,151.662822,Anoplognathus flavipennis,
1736446133000,-33.698056,150.639506,Anoplognathus viriditarsis,
1736463120000,-35.267718,149.073991,Anoplognathus montanus,
1736463300000,-37.279131,145.365511,Anoplognathus montanus,
1736495142000,-37.247005,144.755097,Anoplognathus suturalis,
1736495229000,-30.798531,152.990319,Anoplognathus olivieri,Christmas Beetle
1736497810000,-33.794808,151.372104,Anoplognathus viriditarsis,
1736523455000,-33.641717,151.277267,Anoplognathus viriditarsis,
1736523480000,-38.327408,144.281476,Anoplognathus suturalis,
1736525640000,-27.430715,152.815052,Anoplognathus porosus,
1736533850000,-33.699585,151.098531,Anoplognathus viriditarsis,
1736536827000,-33.773534,151.130713,Anoplognathus viriditarsis,
1736540785000,-27.096943,152.369863,Anoplognathus boisduvalii,
1736543064000,-33.6633,151.3117,Anoplognathus olivieri,Christmas Beetle
1736548860000,-16.180056,145.408756,Anoplognathus punctulatus,
1736585998000,-34.977424,138.851774,Anoplognathus montanus,
1736593764000,-38.134974,145.26647,Anoplognathus suturalis,
1736597431000,-29.870458,150.601397,Anoplognathus boisduvalii,
1736598623000,-32.309137,148.517825,Anoplognathus montanus,
1736605471000,-35.558425,138.608703,Anoplognathus montanus,
1736615021000,-34.467133,150.361856,Anoplognathus brunnipennis,
1736621082000,-33.657484,151.024523,Anoplognathus porosus,
1736623476000,-27.37589,153.439628,Anoplognathus boisduvalii,
1736654088000,-36.142948,148.482346,Anoplognathus suturalis,
1736669111000,-38.17055,145.132453,Anoplognathus olivieri,Christmas Beetle
1736694942000,-33.698045,150.639501,Anoplognathus viriditarsis,
1736695440000,-34.190031,150.985053,Anoplognathus viriditarsis,
1736698380000,-34.315345,150.608912,Anoplognathus viriditarsis,
1736699359000,-33.109794,151.412308,Anoplognathus viriditarsis,
1736702940000,-34.682759,150.055826,Anoplognathus brunnipennis,
1736757092000,-34.451837,150.453262,Anoplognathus brunnipennis,
1736759542000,-36.401597,148.606383,Anoplognathus montanus,
1736761500000,-33.61713,151.058069,Anoplognathus viriditarsis,
1736769552000,-38.090843,145.131396,Anoplognathus olivieri,Christmas Beetle
1736784960000,-34.8,148.8,Anoplognathus montanus,
1736794213000,-35.066067,150.674957,Anoplognathus brunnipennis,
1736794579000,-35.064693,150.674576,Anoplognathus viriditarsis,
1736853120000,-34.088856,151.011856,Anoplognathus viriditarsis,
1736856187000,-33.324403,149.086136,Anoplognathus hirsutus,
1736859420000,-32.268995,148.739857,Anoplognathus montanus,
1736862428000,-37.94623,145.131758,Anoplognathus olivieri,Christmas Beetle
1736864940000,-35.254995,149.149498,Anoplognathus brunnipennis,
1736877571000,-38.142149,145.15817,Anoplognathus olivieri,Christmas Beetle
1736879703000,-34.446908,150.46373,Anoplognathus porosus,
1736882939000,-27.533097,152.844497,Anoplognathus porosus,
1736884720000,-34.799037,139.001818,Anoplognathus montanus,
1736886900000,-29.859915,153.263157,Anoplognathus porosus,
1736924100000,-32.058506,151.683537,Anoplognathus porosus,
1736932020000,-33.682091,151.091319,Anoplognathus viriditarsis,
1736945488000,-30.401681,152.347238,Anoplognathus brunnipennis,
1736971020000,-28.880442,152.103465,Anoplognathus brunnipennis,
1736985060000,-35.150911,149.95648,Anoplognathus brunnipennis,
1737005220000,-28.880442,152.103465,Anoplognathus porosus,
1737014213000,-36.757015,144.302408,Anoplognathus montanus,
1737027420000,-36.669407,149.983873,Anoplognathus viriditarsis,
1737032625000,-33.322903,149.086272,Anoplognathus brunnipennis,
1737038100000,-37.922771,147.699435,Anoplognathus olivieri,Christmas Beetle
1737038377000,-33.118069,150.29982,Anoplognathus viriditarsis,
1737041078000,-33.652581,151.1301,Anoplognathus viriditarsis,
1737057953000,-27.508918,153.183294,Anoplognathus pallidicollis,Christmas Beetle
1737060425000,-27.508945,153.183299,Anoplognathus pallidicollis,Christmas Beetle
1737062697000,-30.465643,151.668323,Anoplognathus porosus,
1737075600000,-34.882183,149.34737,Anoplognathus brunnipennis,
1737100145000,-29.863989,150.578909,Anoplognathus boisduvalii,
1737142920000,-28.173194,153.078611,Anoplognathus concolor,
1737188067000,-34.20327,150.580063,Anoplognathus viriditarsis,
1737201663000,-28.82757,151.938217,Anoplognathus brunnipennis,
1737217794000,-33.167418,151.628323,Anoplognathus olivieri,Christmas Beetle
1737237547000,-35.009619,138.769964,Anoplognathus montanus,
1737248700000,-16.795948,145.593846,Anoplognathus aeneus,
1737281229000,-30.903063,151.296119,Anoplognathus porosus,
1737284040000,-35.006338,150.717624,Anoplognathus viriditarsis,
1737286560000,-33.541906,149.926337,Anoplognathus brunnipennis,
1737289243000,-33.639478,150.335719,Anoplognathus brunnipennis,
1737290760000,-33.538799,149.932206,Anoplognathus brunnipennis,
1737295140000,-30.121978,153.149481,Anoplognathus viridiaeneus,King Christmas Beetle
1737312296000,-33.94952,150.945192,Anoplognathus viriditarsis,
1737315582000,-34.799037,139.001818,Anoplognathus montanus,
1737319080000,-27.988594,153.186017,Anoplognathus concolor,
1737320520000,-27.482438,152.093535,Anoplognathus boisduvalii,
1737323820000,-33.336844,151.382955,Anoplognathus concolor,
1737372720000,-29.278103,151.741685,Anoplognathus viriditarsis,
1737373140000,-29.012991,151.962428,Anoplognathus porosus,
1737381308000,-33.325745,149.088425,Anoplognathus brunnipennis,
1737396564000,-30.528764,151.647754,Anoplognathus flavipennis,
1737403620000,-27.482409,152.093742,Anoplognathus pallidicollis,Christmas Beetle
1737414720000,-16.180312,145.408759,Anoplognathus rothschildti,
1737445960000,-26.485844,152.867751,Anoplognathus porosus,
1737456254000,-33.95637,150.972039,Anoplognathus viriditarsis,
1737466830000,-35.465963,148.90632,Anoplognathus brunnipennis,
1737466986000,-35.4661,148.906064,Anoplognathus brunnipennis,
1737488829000,-33.806564,151.216652,Anoplognathus porosus,
1737491400000,-27.823663,152.992357,Anoplognathus pallidicollis,Christmas Beetle
1737491940000,-27.482255,152.093938,Anoplognathus boisduvalii,
1737536776000,-35.076753,150.692612,Anoplognathus olivieri,Christmas Beetle
1737560225000,-38.639738,146.18483,Anoplognathus brunnipennis,
1737565756000,-33.433899,149.383675,Anoplognathus brunnipennis,
1737578380000,-26.611347,153.025923,Anoplognathus pallidicollis,Christmas Beetle
1737579184000,-35.143928,150.678453,Anoplognathus viridiaeneus,King Christmas Beetle
1737583051000,-35.724422,147.314622,Anoplognathus porosus,
1737618784000,-35.143928,150.678453,Anoplognathus viridiaeneus,King Christmas Beetle
1737630600000,-36.450842,149.831244,Anoplognathus viriditarsis,
1737640021000,-31.218245,152.0914,Anoplognathus brunnipennis,
1737643290000,-33.616055,150.937303,Anoplognathus viriditarsis,
1737647344000,-36.152391,150.100834,Anoplognathus viriditarsis,
1737657077000,-33.434017,149.383942,Anoplognathus brunnipennis,
1737657217000,-33.698248,150.639692,Anoplognathus viriditarsis,
1737662091000,-27.599652,152.723263,Anoplognathus porosus,
1737663572000,-27.55493,153.134628,Anoplognathus pallidicollis,Christmas Beetle
1737668160000,-28.000905,153.052522,Anoplognathus concolor,
1737668220000,-28.162899,153.16666,Anoplognathus porosus,
1737704305000,-36.585808,147.098503,Anoplognathus montanus,
1737735950000,-36.556033,146.709808,Anoplognathus pallidicollis,Christmas Beetle
1737736320000,-29.283938,151.754838,Anoplognathus brunnipennis,
1737738148000,-34.196294,150.974506,Anoplognathus olivieri,Christmas Beetle
1737752400000,-29.032547,153.438265,Anoplognathus olivieri,Christmas Beetle
1737794537000,-38.691954,146.118796,Anoplognathus brunnipennis,
1737795099000,-25.520425,152.6754,Anoplognathus boisduvalii,
1737802260000,-30.471513,152.881704,Anoplognathus viriditarsis,
1737811183000,-30.91099,151.29097,Anoplognathus viriditarsis,
1737819784000,-38.808992,146.002761,Anoplognathus brunnipennis,
1737829853000,-30.530928,152.035811,Anoplognathus porosus,
1737837684000,-28.186954,153.314808,Anoplognathus velutinus,
1737837922000,-30.171622,151.069289,Anoplognathus porosus,
1737838570000,-26.611346,153.025927,Anoplognathus abnormis,
1737838800000,-30.653758,152.882097,Anoplognathus viriditarsis,
1737839580000,-16.180312,145.408759,Anoplognathus aeneus,
1737840606000,-27.588625,152.75972,Anoplognathus porosus,
1737846540000,-35.777292,149.342832,Anoplognathus suturalis,
1737849420000,-28.169661,153.35937,Anoplognathus rhinastus,
1737861240000,-35.454762,149.792284,Anoplognathus viriditarsis,
1737865620000,-35.454756,149.792248,Anoplognathus suturalis,
1737880683000,-33.704072,151.187378,Anoplognathus viriditarsis,
1737897420000,-26.057932,152.881642,Anoplognathus viridiaeneus,King Christmas Beetle
1737918548000,-33.64859,150.610924,Anoplognathus viridiaeneus,King Christmas Beetle
1737922228000,-25.218823,153.256122,Anoplognathus boisduvalii,
1737922500000,-28.856711,152.153939,Anoplognathus porosus,
1737926820000,-34.327056,150.216679,Anoplognathus viriditarsis,
1737926940000,-34.327015,150.216704,Anoplognathus viriditarsis,
1737927240000,-20.371596,148.729467,Anoplognathus daemeli,
1737931404000,-34.195172,146.379745,Anoplognathus montanus,
1737936540000,-26.173015,152.738405,Anoplognathus porosus,
1737963149000,-21.086716,148.83907,Anoplognathus porosus,
1738008243000,-27.297474,152.424577,Anoplognathus boisduvalii,
1738013280000,-30.287872,152.737134,Anoplognathus concolor,
1738023480000,-37.244273,149.902801,Anoplognathus viriditarsis,
1738052165000,-34.453042,150.4487,Anoplognathus brunnipennis,
1738052305000,-34.452992,150.448958,Anoplognathus brunnipennis,
1738078320000,-17.204844,145.676869,Anoplognathus daemeli,
1738103160000,-34.436603,150.408946,Anoplognathus brunnipennis,
1738103403000,-34.68285,150.056519,Anoplognathus brunnipennis,
1738106583000,-35.708945,150.179215,Anoplognathus porosus,
1738143000000,-34.68377,150.051816,Anoplognathus brunnipennis,
1738167824000,-30.499783,152.981462,Anoplognathus rhinastus,
1738177440000,-30.475892,152.883375,Anoplognathus rhinastus,
1738181705000,-17.204755,145.679108,Anoplognathus punctulatus,
1738183604000,-17.204733,145.678925,Anoplognathus daemeli,
1738185783000,-27.532924,152.473021,Anoplognathus boisduvalii,
1738222440000,-17.20408,145.675211,Anoplognathus punctulatus,
1738226652000,-31.832156,152.636397,Anoplognathus viridiaeneus,King Christmas Beetle
1738226758000,-12.763039,143.286336,Anoplognathus parvulus,
1738227153000,-28.551453,151.948862,Anoplognathus porosus,
1738253341000,-29.725589,151.93641,Anoplognathus montanus,
1738258260000,-25.300491,152.829681,Anoplognathus pallidicollis,Christmas Beetle
1738265134000,-33.433661,149.383602,Anoplognathus brunnipennis,
1738267202000,-17.204788,145.679108,Anoplognathus abnormis,
1738271949000,-27.532972,152.473082,Anoplognathus boisduvalii,
1738353988000,-25.218821,153.255834,Anoplognathus boisduvalii,
1738356102000,-27.466268,152.576922,Anoplognathus porosus,
1738356540000,-27.773288,153.353317,Anoplognathus porosus,
1738358340000,-32.377056,152.504824,Anoplognathus porosus,
1738409809000,-34.046672,150.690522,Anoplognathus brunnipennis,
1738412108000,-33.433654,149.383557,Anoplognathus brunnipennis,
1738412108000,-33.433654,149.383557,Anoplognathus brunnipennis,
1738424280000,-34.211233,150.54532,Anoplognathus viriditarsis,
1738447740000,-33.418974,149.578215,Anoplognathus brunnipennis,
1738448861000,-37.113905,144.240233,Anoplognathus pallidicollis,Christmas Beetle
1738450111000,-36.006627,144.695762,Anoplognathus pallidicollis,Christmas Beetle
1738511417000,-36.734986,149.937275,Anoplognathus brunnipennis,
1738531320000,-29.766655,153.154748,Anoplognathus pallidicollis,Christmas Beetle
1738562100000,-36.637968,145.079993,Anoplognathus pallidicollis,Christmas Beetle
1738610302000,-38.671129,146.164518,Anoplognathus brunnipennis,
1738621405000,-37.467728,147.822968,Anoplognathus viriditarsis,
1738651804000,-17.256863,145.654633,Anoplognathus rothschildti,
1738706040000,-34.427138,150.418544,Anoplognathus porosus,
1738706640000,-29.859915,153.263157,Anoplognathus porosus,
1738743638000,-34.450997,150.45868,Anoplognathus brunnipennis,
1738757273000,-37.580153,145.364336,Anoplognathus montanus,
1738780644000,-33.433674,149.383709,Anoplognathus brunnipennis,
1738818900000,-35.410837,149.964771,Anoplognathus brunnipennis,
1738828916000,-37.866543,145.761957,Anoplognathus viriditarsis,
1738850400000,-30.511959,151.667969,Anoplognathus porosus,
1739013480000,-35.362335,149.04582,Anoplognathus porosus,
1739032041000,-35.4908,150.388595,Anoplognathus viridiaeneus,King Christmas Beetle
1739108785000,-33.433781,149.383632,Anoplognathus brunnipennis,
1739121955000,-33.771902,150.610754,Anoplognathus viriditarsis,
1739129458000,-17.204745,145.679122,Anoplognathus punctulatus,
1739137223000,-27.457152,152.532501,Anoplognathus boisduvalii,
1739175834000,-34.085799,151.010897,Anoplognathus viriditarsis,
1739222854000,-35.953314,144.399909,Anoplognathus montanus,
1739233200000,-35.151542,149.959218,Anoplognathus brunnipennis,
1739387390000,-33.536838,150.189697,Anoplognathus brunnipennis,
1739388262000,-33.532075,150.186692,Anoplognathus brunnipennis,
1739397780000,-29.505136,152.823425,Anoplognathus porosus,
1739407620000,-30.531129,152.038512,Anoplognathus brunnipennis,
1739452839000,-33.691881,150.574103,Anoplognathus porosus,
1739532881000,-30.502605,151.598788,Anoplognathus brunnipennis,
1739539680000,-29.505253,152.823503,Anoplognathus viridiaeneus,King Christmas Beetle
1739542542000,-31.417868,152.854501,Anoplognathus brunnipennis,
1739555853000,-37.749024,146.672561,Anoplognathus brunnipennis,
1739561693000,-26.611361,153.02592,Anoplognathus abnormis,
1739565619000,-26.611375,153.025946,Anoplognathus pallidicollis,Christmas Beetle
1739650380000,-30.43304,152.972021,Anoplognathus viriditarsis,
1739729944000,-36.872178,144.311887,Anoplognathus montanus,
1739737125000,-17.204758,145.679092,Anoplognathus punctulatus,
1739816099000,-25.217495,153.255705,Anoplognathus boisduvalii,
1739972940000,-17.149097,145.111103,Anoplognathus boisduvalii,
1739985304000,-25.357962,152.544192,Anoplognathus viridiaeneus,King Christmas Beetle
1740002158000,-35.698907,150.229351,Anoplognathus concolor,
1740055124000,-37.737112,140.652205,Anoplognathus olivieri,Christmas Beetle
1740061888000,-33.776389,149.558333,Anoplognathus brunnipennis,
1740087060000,-35.812114,150.222502,Anoplognathus porosus,
1740136166000,-35.579205,147.3907,Anoplognathus montanus,
1740208319000,-17.204845,145.679056,Anoplognathus punctulatus,
1740228820000,-36.663392,149.322433,Anoplognathus viriditarsis,
1740262080000,-35.812114,150.222502,Anoplognathus porosus,
1740262440000,-37.598222,141.691113,Anoplognathus pallidicollis,Christmas Beetle
1740262560000,-35.812114,150.222502,Anoplognathus porosus,
1740315975000,-30.503963,151.554717,Anoplognathus porosus,
1740426214000,-27.554955,152.81935,Anoplognathus boisduvalii,
1740514440000,-28.290111,153.098444,Anoplognathus porosus,
1740516592000,-24.420865,145.45436,Anoplognathus vietor,
1740607920000,-29.859915,153.263157,Anoplognathus porosus,
1740780028000,-17.204772,145.67908,Anoplognathus punctulatus,
1740857190000,-27.527342,152.837387,Anoplognathus porosus,
1740863584000,-32.313806,151.798172,Anoplognathus concolor,
1740910685000,-24.892266,152.308635,Anoplognathus boisduvalii,
1740946036000,-27.442285,152.93998,Anoplognathus porosus,
1741161615000,-25.339958,152.768583,Anoplognathus viridiaeneus,King Christmas Beetle
1741172825000,-30.44958,151.822617,Anoplognathus porosus,
1741248420000,-33.881691,150.604917,Anoplognathus viriditarsis,
1741284420000,-33.658653,151.091967,Anoplognathus viridiaeneus,King Christmas Beetle
1741337433000,-26.485861,152.867747,Anoplognathus pallidicollis,Christmas Beetle
1741480837000,-17.267891,145.50258,Anoplognathus porosus,
1741546266000,-33.7127,150.556687,Anoplognathus viriditarsis,
1742569980000,-33.555213,150.600749,Anoplognathus viridiaeneus,King Christmas Beetle
1742586335000,-28.848086,151.920675,Anoplognathus pallidicollis,Christmas Beetle
1742889692000,-30.475053,151.759262,Anoplognathus brunnipennis,
1743021794000,-20.713786,139.49435,Anoplognathus nebulosus,
1743279445000,-23.710064,133.728265,Anoplognathus macleayi aurora,
1743292800000,-12.615259,141.895942,Anoplognathus nebulosus,
1743857496000,-34.38202,150.137986,Anoplognathus viriditarsis,
1743875880000,-30.500553,151.647522,Anoplognathus brunnipennis,
1744029527000,-38.642969,146.370217,Anoplognathus brunnipennis,
1744066961000,-33.108029,148.052438,Anoplognathus montanus,
1744420412000,-29.864051,150.578913,Anoplognathus porosus,
1744541475000,-33.658176,148.728544,Anoplognathus montanus,
1744544349000,-33.750429,148.771954,Anoplognathus montanus,
1744939053000,-26.004125,151.925787,Anoplognathus brunnipennis,
1745058680000,-37.512366,146.608827,Anoplognathus montanus,
1745593741000,-33.662358,151.267137,Anoplognathus viridiaeneus,King Christmas Beetle
1745912229000,-33.695268,151.091563,Anoplognathus viriditarsis,
1747334359000,-27.430953,151.904647,Anoplognathus porosus,
1748888897000,-28.840615,151.953604,Anoplognathus brunnipennis,
1750883831000,-15.259876,145.286148,Anoplognathus smaragdinus,
1751118893000,-38.236897,145.180498,Anoplognathus brunnipennis,
1751804480000,-33.656083,151.31668,Anoplognathus porosus,
1756044120000,-33.66542,151.260392,Anoplognathus viridiaeneus,King Christmas Beetle
1756127678000,-33.32337,149.091614,Anoplognathus brunnipennis,
1756899479000,-38.091803,145.182767,Anoplognathus olivieri,Christmas Beetle
1756986618000,-27.671422,153.078645,Anoplognathus velutinus,
1757965200000,-35.1,138.7,Anoplognathus montanus,
1758318360000,-12.633313,143.24337,Anoplognathus brevicollis,
1758370811000,-35.184487,147.7744,Anoplognathus montanus,
1758709469000,-34.916142,138.540122,Anoplognathus velutinus,
1758814373000,-33.556428,150.723345,Anoplognathus porosus,
1758826456000,-30.240875,153.095621,Anoplognathus velutinus,
1758964457000,-30.438658,153.023986,Anoplognathus velutinus,
1759060380000,-23.137981,149.648438,Anoplognathus pallidicollis,Christmas Beetle
1759134565000,-33.69978,150.95237,Anoplognathus velutinus,
1759397841000,-27.527856,152.257124,Anoplognathus pallidicollis,Christmas Beetle
1759570200000,-37.659964,144.449495,Anoplognathus velutinus,
1759743074000,-33.897187,151.213958,Anoplognathus velutinus,
1759778700000,-28.171583,153.077028,Anoplognathus concolor,
1760164260000,-27.602856,153.065468,Anoplognathus pallidicollis,Christmas Beetle
1760211377000,-25.218812,153.256109,Anoplognathus olivieri,Christmas Beetle
1760215676000,-25.218972,153.255965,Anoplognathus olivieri,Christmas Beetle
1760292368000,-34.859658,138.725356,Anoplognathus velutinus,
1760296717000,-27.779657,152.841606,Anoplognathus porosus,
1760302200000,-28.323132,153.524929,Anoplognathus olivieri,Christmas Beetle
1760335916000,-34.06695,150.817347,Anoplognathus porosus,
1760354847000,-28.261472,153.57553,Anoplognathus porosus,
1760469000000,-27.498762,152.956782,Anoplognathus pallidicollis,Christmas Beetle
1760541306000,-27.074231,153.097433,Anoplognathus pallidicollis,Christmas Beetle
1760558638000,-26.611357,153.025899,Anoplognathus prasinus,
1760558653000,-26.611375,153.025949,Anoplognathus pallidicollis,Christmas Beetle
1760644351000,-25.903722,153.089906,Anoplognathus olivieri,Christmas Beetle
1760681765000,-27.408947,152.957074,Anoplognathus pallidicollis,Christmas Beetle
1760724361000,-25.599175,153.091567,Anoplognathus olivieri,Christmas Beetle
1760730425000,-26.605822,153.089144,Anoplognathus pallidicollis,Christmas Beetle
1760784974000,-25.908317,153.004539,Anoplognathus olivieri,Christmas Beetle
1760798463000,-35.014196,138.417171,Anoplognathus velutinus,
1760816070000,-26.561867,152.905122,Anoplognathus prasinus,
1760819878000,-28.166619,153.378478,Anoplognathus concolor,
1760869200000,-27.068554,153.203909,Anoplognathus olivieri,Christmas Beetle
1760883300000,-34.728794,147.636326,Anoplognathus montanus,
1760899462000,-28.198067,153.187663,Anoplognathus concolor,
1760902150000,-27.691452,153.091683,Anoplognathus pallidicollis,Christmas Beetle
1760908800000,-33.731454,151.287047,Anoplognathus concolor,
1760909819000,-35.542202,138.617966,Anoplognathus velutinus,
1760915340000,-27.989904,153.18545,Anoplognathus concolor,
1760918400000,-26.677882,152.677518,Anoplognathus abnormis,
1760978188000,-34.918461,138.535561,Anoplognathus velutinus,
1760987880000,-27.49877,152.956779,Anoplognathus pallidicollis,Christmas Beetle
1760996040000,-27.70084,153.081873,Anoplognathus porosus,
1761013620000,-25.239823,153.132524,Anoplognathus olivieri,Christmas Beetle
1761034770000,-32.985611,151.719737,Anoplognathus porosus,
1761046969000,-32.226197,152.454225,Anoplognathus viriditarsis,
1761079866000,-27.489462,153.077531,Anoplognathus pallidicollis,Christmas Beetle
1761087915000,-33.792728,151.017374,Anoplognathus velutinus,
1761092439000,-37.812116,145.228923,Anoplognathus velutinus,
1761136078000,-27.442285,152.93998,Anoplognathus concolor,
1761160053000,-27.554992,152.81935,Anoplognathus pallidicollis,Christmas Beetle
1761204448000,-27.621562,153.237995,Anoplognathus porosus,
1761249300000,-27.238758,152.810375,Anoplognathus porosus,
1761290580000,-27.238568,152.810353,Anoplognathus concolor,
1761295384000,-25.893126,153.104136,Anoplognathus olivieri,Christmas Beetle
1761318900000,-37.796047,145.133396,Anoplognathus velutinus,
1761318900000,-37.796047,145.133396,Anoplognathus velutinus,
1761322066000,-37.79613,145.134186,Anoplognathus velutinus,
1761333960000,-28.143582,153.323002,Anoplognathus pallidicollis,Christmas Beetle
1761335580000,-30.432933,152.971897,Anoplognathus porosus,
1761335731000,-27.145811,152.939133,Anoplognathus pallidicollis,Christmas Beetle
1761337200000,-29.770503,153.155147,Anoplognathus velutinus,
1761340785000,-33.830087,151.072967,Anoplognathus porosus,
1761342218000,-37.762078,145.184294,Anoplognathus velutinus,
1761344220000,-29.119514,153.462393,Anoplognathus olivieri,Christmas Beetle
1761345240000,-29.128725,153.481325,Anoplognathus pallidicollis,Christmas Beetle
1761372938000,-27.430958,153.537017,Anoplognathus olivieri,Christmas Beetle
1761382827000,-33.781211,151.244645,Anoplognathus concolor,
1761396784000,-33.614803,151.190224,Anoplognathus concolor,
1761420060000,-28.075249,153.264627,Anoplognathus pallidicollis,Christmas Beetle
1761422400000,-30.241135,153.095143,Anoplognathus concolor,
1761422541000,-26.677654,153.03645,Anoplognathus prasinus,
1761424200000,-29.770503,153.155147,Anoplognathus velutinus,
1761424500000,-37.85387,145.058199,Anoplognathus velutinus,
1761432255000,-27.781439,153.009019,Anoplognathus pallidicollis,Christmas Beetle
1761432360000,-29.09691,153.463004,Anoplognathus olivieri,Christmas Beetle
1761436440000,-27.238598,152.810344,Anoplognathus concolor,
1761439506000,-33.912436,151.186153,Anoplognathus porosus,
1761442320000,-25.218647,153.255978,Anoplognathus olivieri,Christmas Beetle
1761470005000,-34.914103,138.554003,Anoplognathus velutinus,
1761487822000,-34.881698,147.498608,Anoplognathus montanus,
1761504129000,-25.218832,153.255979,Anoplognathus olivieri,Christmas Beetle
1761515680000,-28.862541,153.585827,Anoplognathus olivieri,Christmas Beetle
1761515940000,-29.034567,153.461246,Anoplognathus olivieri,Christmas Beetle
1761519480000,-29.131345,153.432815,Anoplognathus olivieri,Christmas Beetle
1761554820000,-28.820435,153.333771,Anoplognathus concolor,
1761570652000,-34.42133,150.876004,Anoplognathus concolor,
1761594060000,-29.952994,153.133084,Anoplognathus prasinus,
1761594060000,-29.952994,153.133084,Anoplognathus prasinus,
1761596797000,-27.769993,153.245774,Anoplognathus porosus,
1761597957000,-27.49813,153.004653,Anoplognathus montanus,
1761598080000,-26.823899,152.92058,Anoplognathus concolor,
1761599280000,-29.06859,153.586113,Anoplognathus olivieri,Christmas Beetle
1761599340000,-29.08611,153.497663,Anoplognathus olivieri,Christmas Beetle
1761600240000,-27.842019,153.293171,Anoplognathus prasinus,
1761660374000,-37.355675,145.752998,Anoplognathus velutinus,
1761726195000,-25.218792,153.256099,Anoplognathus olivieri,Christmas Beetle
1761766980000,-16.179847,145.408759,Anoplognathus punctulatus,
1761851112000,-27.392296,152.859036,Anoplognathus pallidicollis,Christmas Beetle
1761865377000,-33.897686,151.173265,Anoplognathus porosus,
1761947820000,-16.179847,145.408759,Anoplognathus rothschildti,
1761968460000,-34.94855,138.66862,Anoplognathus velutinus,
1761988257000,-33.861408,150.868225,Anoplognathus viriditarsis,
1761992567000,-34.889495,138.629374,Anoplognathus velutinus,
1762000324000,-26.485947,152.867256,Anoplognathus abnormis,
1762010622000,-21.074561,148.536562,Anoplognathus abnormis,
1762012200000,-26.485888,152.867757,Anoplognathus pallidicollis,Christmas Beetle
1762017300000,-27.04035,153.13217,Anoplognathus porosus,
1762023958000,-28.166658,153.378433,Anoplognathus prasinus,
1762041600000,-26.323836,152.824488,Anoplognathus porosus,
1762069158000,-27.665847,153.193467,Anoplognathus porosus,
1762069158000,-27.665847,153.193467,Anoplognathus porosus,
1762079389000,-33.839688,151.222093,Anoplognathus concolor,
1762080108000,-33.767377,150.621963,Anoplognathus porosus,
1762089311000,-33.342958,151.3698,Anoplognathus porosus,
1762091781000,-33.791933,151.262458,Anoplognathus pallidicollis,Christmas Beetle
1762093113000,-33.495425,151.232222,Anoplognathus concolor,
1762168432000,-26.486382,152.868181,Anoplognathus porosus,
1762188115000,-32.764096,151.527655,Anoplognathus porosus,
1762193474000,-33.708163,151.291054,Anoplognathus concolor,
1762194131000,-37.766792,145.129822,Anoplognathus velutinus,
1762203900000,-32.41369,152.214724,Anoplognathus porosus,
1762221420000,-27.988941,153.186044,Anoplognathus concolor,
1762246395000,-28.578545,153.280214,Anoplognathus concolor,
1762280984000,-27.413512,153.026392,Anoplognathus porosus,
1762285380000,-27.390694,152.778508,Anoplognathus concolor,
1762329667000,-27.49772,153.013605,Anoplognathus porosus,
1762448357000,-24.778041,152.42187,Anoplognathus porosus,
1762455600000,-28.322172,153.301749,Anoplognathus porosus,
1762458550000,-27.527517,152.837372,Anoplognathus boisduvalii,
1762465483000,-32.885758,151.64685,Anoplognathus concolor,
1762505680000,-36.821372,146.008592,Anoplognathus montanus,
1762530121000,-17.031092,145.39595,Anoplognathus porosus,
1762544160000,-27.353857,152.904422,Anoplognathus concolor,
1762544760000,-26.482559,152.898032,Anoplognathus porosus,
1762544820000,-36.731699,149.848263,Anoplognathus concolor,
1762548490000,-37.887774,147.883899,Anoplognathus velutinus,
1762549531000,-33.659955,151.105081,Anoplognathus concolor,
1762601220000,-33.439481,151.353315,Anoplognathus porosus,
1762610660000,-31.075778,152.789027,Anoplognathus porosus,
1762630484000,-17.704456,145.08194,Anoplognathus boisduvalii,
1762634064000,-33.454295,151.4444,Anoplognathus porosus,
1762634220000,-26.482549,152.898,Anoplognathus porosus,
1762635120000,-26.482626,152.897968,Anoplognathus abnormis,
1762637509000,-24.929682,152.507647,Anoplognathus porosus,
1762637940000,-32.377056,152.504824,Anoplognathus porosus,
1762639980000,-33.650142,151.308761,Anoplognathus concolor,
1762640008000,-24.749587,152.276733,Anoplognathus porosus,
1762642677000,-28.368733,151.650335,Anoplognathus montanus,
1762669380000,-32.980384,151.701091,Anoplognathus olivieri,Christmas Beetle
1762679194000,-31.469424,152.803776,Anoplognathus porosus,
1762687508000,-33.676212,151.108125,Anoplognathus viriditarsis,
1762690685000,-33.367803,151.493562,Anoplognathus porosus,
1762701387000,-27.425178,153.004343,Anoplognathus porosus,
1762717358000,-28.16673,153.378463,Anoplognathus concolor,
1762749060000,-27.990014,153.185662,Anoplognathus concolor,
1762781220000,-33.795805,150.668512,Anoplognathus porosus,
1762785466000,-36.819962,146.407058,Anoplognathus velutinus,
1762806421000,-33.408238,151.342563,Anoplognathus porosus,
1762819200000,-33.362398,151.498986,Anoplognathus olivieri,Christmas Beetle
1762867533000,-33.551331,151.247695,Anoplognathus porosus,
1762867680000,-33.460689,151.369711,Anoplognathus porosus,
1762889780000,-26.611365,153.025953,Anoplognathus porosus,
1762895250000,-29.06915,153.343995,Anoplognathus porosus,
1762935174000,-31.448894,152.877968,Anoplognathus porosus,
1762974642000,-27.051361,153.096431,Anoplognathus olivieri,Christmas Beetle
1762975233000,-27.835995,153.362153,Anoplognathus porosus,
1762976342000,-24.851403,152.326732,Anoplognathus boisduvalii,
1762978464000,-25.218921,153.255945,Anoplognathus olivieri,Christmas Beetle
1763024810000,-33.352344,151.439411,Anoplognathus porosus,
1763038589000,-33.315747,150.86748,Anoplognathus flavipennis,
1763063220000,-26.172978,152.738422,Anoplognathus porosus,
1763067572000,-30.249411,153.047492,Anoplognathus flavipennis,
1763068229000,-26.611356,153.025958,Anoplognathus abnormis,
1763069460000,-26.172981,152.738381,Anoplognathus porosus,
1763080477000,-34.050997,151.154766,Anoplognathus olivieri,Christmas Beetle
1763097483000,-17.546338,145.694225,Anoplognathus smaragdinus,
1763118219000,-32.780741,151.643626,Anoplognathus porosus,
1763123985000,-17.432905,145.85965,Anoplognathus punctulatus,
1763131578000,-27.505396,151.958008,Anoplognathus porosus,
1763133389000,-27.574742,152.856607,Anoplognathus pallidicollis,Christmas Beetle
1763151600000,-30.347439,153.027123,Anoplognathus concolor,
1763156336000,-32.332178,152.536012,Anoplognathus porosus,
1763204664000,-33.773387,151.291356,Anoplognathus porosus,
1763229402000,-33.763728,151.265105,Anoplognathus porosus,
1763241668000,-33.447678,151.429517,Anoplognathus concolor,
1763241986000,-32.950519,151.701612,Anoplognathus porosus,
1763244958000,-37.733775,145.138686,Anoplognathus velutinus,
1763245017000,-37.733256,145.138442,Anoplognathus velutinus,
1763246648000,-33.231766,151.544222,Anoplognathus porosus,
1763280540000,-31.470307,152.991525,Anoplognathus olivieri,Christmas Beetle
1763289354000,-34.983271,138.510608,Anoplognathus montanus,
1763289405000,-34.983304,138.510569,Anoplognathus montanus,
1763303841000,-34.8494,138.603231,Anoplognathus montanus,
1763313558000,-28.326406,152.3439,Anoplognathus brunnipennis,
1763317077000,-16.089287,145.463541,Anoplognathus smaragdinus,
1763321340000,-28.034647,153.263091,Anoplognathus concolor,
1763321940000,-28.111468,153.211104,Anoplognathus pallidicollis,Christmas Beetle
1763325360000,-27.390613,152.778467,Anoplognathus concolor,
1763326980000,-33.261642,151.422313,Anoplognathus porosus,
1763331360000,-32.377056,152.504824,Anoplognathus porosus,
1763333400000,-27.989082,153.18657,Anoplognathus concolor,
1763333520000,-27.989082,153.18657,Anoplognathus concolor,
1763337060000,-27.522867,153.06032,Anoplognathus porosus,
1763408444000,-27.616203,152.88952,Anoplognathus abnormis,
1763408700000,-27.353838,152.904338,Anoplognathus concolor,
1763410025000,-29.380408,152.56151,Anoplognathus porosus,
1763410721000,-33.775314,151.131258,Anoplognathus porosus,
1763411407000,-33.800678,151.26262,Anoplognathus concolor,
1763413260000,-27.987802,153.186138,Anoplognathus concolor,
1763414531000,-33.77045,150.727747,Anoplognathus brunnipennis,
1763415833000,-33.499367,151.361755,Anoplognathus porosus,
1763418731000,-28.325375,153.402113,Anoplognathus porosus,
1763419530000,-30.348395,153.068528,Anoplognathus porosus,
1763449398000,-32.381266,149.969027,Anoplognathus montanus,
1763449738000,-33.835755,151.200058,Anoplognathus porosus,
1763487300000,-37.742763,144.976622,Anoplognathus velutinus,
1763491515000,-33.426666,151.341667,Anoplognathus flavipennis,
1763491980000,-28.095268,153.371821,Anoplognathus pallidicollis,Christmas Beetle
1763497080000,-24.255289,131.564514,Anoplognathus macleayi aurora,
1763497734000,-26.42083,152.907167,Anoplognathus pallidicollis,Christmas Beetle
1763499537000,-33.426666,151.341667,Anoplognathus porosus,
1763504110000,-33.977427,150.996934,Anoplognathus porosus,
1763504394000,-33.977442,150.996971,Anoplognathus viriditarsis,
1763506393000,-17.204752,145.679099,Anoplognathus abnormis,
1763523142000,-29.953906,153.010227,Anoplognathus porosus,
1763539980000,-33.830083,151.191492,Anoplognathus concolor,
1763548734000,-17.210798,145.689434,Anoplognathus abnormis,
1763553658000,-27.649653,151.931444,Anoplognathus porosus,
1763555680000,-28.121375,153.200028,Anoplognathus porosus,
1763579545000,-17.35915,145.4949,Anoplognathus punctulatus,
1763582046000,-36.245963,145.573578,Anoplognathus pallidicollis,Christmas Beetle
1763588137000,-33.447157,151.380795,Anoplognathus porosus,
1763593012000,-25.551384,152.677101,Anoplognathus boisduvalii,
1763629098000,-33.923601,151.253592,Anoplognathus olivieri,Christmas Beetle
1763632213000,-34.024294,151.057158,Anoplognathus concolor,
1763638963000,-35.698923,150.228882,Anoplognathus viriditarsis,
1763641825000,-37.071102,145.039472,Anoplognathus velutinus,
1763663333000,-27.518142,152.981688,Anoplognathus porosus,
1763664960000,-28.024635,153.309326,Anoplognathus pallidicollis,Christmas Beetle
1763666040000,-28.165826,153.253828,Anoplognathus porosus,
1763669820000,-16.795948,145.593846,Anoplognathus punctulatus,
1763680760000,-31.643112,152.83507,Anoplognathus olivieri,Christmas Beetle
1763715694000,-33.773586,151.283781,Anoplognathus olivieri,Christmas Beetle
1763745201000,-33.956149,151.238426,Anoplognathus olivieri,Christmas Beetle
1763746686000,-16.820689,145.634767,Anoplognathus punctulatus,
1763751787000,-32.405094,150.606336,Anoplognathus pallidicollis,Christmas Beetle
1763755048000,-32.957781,151.704144,Anoplognathus porosus,
1763756546000,-27.145905,152.939287,Anoplognathus porosus,
1763757529000,-27.50911,153.183337,Anoplognathus boisduvalii,
1763758080000,-30.287872,152.737134,Anoplognathus concolor,
1763765400000,-26.482434,152.897871,Anoplognathus abnormis,
1763809320000,-34.065078,151.011384,Anoplognathus olivieri,Christmas Beetle
1763814205000,-32.853011,151.323795,Anoplognathus porosus,
1763821211000,-25.393275,153.030822,Anoplognathus multiseriatus,
1763833138000,-32.682905,151.350028,Anoplognathus porosus,
1763840580000,-27.390638,152.778388,Anoplognathus concolor,
1763846701000,-35.390492,149.167856,Anoplognathus velutinus,
1763886301000,-35.383376,149.172364,Anoplognathus velutinus,
1763889604000,-32.632738,151.323272,Anoplognathus porosus,
1763897123000,-32.696501,151.662811,Anoplognathus viriditarsis,
1763898055000,-33.88329,151.122696,Anoplognathus porosus,
1763900100000,-27.567025,151.90209,Anoplognathus porosus,
1763901252000,-27.575217,152.394458,Anoplognathus boisduvalii,
1763924970000,-27.508184,153.116343,Anoplognathus pallidicollis,Christmas Beetle
1763928860000,-21.03908,148.590042,Anoplognathus abnormis,
1763930071000,-30.472848,151.63577,Anoplognathus hirsutus,
1763931808000,-32.305938,151.767813,Anoplognathus brunnipennis,
1763933820000,-34.331868,150.900019,Anoplognathus concolor,
1763933820000,-32.679018,151.350761,Anoplognathus porosus,
1763944513000,-34.790405,138.662142,Anoplognathus montanus,
1764004796000,-33.359622,151.483812,Anoplognathus porosus,
1764007336000,-27.378303,153.034042,Anoplognathus pallidicollis,Christmas Beetle
1764011220000,-35.28777,149.085725,Anoplognathus montanus,
1764013306000,-32.897622,151.662475,Anoplognathus porosus,
1764014775000,-27.132062,153.118889,Anoplognathus olivieri,Christmas Beetle
1764015900000,-16.358583,145.409463,Anoplognathus punctulatus,
1764016168000,-28.04122,148.575269,Anoplognathus boisduvalii,
1764018269000,-30.472861,151.635819,Anoplognathus hirsutus,
1764048420000,-29.695939,152.940033,Anoplognathus porosus,
1764057044000,-27.629392,152.95839,Anoplognathus porosus,
1764058200000,-35.19029,149.133258,Anoplognathus suturalis,
1764060781000,-33.773693,151.28418,Anoplognathus olivieri,Christmas Beetle
1764076319000,-29.055608,152.022689,Anoplognathus porosus,
1764090852000,-24.915479,152.315147,Anoplognathus boisduvalii,
1764098700000,-28.037819,153.3323,Anoplognathus pallidicollis,Christmas Beetle
1764100194000,-26.529098,152.696896,Anoplognathus boisduvalii,
1764100843000,-28.777209,153.539773,Anoplognathus olivieri,Christmas Beetle
1764101100000,-27.390677,152.77839,Anoplognathus concolor,
1764101973000,-26.341329,152.788352,Anoplognathus porosus,
1764107033000,-30.645271,152.855694,Anoplognathus porosus,
1764107384000,-33.790758,151.279244,Anoplognathus olivieri,Christmas Beetle
1764108660000,-26.82436,152.920087,Anoplognathus daemeli,
1764138206000,-33.721292,150.602592,Anoplognathus concolor,
1764141180000,-29.769132,151.243427,Anoplognathus porosus,
1764141822000,-34.350561,142.286653,Anoplognathus pallidicollis,Christmas Beetle
1764143071000,-33.757536,151.258083,Anoplognathus concolor,
1764144949000,-26.083661,152.581362,Anoplognathus porosus,
1764149760000,-26.420747,152.998383,Anoplognathus porosus,
1764149760000,-26.420647,152.998379,Anoplognathus porosus,
1764162718000,-32.985611,151.719668,Anoplognathus porosus,
1764169910000,-36.640208,149.975438,Anoplognathus brunnipennis,
1764170838000,-27.425779,151.982898,Anoplognathus flavipennis,
1764170925000,-27.425738,151.983035,Anoplognathus flavipennis,
1764176499000,-33.940788,151.2359,Anoplognathus olivieri,Christmas Beetle
1764185400000,-28.159419,153.357113,Anoplognathus porosus,
1764186720000,-27.390677,152.77839,Anoplognathus concolor,
1764188384000,-16.79838,145.54753,Anoplognathus boisduvalii,
1764190437000,-34.290047,150.943145,Anoplognathus concolor,
1764192436000,-27.485845,152.862258,Anoplognathus porosus,
1764198543000,-33.946558,150.855725,Anoplognathus viriditarsis,
1764222060000,-31.280789,149.081847,Anoplognathus pallidicollis,Christmas Beetle
1764235910000,-31.642031,152.834007,Anoplognathus boisduvalii,
1764238033000,-26.486678,152.867776,Anoplognathus pallidicollis,Christmas Beetle
1764240400000,-28.485105,153.538803,Anoplognathus porosus,
1764240432000,-28.485072,153.53885,Anoplognathus porosus,
1764245100000,-28.611855,152.372844,Anoplognathus pallidicollis,Christmas Beetle
1764265141000,-37.756053,145.048186,Anoplognathus velutinus,
1764271579000,-36.050108,150.125897,Anoplognathus viriditarsis,
1764274500000,-27.236594,152.414033,Anoplognathus boisduvalii,
1764274560000,-27.236461,152.413514,Anoplognathus boisduvalii,
1764274620000,-27.236525,152.413483,Anoplognathus boisduvalii,
1764275715000,-34.288739,150.937943,Anoplognathus concolor,
1764277934000,-26.168527,150.040607,Anoplognathus boisduvalii,
1764280075000,-33.6082,150.821915,Anoplognathus porosus,
1764280134000,-33.608324,150.821722,Anoplognathus porosus,
1764280200000,-33.838369,151.215051,Anoplognathus porosus,
1764313123000,-33.974581,151.121934,Anoplognathus olivieri,Christmas Beetle
1764313752000,-36.611113,149.591033,Anoplognathus brunnipennis,
1764313752000,-36.611113,149.591033,Anoplognathus brunnipennis,
1764320440000,-34.933525,138.504625,Anoplognathus montanus,
1764321257000,-35.292338,149.118697,Anoplognathus porosus,
1764325620000,-35.362343,149.045838,Anoplognathus brunnipennis,
1764327420000,-34.116355,150.716668,Anoplognathus brunnipennis,
1764330312000,-32.956449,151.695677,Anoplognathus porosus,
1764331226000,-33.739263,151.12732,Anoplognathus porosus,
1764331840000,-33.821883,151.200028,Anoplognathus concolor,
1764333638000,-36.756465,149.938501,Anoplognathus brunnipennis,
1764337099000,-37.908013,145.310001,Anoplognathus suturalis,
1764340800000,-37.752971,144.927134,Anoplognathus velutinus,
1764341400000,-33.434043,151.296515,Anoplognathus porosus,
1764346437000,-33.809726,150.763925,Anoplognathus pallidicollis,Christmas Beetle
1764352956000,-33.913105,151.184525,Anoplognathus porosus,
1764358800000,-32.144698,151.483012,Anoplognathus concolor,
1764359398000,-24.446048,151.784396,Anoplognathus boisduvalii,
1764361250000,-16.805008,145.724178,Anoplognathus nebulosus,
1764361275000,-16.804721,145.724142,Anoplognathus nebulosus,
1764363055000,-30.472809,151.635762,Anoplognathus hirsutus,
1764364427000,-31.050504,150.937815,Anoplognathus boisduvalii,
1764368700000,-35.254995,149.149498,Anoplognathus hirsutus,
1764377270000,-27.326341,152.85337,Anoplognathus porosus,
1764401548000,-27.341687,152.414312,Anoplognathus pallidicollis,Christmas Beetle
1764402333000,-34.975306,138.561746,Anoplognathus montanus,
1764404823000,-34.962444,150.573631,Anoplognathus brunnipennis,
1764417132000,-33.466351,151.318321,Anoplognathus porosus,
1764420198000,-25.52012,152.683822,Anoplognathus porosus,
1764429098000,-34.933967,138.55867,Anoplognathus montanus,
1764447455000,-34.046562,151.090646,Anoplognathus porosus,
1764447820000,-32.951641,151.733704,Anoplognathus concolor,
1764447840000,-33.649875,151.308656,Anoplognathus concolor,
1764448011000,-33.844341,151.127316,Anoplognathus olivieri,Christmas Beetle
1764448481000,-21.286252,148.938492,Anoplognathus parvulus,
1764448672000,-33.438053,151.383048,Anoplognathus porosus,
1764449340000,-33.649972,151.309067,Anoplognathus concolor,
1764449940000,-33.650003,151.308486,Anoplognathus olivieri,Christmas Beetle
1764450000000,-33.650139,151.308761,Anoplognathus olivieri,Christmas Beetle
1764457658000,-27.932607,152.951708,Anoplognathus porosus,
1764459540000,-33.650303,151.308394,Anoplognathus concolor,
1764492660000,-33.697822,150.577317,Anoplognathus porosus,
1764505818000,-33.766239,150.884491,Anoplognathus viriditarsis,
1764511435000,-37.048664,143.81102,Anoplognathus velutinus,
1764526307000,-25.268163,152.749787,Anoplognathus boisduvalii,
1764532397000,-17.031078,145.395828,Anoplognathus porosus,
1764551783000,-24.853355,152.477708,Anoplognathus porosus,
1764577529000,-33.553147,150.656845,Anoplognathus brunnipennis,
1764580287000,-33.773799,151.284305,Anoplognathus olivieri,Christmas Beetle
1764583993000,-33.790817,151.152847,Anoplognathus flavipennis,
1764599801000,-37.547244,144.721114,Anoplognathus montanus,
1764602939000,-33.909983,151.224994,Anoplognathus olivieri,Christmas Beetle
1764616136000,-26.693855,153.019156,Anoplognathus prasinus,
1764620100000,-27.616762,152.634491,Anoplognathus porosus,
1764633600000,-28.617815,151.956709,Anoplognathus porosus,
1764685741000,-32.644295,149.942397,Anoplognathus montanus,
1764691200000,-32.714923,152.186045,Anoplognathus olivieri,Christmas Beetle
1764693838000,-24.77807,152.421678,Anoplognathus porosus,
1764703420000,-28.327805,151.812355,Anoplognathus porosus,
1764704004000,-28.832433,151.940639,Anoplognathus porosus,
1764706058000,-28.905961,152.533261,Anoplognathus porosus,
1764707678000,-27.72002,152.402126,Anoplognathus boisduvalii,
1764709320000,-35.812114,150.222502,Anoplognathus porosus,
1764709500000,-35.812114,150.222502,Anoplognathus porosus,
1764713150000,-34.799328,139.001562,Anoplognathus velutinus,
1764713700000,-29.853067,153.263157,Anoplognathus boisduvalii,
1764715500000,-35.812114,150.222502,Anoplognathus olivieri,Christmas Beetle
1764717528000,-35.341011,149.432006,Anoplognathus hirsutus,
1764753700000,-34.20437,150.618195,Anoplognathus viriditarsis,
1764760947000,-34.035458,151.062272,Anoplognathus olivieri,Christmas Beetle
1764764685000,-32.982528,151.564103,Anoplognathus viriditarsis,
1764764685000,-32.982528,151.564103,Anoplognathus viriditarsis,
1764764901000,-37.079598,145.170197,Anoplognathus montanus,
1764799080000,-37.546405,144.722932,Anoplognathus montanus,
1764799337000,-35.855123,150.168814,Anoplognathus olivieri,Christmas Beetle
1764838124000,-32.982137,151.580842,Anoplognathus flavipennis,
1764841260000,-33.769032,149.884303,Anoplognathus suturalis,
1764918644000,-34.055467,151.037995,Anoplognathus olivieri,Christmas Beetle
1764920100000,-33.200984,151.584809,Anoplognathus porosus,
1764925800000,-28.919845,151.577407,Anoplognathus porosus,
1764926957000,-36.803568,149.7205,Anoplognathus brunnipennis,
1764928925000,-32.975303,151.646591,Anoplognathus porosus,
1764933180000,-17.425644,145.603841,Anoplognathus smaragdinus,
1764937325000,-34.022553,151.019272,Anoplognathus viriditarsis,
1764938818000,-35.900638,150.059853,Anoplognathus brunnipennis,
1764940933000,-32.737604,152.114835,Anoplognathus olivieri,Christmas Beetle
1764955857000,-31.874797,152.67575,Anoplognathus olivieri,Christmas Beetle
1764960271000,-37.82964,145.089396,Anoplognathus olivieri,Christmas Beetle
1764966360000,-26.087838,152.786419,Anoplognathus boisduvalii,
1764967020000,-26.087874,152.786736,Anoplognathus boisduvalii,
1764973920000,-17.352982,145.596128,Anoplognathus pallidicollis,Christmas Beetle
1765006117000,-16.895425,145.61197,Anoplognathus punctulatus,
1765019669000,-35.531272,149.065578,Anoplognathus brunnipennis,
1765026975000,-33.23407,151.563095,Anoplognathus olivieri,Christmas Beetle
1765028794000,-32.733647,151.624833,Anoplognathus olivieri,Christmas Beetle
1765044693000,-25.490442,152.674513,Anoplognathus montanus,
1765053000000,-30.3559,153.065222,Anoplognathus porosus,
1765053819000,-33.186509,151.031878,Anoplognathus concolor,
1765054320000,-36.854919,149.94516,Anoplognathus olivieri,Christmas Beetle
1765057200000,-33.419282,149.577501,Anoplognathus montanus,
1765058899000,-29.380558,153.074287,Anoplognathus viriditarsis,
1765090487000,-33.739624,151.209878,Anoplognathus concolor,
1765094188000,-34.027197,151.08952,Anoplognathus olivieri,Christmas Beetle
1765097847000,-30.513153,151.385085,Anoplognathus brunnipennis,
1765102448000,-31.964264,151.849981,Anoplognathus porosus,
1765104377000,-34.922312,148.168153,Anoplognathus montanus,
1765108681000,-28.220711,152.012225,Anoplognathus boisduvalii,
1765116785000,-37.964437,145.017778,Anoplognathus olivieri,Christmas Beetle
1765132218000,-38.155229,145.1267,Anoplognathus olivieri,Christmas Beetle
1765133356000,-34.125861,142.060928,Anoplognathus pallidicollis,Christmas Beetle
1765135860000,-27.49878,152.956799,Anoplognathus pallidicollis,Christmas Beetle
1765140461000,-34.263758,149.662517,Anoplognathus brunnipennis,
1765143330000,-29.457947,152.850993,Anoplognathus viridiaeneus,King Christmas Beetle
1765165145000,-35.166081,149.084472,Anoplognathus brunnipennis,
1765179546000,-35.221447,150.537462,Anoplognathus viriditarsis,
1765181534000,-35.713931,150.182439,Anoplognathus olivieri,Christmas Beetle
1765186925000,-27.368397,152.446583,Anoplognathus boisduvalii,
1765187422000,-27.424925,152.3865,Anoplognathus porosus,
1765187656000,-27.341586,152.413571,Anoplognathus boisduvalii,
1765189980000,-35.362334,149.045838,Anoplognathus brunnipennis,
1765193461000,-33.693778,151.115883,Anoplognathus porosus,
1765197811000,-33.930797,151.131028,Anoplognathus olivieri,Christmas Beetle
1765206120000,-31.862754,152.420509,Anoplognathus porosus,
1765206120000,-31.911116,152.453931,Anoplognathus porosus,
1765212525000,-33.877319,151.167992,Anoplognathus porosus,
1765213154000,-27.340154,152.413328,Anoplognathus boisduvalii,
1765220329000,-33.59852,151.056592,Anoplognathus viriditarsis,
1765223128000,-27.648308,152.78978,Anoplognathus porosus,
1765224000000,-27.082344,152.374113,Anoplognathus boisduvalii,
1765225740000,-32.848946,151.495593,Anoplognathus rhinastus,
1765226783000,-34.791213,149.62364,Anoplognathus brunnipennis,
1765227884000,-19.469147,146.939934,Anoplognathus boisduvalii,
1765228724000,-16.820697,145.634903,Anoplognathus punctulatus,
1765228980000,-37.279147,145.365285,Anoplognathus montanus,
1765229365000,-30.472843,151.635735,Anoplognathus porosus,
1765232014000,-25.243823,152.544657,Anoplognathus pallidicollis,Christmas Beetle
1765232054000,-27.604638,152.709906,Anoplognathus pallidicollis,Christmas Beetle
1765238400000,-35.386358,149.061514,Anoplognathus brunnipennis,
1765243066000,-29.618158,151.162738,Anoplognathus montanus,
1765244906000,-33.470225,150.164383,Anoplognathus brunnipennis,
1765261449000,-27.07091,150.479518,Anoplognathus boisduvalii,
1765261864000,-32.802869,151.458316,Anoplognathus porosus,
1765263756000,-32.635214,152.151842,Anoplognathus porosus,
1765265602000,-36.43981,146.361115,Anoplognathus montanus,
1765266886000,-34.223526,150.589942,Anoplognathus brunnipennis,
1765276881000,-24.446044,151.784375,Anoplognathus abnormis,
1765277760000,-35.362341,149.045834,Anoplognathus porosus,
1765280778000,-32.765728,152.113812,Anoplognathus olivieri,Christmas Beetle
1765287720000,-34.4236,150.510986,Anoplognathus brunnipennis,
1765293796000,-31.469213,152.803497,Anoplognathus porosus,
1765302944000,-27.446815,152.336075,Anoplognathus porosus,
1765304802000,-17.216363,145.931913,Anoplognathus smaragdinus,
1765305848000,-33.705384,151.081283,Anoplognathus olivieri,Christmas Beetle
1765309860000,-26.172939,152.738431,Anoplognathus boisduvalii,
1765309980000,-26.17297,152.738425,Anoplognathus porosus,
1765310100000,-27.390795,152.778163,Anoplognathus concolor,
1765310468000,-16.82978,145.635297,Anoplognathus boisduvalii,
1765314120000,-27.704202,152.866268,Anoplognathus boisduvalii,
1765314669000,-26.234976,152.632406,Anoplognathus porosus,
1765315750000,-32.2874,148.58518,Anoplognathus pallidicollis,Christmas Beetle
1765317842000,-29.460922,153.204264,Anoplognathus pallidicollis,Christmas Beetle
1765318433000,-34.568271,148.080764,Anoplognathus porosus,
1765353269000,-24.826796,152.291969,Anoplognathus porosus,
1765355909000,-25.558306,152.971123,Anoplognathus porosus,
1765356411000,-27.070716,150.478907,Anoplognathus montanus,
1765357966000,-31.057333,150.911504,Anoplognathus porosus,
1765361422000,-32.091148,152.476676,Anoplognathus porosus,
1765374395000,-36.635697,149.580262,Anoplognathus porosus,
1765386822000,-38.467897,144.103536,Anoplognathus velutinus,
1765387734000,-33.981411,151.120378,Anoplognathus olivieri,Christmas Beetle
1765389836000,-28.640659,151.933658,Anoplognathus flavipennis,
1765395600000,-29.983402,153.225098,Anoplognathus olivieri,Christmas Beetle
1765398240000,-21.226778,148.926268,Anoplognathus porosus,
1765399094000,-34.199853,150.788164,Anoplognathus porosus,
1765399878000,-36.889947,149.898238,Anoplognathus brunnipennis,
1765401451000,-33.501563,151.305908,Anoplognathus porosus,
1765401876000,-28.376646,152.490167,Anoplognathus concolor,
1765403988000,-33.828033,148.684862,Anoplognathus porosus,
1765406894000,-25.243822,152.544659,Anoplognathus boisduvalii,
1765406977000,-25.243822,152.544659,Anoplognathus porosus,
1765407600000,-34.437861,148.15397,Anoplognathus montanus,
1765430580000,-30.417197,151.821333,Anoplognathus hirsutus,
1765430640000,-30.417197,151.821333,Anoplognathus hirsutus,
1765439921000,-26.940038,152.632608,Anoplognathus porosus,
1765441298000,-35.38625,150.44977,Anoplognathus olivieri,Christmas Beetle
1765443279000,-15.928506,145.349086,Anoplognathus boisduvalii,
1765444969000,-32.764465,151.87772,Anoplognathus porosus,
1765451154000,-33.656866,151.13007,Anoplognathus viriditarsis,
1765464424000,-33.313214,151.420905,Anoplognathus concolor,
1765469215000,-37.055194,145.029578,Anoplognathus montanus,
1765472387000,-34.086678,148.392996,Anoplognathus porosus,
1765474752000,-36.807985,145.425903,Anoplognathus montanus,
1765479600000,-38.026875,145.125,Anoplognathus olivieri,Christmas Beetle
1765484789000,-25.243822,152.544659,Anoplognathus boisduvalii,
1765484835000,-25.243822,152.544659,Anoplognathus boisduvalii,
1765486121000,-17.344058,145.616143,Anoplognathus porosus,
1765486301000,-17.354517,145.583237,Anoplognathus smaragdinus,
1765486469000,-25.218966,153.255975,Anoplognathus boisduvalii,
1765488924000,-30.432738,151.727155,Anoplognathus porosus,
1765489579000,-27.68915,153.158963,Anoplognathus porosus,
1765491300000,-35.952727,149.145748,Anoplognathus brunnipennis,
1765497600000,-35.812944,145.550014,Anoplognathus montanus,
1765522320000,-34.901798,148.195404,Anoplognathus montanus,
1765528035000,-33.826082,151.126394,Anoplognathus olivieri,Christmas Beetle
1765538316000,-34.211289,149.772114,Anoplognathus brunnipennis,
1765539420000,-33.434043,151.296515,Anoplognathus olivieri,Christmas Beetle
1765562181000,-28.22385,152.017016,Anoplognathus porosus,
1765562208000,-28.22385,152.017016,Anoplognathus porosus,
1765564833000,-21.178208,149.017945,Anoplognathus porosus,
1765570381000,-28.198711,152.032463,Anoplognathus porosus,
1765571034000,-25.243825,152.544658,Anoplognathus boisduvalii,
1765571059000,-25.243825,152.544658,Anoplognathus porosus,
1765571177000,-25.243825,152.544658,Anoplognathus boisduvalii,
1765571258000,-25.243825,152.544658,Anoplognathus boisduvalii,
1765571880000,-16.60548,145.34185,Anoplognathus aeneus,
1765571940000,-16.60548,145.34185,Anoplognathus aeneus,
1765575983000,-33.435056,149.575367,Anoplognathus hirsutus,
1765579380000,-38.143972,145.177287,Anoplognathus olivieri,Christmas Beetle
1765609067000,-25.49118,152.681213,Anoplognathus porosus,
1765611274000,-38.351222,144.919205,Anoplognathus olivieri,Christmas Beetle
1765615305000,-36.701009,149.809873,Anoplognathus viriditarsis,
1765615709000,-26.141803,152.615158,Anoplognathus porosus,
1765617562000,-35.411398,149.063061,Anoplognathus brunnipennis,
1765623046000,-33.699462,151.280592,Anoplognathus porosus,
1765623522000,-33.27226,149.078158,Anoplognathus brunnipennis,
1765625792000,-36.986946,142.430239,Anoplognathus montanus,
1765636898000,-35.408008,149.1006,Anoplognathus brunnipennis,
1765641600000,-37.008959,142.306278,Anoplognathus velutinus,
1765651163000,-34.942832,138.499333,Anoplognathus montanus,
1765654380000,-27.498778,152.956781,Anoplognathus pallidicollis,Christmas Beetle
1765655460000,-27.835555,153.273085,Anoplognathus porosus,
1765656199000,-28.183751,151.946821,Anoplognathus montanus,
1765657335000,-28.183953,151.946722,Anoplognathus boisduvalii,
1765658340000,-27.390523,152.778707,Anoplognathus pallidicollis,Christmas Beetle
1765658502000,-30.472839,151.635753,Anoplognathus brunnipennis,
1765660032000,-30.528663,151.647553,Anoplognathus porosus,
1765660972000,-26.278978,152.927105,Anoplognathus viridiaeneus,King Christmas Beetle
1765663241000,-17.664329,145.361456,Anoplognathus boisduvalii,
1765663260000,-35.254995,149.149498,Anoplognathus porosus,
1765666740000,-37.806778,145.203594,Anoplognathus velutinus,
1765668044000,-38.03653,145.108092,Anoplognathus pallidicollis,Christmas Beetle
1765668139000,-30.951342,149.060363,Anoplognathus montanus,
1765675320000,-35.265875,149.07153,Anoplognathus brunnipennis,
1765704443000,-24.77798,152.387601,Anoplognathus porosus,
1765704564000,-30.335859,151.67339,Anoplognathus brunnipennis,
1765708942000,-32.171139,152.482159,Anoplognathus olivieri,Christmas Beetle
1765711266000,-33.761792,151.105215,Anoplognathus flavipennis,
1765714860000,-26.57108,148.785685,Anoplognathus boisduvalii,
1765732623000,-32.78538,149.546624,Anoplognathus brunnipennis,
1765734604000,-34.881568,147.498779,Anoplognathus montanus,
1765738401000,-34.298697,150.940583,Anoplognathus olivieri,Christmas Beetle
1765744372000,-27.5276,152.437303,Anoplognathus porosus,
1765745459000,-30.472849,151.635844,Anoplognathus hirsutus,
1765746300000,-29.708209,151.177063,Anoplognathus montanus,
1765746600000,-29.648556,151.130243,Anoplognathus montanus,
1765748035000,-27.431295,152.944612,Anoplognathus porosus,
1765751602000,-27.549085,152.025768,Anoplognathus boisduvalii,
1765757460000,-31.090728,150.850576,Anoplognathus porosus,
1765790040000,-33.326067,151.430783,Anoplognathus brunnipennis,
1765792104000,-35.285738,149.093156,Anoplognathus brunnipennis,
1765792639000,-35.292347,149.118714,Anoplognathus porosus,
1765794609000,-28.473305,152.545377,Anoplognathus porosus,
1765794933000,-32.388072,150.70105,Anoplognathus montanus,
1765800573000,-37.960041,145.023594,Anoplognathus olivieri,Christmas Beetle
1765801753000,-33.923753,151.156647,Anoplognathus olivieri,Christmas Beetle
1765802092000,-28.224454,152.017234,Anoplognathus porosus,
1765805220000,-27.737016,152.76511,Anoplognathus pallidicollis,Christmas Beetle
1765805520000,-33.650094,151.308456,Anoplognathus porosus,
1765805520000,-33.650094,151.308456,Anoplognathus porosus,
1765812093000,-27.301487,152.040874,Anoplognathus porosus,
1765812600000,-33.941495,151.240875,Anoplognathus olivieri,Christmas Beetle
1765814580000,-32.962353,151.6928,Anoplognathus porosus,
1765823940000,-35.298481,149.141759,Anoplognathus brunnipennis,
1765831591000,-28.224015,152.016934,Anoplognathus boisduvalii,
1765831602000,-28.224015,152.016934,Anoplognathus porosus,
1765831625000,-28.224015,152.016934,Anoplognathus montanus,
1765831637000,-28.224015,152.016934,Anoplognathus boisduvalii,
1765833240000,-16.179847,145.408566,Anoplognathus punctulatus,
1765871557000,-27.599943,151.982033,Anoplognathus flavipennis,
1765873961000,-33.676838,151.11815,Anoplognathus viriditarsis,
1765876002000,-37.476628,145.269133,Anoplognathus montanus,
1765876422000,-34.02383,151.059586,Anoplognathus olivieri,Christmas Beetle
1765876500000,-33.434043,151.296515,Anoplognathus flavipennis,
1765877898000,-35.293095,149.120147,Anoplognathus brunnipennis,
1765877898000,-35.293095,149.120147,Anoplognathus brunnipennis,
1765887032000,-33.829342,150.82799,Anoplognathus brunnipennis,
1765893987000,-27.671633,153.078736,Anoplognathus pallidicollis,Christmas Beetle
1765898694000,-31.610066,152.837382,Anoplognathus olivieri,Christmas Beetle
1765910400000,-34.173568,150.994261,Anoplognathus olivieri,Christmas Beetle
1765912560000,-27.058405,151.323847,Anoplognathus boisduvalii,
1765913216000,-32.684406,151.734339,Anoplognathus porosus,
1765918847000,-29.675493,152.826491,Anoplognathus porosus,
1765921511000,-33.464447,148.125289,Anoplognathus montanus,
1765921575000,-33.46443,148.125183,Anoplognathus montanus,
1765933770000,-28.22398,152.016931,Anoplognathus porosus,
1765933786000,-28.22398,152.016931,Anoplognathus porosus,
1765933804000,-28.224038,152.017013,Anoplognathus porosus,
1765933886000,-28.22404,152.017099,Anoplognathus porosus,
1765933939000,-28.22409,152.016841,Anoplognathus porosus,
1765951176000,-34.551812,150.357803,Anoplognathus brunnipennis,
1765951200000,-34.916424,138.608388,Anoplognathus montanus,
1765959006000,-33.013022,151.678483,Anoplognathus porosus,
1765960435000,-33.796921,148.697104,Anoplognathus montanus,
1765962921000,-34.007461,151.110533,Anoplognathus olivieri,Christmas Beetle
1765964626000,-34.006969,151.110744,Anoplognathus olivieri,Christmas Beetle
1765969207000,-35.285614,149.143631,Anoplognathus porosus,
1765971176000,-35.063886,148.110112,Anoplognathus montanus,
1765971600000,-35.385903,149.028833,Anoplognathus brunnipennis,
1765973940000,-35.383869,149.025053,Anoplognathus pallidicollis,Christmas Beetle
1765974780000,-35.384542,149.026153,Anoplognathus pallidicollis,Christmas Beetle
1765977543000,-38.213123,147.391552,Anoplognathus olivieri,Christmas Beetle
1765977983000,-33.570988,150.207496,Anoplognathus viriditarsis,
1765978000000,-33.570988,150.207496,Anoplognathus porosus,
1765979135000,-27.564475,152.891022,Anoplognathus porosus,
1765988794000,-34.637383,150.699203,Anoplognathus viriditarsis,
1765995884000,-34.483952,148.146126,Anoplognathus porosus,
1766004340000,-30.472856,151.635821,Anoplognathus porosus,
1766007574000,-33.875297,150.689505,Anoplognathus brunnipennis,
1766008789000,-34.915729,138.90217,Anoplognathus montanus,
1766008798000,-33.464497,148.125258,Anoplognathus pallidicollis,Christmas Beetle
1766010540000,-34.809872,150.641145,Anoplognathus brunnipennis,
1766010991000,-17.538697,145.61017,Anoplognathus smaragdinus,
1766012280000,-27.250248,152.422516,Anoplognathus boisduvalii,
1766012280000,-27.25025,152.422511,Anoplognathus boisduvalii,
1766013987000,-34.056672,151.000367,Anoplognathus olivieri,Christmas Beetle
1766016000000,-27.457198,152.401609,Anoplognathus boisduvalii,
1766016048000,-28.224001,152.01691,Anoplognathus porosus,
1766016109000,-28.223914,152.016838,Anoplognathus porosus,
1766016193000,-28.223976,152.016953,Anoplognathus porosus,
1766016225000,-28.224052,152.017001,Anoplognathus porosus,
1766016297000,-28.224056,152.016974,Anoplognathus porosus,
1766016319000,-28.224077,152.016879,Anoplognathus boisduvalii,
1766016424000,-28.224001,152.016535,Anoplognathus porosus,
1766045064000,-27.815553,152.966233,Anoplognathus pallidicollis,Christmas Beetle
1766047680000,-17.264837,145.836617,Anoplognathus smaragdinus,
1766052936000,-35.292442,149.118636,Anoplognathus montanus,
1766053465000,-35.292387,149.118656,Anoplognathus brunnipennis,
1766053506000,-35.292554,149.118658,Anoplognathus brunnipennis,
1766054449000,-35.285622,149.143631,Anoplognathus pallidicollis,Christmas Beetle
1766056904000,-36.780616,149.947668,Anoplognathus brunnipennis,
1766065072000,-34.811122,138.725708,Anoplognathus montanus,
1766066113000,-35.119518,149.695113,Anoplognathus suturalis,
1766066265000,-31.052958,153.046647,Anoplognathus olivieri,Christmas Beetle
1766076051000,-33.736113,151.274445,Anoplognathus porosus,
1766081494000,-33.773264,151.259954,Anoplognathus olivieri,Christmas Beetle
1766086777000,-33.52773,149.858522,Anoplognathus suturalis,
1766090161000,-25.243826,152.544661,Anoplognathus boisduvalii,
1766091540000,-27.353845,152.904405,Anoplognathus porosus,
1766091941000,-33.764703,151.132722,Anoplognathus viriditarsis,
1766092150000,-35.221622,149.112731,Anoplognathus suturalis,
1766092601000,-16.835234,145.636471,Anoplognathus punctulatus,
1766092860000,-35.812114,150.222502,Anoplognathus concolor,
1766092912000,-29.457613,152.851047,Anoplognathus porosus,
1766092963000,-33.434292,149.381806,Anoplognathus brunnipennis,
1766093400000,-35.812114,150.222502,Anoplognathus viriditarsis,
1766093415000,-33.723667,151.278851,Anoplognathus olivieri,Christmas Beetle
1766093484000,-33.435042,149.575372,Anoplognathus brunnipennis,
1766093760000,-37.633557,144.088684,Anoplognathus suturalis,
1766093890000,-34.289037,150.937775,Anoplognathus concolor,
1766094638000,-36.655818,145.019093,Anoplognathus pallidicollis,Christmas Beetle
1766094652000,-25.016006,152.063645,Anoplognathus porosus,
1766096489000,-34.547478,150.372178,Anoplognathus brunnipennis,
1766096489000,-34.547478,150.372178,Anoplognathus brunnipennis,
1766098437000,-36.60167,145.113481,Anoplognathus montanus,
1766098648000,-35.185333,149.101197,Anoplognathus brunnipennis,
1766103411000,-16.835227,145.636468,Anoplognathus daemeli,
1766105580000,-16.60548,145.34185,Anoplognathus aeneus,
1766111797000,-29.779508,151.135382,Anoplognathus montanus,
1766128341000,-34.991789,149.209303,Anoplognathus brunnipennis,
1766130652000,-27.335339,152.410394,Anoplognathus boisduvalii,
1766132185000,-33.961608,150.953903,Anoplognathus viriditarsis,
1766133420000,-33.945074,151.253559,Anoplognathus olivieri,Christmas Beetle
1766135015000,-35.29238,149.118653,Anoplognathus brunnipennis,
1766135062000,-35.292408,149.118683,Anoplognathus brunnipennis,
1766135386000,-33.737137,151.173095,Anoplognathus porosus,
1766137511000,-37.921238,147.702928,Anoplognathus olivieri,Christmas Beetle
1766139095000,-37.188197,145.700297,Anoplognathus montanus,
1766140800000,-35.362343,149.045833,Anoplognathus pallidicollis,Christmas Beetle
1766141460000,-35.362344,149.045832,Anoplognathus porosus,
1766147398000,-33.644783,151.317792,Anoplognathus olivieri,Christmas Beetle
1766153905000,-35.292428,149.118653,Anoplognathus pallidicollis,Christmas Beetle
1766163029000,-32.803018,151.458458,Anoplognathus porosus,
1766167301000,-38.060496,145.452606,Anoplognathus velutinus,
1766173017000,-26.334628,152.857133,Anoplognathus porosus,
1766173122000,-25.244778,152.815705,Anoplognathus porosus,
1766173530000,-16.798525,145.547517,Anoplognathus smaragdinus,
1766173548000,-16.798422,145.54747,Anoplognathus smaragdinus,
1766173565000,-16.798533,145.547517,Anoplognathus smaragdinus,
1766173641000,-16.798328,145.547455,Anoplognathus smaragdinus,
1766174353000,-17.286008,145.6285,Anoplognathus punctulatus,
1766175065000,-27.344495,152.076156,Anoplognathus boisduvalii,
1766175631000,-25.83545,152.692658,Anoplognathus porosus,
1766176980000,-16.179847,145.408566,Anoplognathus aeneus,
1766177175000,-16.90375,145.62053,Anoplognathus daemeli,
1766177640000,-27.443749,152.15864,Anoplognathus porosus,
1766178510000,-30.330328,149.784272,Anoplognathus porosus,
1766178660000,-34.301033,148.29895,Anoplognathus montanus,
1766178737000,-37.331147,145.749755,Anoplognathus montanus,
1766179500000,-27.893143,152.977854,Anoplognathus montanus,
1766179876000,-36.889945,149.89823,Anoplognathus brunnipennis,
1766181255000,-33.629466,151.334572,Anoplognathus olivieri,Christmas Beetle
1766181806000,-29.458339,152.850649,Anoplognathus concolor,
1766182984000,-29.060172,152.538719,Anoplognathus porosus,
1766186189000,-38.156608,145.122558,Anoplognathus olivieri,Christmas Beetle
1766219559000,-35.995047,146.394158,Anoplognathus montanus,
1766221009000,-34.032671,151.040963,Anoplognathus porosus,
1766221272000,-36.355737,147.009858,Anoplognathus montanus,
1766221837000,-36.862613,149.930803,Anoplognathus olivieri,Christmas Beetle
1766222548000,-30.72188,152.914851,Anoplognathus porosus,
1766223820000,-30.572947,151.608306,Anoplognathus porosus,
1766226000000,-36.974837,144.303031,Anoplognathus montanus,
1766226240000,-33.096529,151.654791,Anoplognathus olivieri,Christmas Beetle
1766226632000,-26.760431,152.965132,Anoplognathus abnormis,
1766230020000,-35.362347,149.045829,Anoplognathus brunnipennis,
1766237027000,-33.676528,150.608337,Anoplognathus viriditarsis,
1766243160000,-30.985119,151.591328,Anoplognathus brunnipennis,
1766243719000,-37.019333,145.124676,Anoplognathus montanus,
1766253315000,-27.599943,151.982034,Anoplognathus porosus,
1766255602000,-33.906972,151.20935,Anoplognathus olivieri,Christmas Beetle
1766256181000,-27.338394,152.413653,Anoplognathus boisduvalii,
1766259290000,-26.151805,152.670887,Anoplognathus pallidicollis,Christmas Beetle
1766260261000,-27.569108,152.103456,Anoplognathus boisduvalii,
1766260974000,-20.89851,148.771822,Anoplognathus aureus,
1766263757000,-27.532789,152.473165,Anoplognathus pallidicollis,Christmas Beetle
1766265248000,-25.219805,153.256159,Anoplognathus olivieri,Christmas Beetle
1766266157000,-33.637958,150.795817,Anoplognathus porosus,
1766266206000,-27.344808,152.423235,Anoplognathus boisduvalii,
1766266401000,-27.558433,151.895613,Anoplognathus pallidicollis,Christmas Beetle
1766266786000,-26.271433,151.897413,Anoplognathus porosus,
1766267331000,-26.663434,152.003576,Anoplognathus porosus,
1766268120000,-27.295731,152.728317,Anoplognathus porosus,
1766275720000,-33.792274,151.015725,Anoplognathus viriditarsis,
1766313410000,-38.142149,145.15817,Anoplognathus olivieri,Christmas Beetle
1766316080000,-30.514137,151.384095,Anoplognathus pallidicollis,Christmas Beetle
1766334960000,-34.794695,147.213988,Anoplognathus montanus,
1766346704000,-34.054051,151.0204,Anoplognathus olivieri,Christmas Beetle
1766349006000,-32.274361,151.799822,Anoplognathus concolor,
1766350779000,-26.260222,152.792205,Anoplognathus abnormis,
1766350847000,-16.835227,145.636469,Anoplognathus punctulatus,
1766351238000,-32.85537,151.815112,Anoplognathus porosus,
1766351323000,-27.778239,152.841231,Anoplognathus porosus,
1766351412000,-28.016709,153.01378,Anoplognathus boisduvalii,
1766353878000,-21.454316,149.190163,Anoplognathus parvulus,
1766356558000,-31.113425,150.909667,Anoplognathus porosus,
1766356935000,-28.22394,152.017427,Anoplognathus porosus,
1766357489000,-33.924257,151.253924,Anoplognathus olivieri,Christmas Beetle
1766385133000,-21.086811,148.839161,Anoplognathus parvulus,
1766386320000,-28.063029,151.984462,Anoplognathus boisduvalii,
1766388320000,-27.771287,153.080658,Anoplognathus boisduvalii,
1766392140000,-17.914858,145.98258,Anoplognathus smaragdinus,
1766393794000,-29.438313,153.321473,Anoplognathus porosus,
1766413950000,-26.178268,152.657074,Anoplognathus porosus,
1766415489000,-35.212587,149.07245,Anoplognathus brunnipennis,
1766415733000,-35.212517,149.07245,Anoplognathus brunnipennis,
1766423470000,-32.957698,151.703933,Anoplognathus concolor,
1766425378000,-27.376798,153.115089,Anoplognathus porosus,
1766426252000,-35.293053,149.077531,Anoplognathus brunnipennis,
1766426477000,-35.292983,149.077439,Anoplognathus brunnipennis,
1766433440000,-28.15318,153.384938,Anoplognathus porosus,
1766433780000,-26.679712,152.819149,Anoplognathus boisduvalii,
1766433810000,-25.993284,152.83881,Anoplognathus viridiaeneus,King Christmas Beetle
1766435664000,-27.341477,152.414389,Anoplognathus boisduvalii,
1766436309000,-27.341551,152.414527,Anoplognathus porosus,
1766436351000,-27.341566,152.414501,Anoplognathus porosus,
1766436881000,-30.472616,151.635543,Anoplognathus porosus,
1766438767000,-24.889814,152.301848,Anoplognathus porosus,
1766438940000,-35.812114,150.222502,Anoplognathus olivieri,Christmas Beetle
1766439035000,-27.341509,152.414442,Anoplognathus boisduvalii,
1766439154000,-27.341525,152.414424,Anoplognathus boisduvalii,
1766439363000,-27.341576,152.414433,Anoplognathus boisduvalii,
1766439735000,-27.79002,152.976792,Anoplognathus pallidicollis,Christmas Beetle
1766440039000,-25.818166,152.648894,Anoplognathus porosus,
1766463720000,-35.243385,149.036947,Anoplognathus porosus,
1766471191000,-27.341518,152.414394,Anoplognathus boisduvalii,
1766471723000,-27.341474,152.414432,Anoplognathus boisduvalii,
1766471848000,-28.224146,152.01758,Anoplognathus porosus,
1766474280000,-34.699786,150.156769,Anoplognathus brunnipennis,
1766477896000,-32.593368,149.574804,Anoplognathus porosus,
1766478153000,-34.564953,150.369812,Anoplognathus brunnipennis,
1766483133000,-33.28466,149.599962,Anoplognathus brunnipennis,
1766487360000,-35.362346,149.045838,Anoplognathus porosus,
1766488961000,-30.525706,151.650042,Anoplognathus porosus,
1766489213000,-33.834575,148.690661,Anoplognathus montanus,
1766495778000,-33.900642,151.185408,Anoplognathus porosus,
1766508485000,-34.921733,148.167633,Anoplognathus montanus,
1766508743000,-33.53229,150.683451,Anoplognathus brunnipennis,
1766511044000,-17.216741,145.918183,Anoplognathus smaragdinus,
1766515102000,-35.289817,149.083633,Anoplognathus brunnipennis,
1766518156000,-16.983542,145.442536,Anoplognathus boisduvalii,
1766519042000,-36.071785,146.965754,Anoplognathus pallidicollis,Christmas Beetle
1766519715000,-21.086923,148.839078,Anoplognathus parvulus,
1766523170000,-26.714992,152.022634,Anoplognathus boisduvalii,
1766524274000,-36.1645,144.772565,Anoplognathus montanus,
1766524609000,-17.006308,145.44438,Anoplognathus boisduvalii,
1766526326000,-32.2478,152.466018,Anoplognathus porosus,
1766526480000,-16.60548,145.34185,Anoplognathus rothschildti,
1766527200000,-26.717085,152.82335,Anoplognathus prasinus,
1766527980000,-35.812114,150.222502,Anoplognathus olivieri,Christmas Beetle
1766529382000,-28.223928,152.016978,Anoplognathus porosus,
1766530080000,-35.812114,150.222502,Anoplognathus olivieri,Christmas Beetle
1766530080000,-35.812114,150.222502,Anoplognathus porosus,
1766531818000,-30.472606,151.635561,Anoplognathus brunnipennis,
1766540720000,-34.754606,138.693082,Anoplognathus montanus,
1766548474000,-27.544828,152.092545,Anoplognathus boisduvalii,
1766561844000,-27.341545,152.414515,Anoplognathus porosus,
1766562918000,-27.341511,152.414477,Anoplognathus boisduvalii,
1766562972000,-27.341517,152.41448,Anoplognathus boisduvalii,
1766563260000,-17.37104,145.380306,Anoplognathus boisduvalii,
1766567338000,-35.365525,149.049089,Anoplognathus brunnipennis,
1766567408000,-35.2415,149.085358,Anoplognathus montanus,
1766567500000,-35.365483,149.049042,Anoplognathus porosus,
1766571538000,-33.436098,151.28531,Anoplognathus olivieri,Christmas Beetle
1766571950000,-37.175112,142.810058,Anoplognathus montanus,
1766574407000,-16.983586,145.442628,Anoplognathus boisduvalii,
1766575802000,-33.65477,151.28792,Anoplognathus flavipennis,
1766581381000,-33.769424,149.884254,Anoplognathus hirsutus,
1766582389000,-30.555329,151.527181,Anoplognathus brunnipennis,
1766596740000,-30.640614,151.765922,Anoplognathus brunnipennis,
1766596740000,-30.635274,151.770729,Anoplognathus brunnipennis,
1766596753000,-33.220378,149.097747,Anoplognathus brunnipennis,
1766599036000,-33.701441,151.302705,Anoplognathus olivieri,Christmas Beetle
1766603635000,-33.69614,151.298151,Anoplognathus concolor,
1766607829000,-26.125655,152.549287,Anoplognathus boisduvalii,
1766609017000,-19.381463,146.69203,Anoplognathus boisduvalii,
1766609460000,-30.3,149.8,Anoplognathus porosus,
1766610705000,-33.425658,151.365692,Anoplognathus olivieri,Christmas Beetle
1766611200000,-27.880171,153.264092,Anoplognathus porosus,
1766611260000,-27.924962,153.350012,Anoplognathus porosus,
1766611302000,-29.785644,153.199112,Anoplognathus flavipennis,
1766611581000,-27.558345,151.895522,Anoplognathus porosus,
1766612722000,-35.339188,149.283067,Anoplognathus velutinus,
1766612852000,-30.472596,151.635552,Anoplognathus porosus,
1766612880000,-31.180283,150.906673,Anoplognathus porosus,
1766613092000,-35.339222,149.283128,Anoplognathus brunnipennis,
1766614200000,-32.7208,152.141436,Anoplognathus olivieri,Christmas Beetle
1766616152000,-27.341529,152.414541,Anoplognathus boisduvalii,
1766618940000,-27.389447,152.778125,Anoplognathus porosus,
1766619801000,-33.656985,151.102227,Anoplognathus porosus,
1766625120000,-17.28879,145.634074,Anoplognathus porosus,
1766646288000,-35.477952,150.388602,Anoplognathus viridiaeneus,King Christmas Beetle
1766650548000,-27.558433,151.89543,Anoplognathus porosus,
1766652778000,-29.61763,152.895005,Anoplognathus porosus,
1766658000000,-32.457622,149.772278,Anoplognathus montanus,
1766665682000,-25.551384,152.677101,Anoplognathus porosus,
1766668958000,-32.785933,149.462721,Anoplognathus porosus,
1766674551000,-37.775994,145.401724,Anoplognathus suturalis,
1766675127000,-33.998665,150.878581,Anoplognathus porosus,
1766689920000,-35.318602,147.333362,Anoplognathus montanus,
1766690100000,-28.197849,153.18248,Anoplognathus concolor,
1766691721000,-27.632825,151.928222,Anoplognathus porosus,
1766691815000,-27.632867,151.928253,Anoplognathus porosus,
1766692857000,-27.67341,153.119122,Anoplognathus porosus,
1766693175000,-27.749121,153.009553,Anoplognathus flavipennis,
1766700180000,-28.193316,153.18399,Anoplognathus concolor,
1766700780000,-16.179847,145.408566,Anoplognathus aeneus,
1766700885000,-32.692947,151.649933,Anoplognathus porosus,
1766701320000,-32.730191,152.137949,Anoplognathus porosus,
1766704560000,-27.880602,153.130283,Anoplognathus pallidicollis,Christmas Beetle
1766743472000,-27.695835,153.024944,Anoplognathus porosus,
1766744910000,-28.224051,152.017456,Anoplognathus porosus,
1766749651000,-36.816508,146.406053,Anoplognathus montanus,
1766750287000,-38.363699,144.897339,Anoplognathus olivieri,Christmas Beetle
1766751660000,-34.038819,151.057547,Anoplognathus olivieri,Christmas Beetle
1766753288000,-34.791557,149.623506,Anoplognathus hirsutus,
1766757930000,-34.79456,149.623266,Anoplognathus viriditarsis,
1766761468000,-34.924145,148.165938,Anoplognathus montanus,
1766761516000,-34.924168,148.165933,Anoplognathus montanus,
1766762053000,-34.795539,149.623079,Anoplognathus pallidicollis,Christmas Beetle
1766762144000,-34.923895,148.165893,Anoplognathus montanus,
1766762920000,-34.795541,149.623041,Anoplognathus pallidicollis,Christmas Beetle
1766767915000,-34.455292,138.93318,Anoplognathus montanus,
1766777340000,-26.805167,153.139939,Anoplognathus olivieri,Christmas Beetle
1766777460000,-26.803814,153.13992,Anoplognathus olivieri,Christmas Beetle
1766777465000,-28.054658,153.118545,Anoplognathus porosus,
1766781084000,-30.42768,151.598268,Anoplognathus porosus,
1766781150000,-34.795459,149.622887,Anoplognathus montanus,
1766781735000,-33.433782,149.383678,Anoplognathus montanus,
1766786746000,-29.469947,152.78392,Anoplognathus porosus,
1766787055000,-33.770491,150.72756,Anoplognathus brunnipennis,
1766792400000,-35.261766,149.036741,Anoplognathus brunnipennis,
1766814869000,-17.061244,145.427155,Anoplognathus boisduvalii,
1766816760000,-34.045937,150.690594,Anoplognathus porosus,
1766820540000,-35.425129,149.08243,Anoplognathus brunnipennis,
1766825222000,-17.422527,145.717327,Anoplognathus rothschildti,
1766826154000,-33.096368,138.246663,Anoplognathus montanus,
1766841989000,-37.763437,145.277817,Anoplognathus suturalis,
1766856037000,-27.341516,152.414466,Anoplognathus boisduvalii,
1766856622000,-36.771818,144.339151,Anoplognathus montanus,
1766858700000,-33.240169,149.091661,Anoplognathus brunnipennis,
1766864940000,-24.010414,151.325333,Anoplognathus porosus,
1766866740000,-36.329717,147.078475,Anoplognathus viriditarsis,
1766868726000,-29.832092,152.339123,Anoplognathus porosus,
1766869257000,-36.164319,150.123703,Anoplognathus olivieri,Christmas Beetle
1766873640000,-16.795948,145.593846,Anoplognathus daemeli,
1766874189000,-27.558353,151.895395,Anoplognathus porosus,
1766874189000,-27.558354,151.89556,Anoplognathus porosus,
1766880995000,-21.438999,149.225555,Anoplognathus parvulus,
1766902844000,-27.9766,153.07642,Anoplognathus porosus,
1766912092000,-35.265094,150.5117,Anoplognathus olivieri,Christmas Beetle
1766914320000,-35.76076,148.971827,Anoplognathus suturalis,
1766915820000,-26.424575,152.905616,Anoplognathus porosus,
1766917639000,-35.173083,149.094036,Anoplognathus brunnipennis,
1766919765000,-25.556147,152.643698,Anoplognathus porosus,
1766922256000,-16.90378,145.620575,Anoplognathus punctulatus,
1766925258000,-30.472997,151.634245,Anoplognathus porosus,
1766926185000,-35.153605,149.085768,Anoplognathus montanus,
1766931712000,-36.727756,146.959579,Anoplognathus montanus,
1766939308000,-27.609287,151.964851,Anoplognathus porosus,
1766945941000,-24.897847,152.285469,Anoplognathus viridiaeneus,King Christmas Beetle
1766948672000,-33.275233,151.491225,Anoplognathus porosus,
1766948760000,-35.979577,137.181643,Anoplognathus montanus,
1766948765000,-35.849568,137.058302,Anoplognathus montanus,
1766950027000,-35.980435,137.181675,Anoplognathus montanus,
1766952431000,-37.30496,142.76289,Anoplognathus montanus,
1766954883000,-30.472851,151.635796,Anoplognathus porosus,
1766957820000,-36.701829,144.334294,Anoplognathus montanus,
1766959860000,-27.988021,153.186971,Anoplognathus pallidicollis,Christmas Beetle
1766960160000,-36.701953,144.334159,Anoplognathus pallidicollis,Christmas Beetle
1766961562000,-36.935239,143.213161,Anoplognathus montanus,
1766965860000,-38.182597,145.119396,Anoplognathus olivieri,Christmas Beetle
1766968050000,-33.721745,151.0311,Anoplognathus porosus,
1766972760000,-35.243368,149.036973,Anoplognathus brunnipennis,
1766980417000,-35.980476,137.182464,Anoplognathus montanus,
1766991283000,-31.269975,149.251392,Anoplognathus porosus,
1766992899000,-34.97579,149.129841,Anoplognathus porosus,
1766999040000,-32.909103,151.314991,Anoplognathus porosus,
1766999579000,-29.901002,151.733235,Anoplognathus porosus,
1767001133000,-36.335912,148.628596,Anoplognathus hirsutus,
1767002141000,-28.490715,151.978961,Anoplognathus brunnipennis,
1767006172000,-36.934367,143.21465,Anoplognathus pallidicollis,Christmas Beetle
1767017159000,-30.745555,151.051623,Anoplognathus porosus,
1767028740000,-34.037874,151.055737,Anoplognathus olivieri,Christmas Beetle
1767041100000,-16.60548,145.34185,Anoplognathus smaragdinus,
1767041737000,-30.472848,151.635814,Anoplognathus porosus,
1767042266000,-30.267163,153.138825,Anoplognathus olivieri,Christmas Beetle
1767042351000,-28.224019,152.016934,Anoplognathus porosus,
1767042351000,-28.224019,152.016934,Anoplognathus porosus,
1767043320000,-34.456344,150.842334,Anoplognathus hirsutus,
1767045360000,-27.443611,152.158644,Anoplognathus montanus,
1767045660000,-27.443669,152.158583,Anoplognathus rhinastus,
1767048060000,-35.254995,149.149498,Anoplognathus brunnipennis,
1767048180000,-35.382783,149.029328,Anoplognathus montanus,
1767085194000,-35.251042,149.174133,Anoplognathus montanus,
1767087960000,-37.685103,148.07154,Anoplognathus velutinus,
1767090438000,-37.812923,145.245589,Anoplognathus viriditarsis,
1767092086000,-29.982155,153.224075,Anoplognathus olivieri,Christmas Beetle
1767092761000,-35.835671,150.17558,Anoplognathus olivieri,Christmas Beetle
1767094080000,-34.887047,150.600514,Anoplognathus brunnipennis,
1767096369000,-34.049896,151.080302,Anoplognathus olivieri,Christmas Beetle
1767098619000,-35.070007,139.013123,Anoplognathus montanus,
1767099361000,-33.901066,151.180844,Anoplognathus porosus,
1767117104000,-38.702071,145.817555,Anoplognathus olivieri,Christmas Beetle
1767122920000,-34.083725,151.133103,Anoplognathus olivieri,Christmas Beetle
1767125179000,-27.148205,152.29373,Anoplognathus boisduvalii,
1767127222000,-20.289438,148.565322,Anoplognathus parvulus,
1767129356000,-33.69963,150.536928,Anoplognathus porosus,
1767131555000,-28.224014,152.016989,Anoplognathus pallidicollis,Christmas Beetle
1767131568000,-28.224014,152.016989,Anoplognathus porosus,
1767131586000,-28.224014,152.016989,Anoplognathus porosus,
1767131619000,-28.224002,152.016968,Anoplognathus porosus,
1767133910000,-33.464522,148.125275,Anoplognathus pallidicollis,Christmas Beetle
1767168440000,-36.752132,149.900887,Anoplognathus brunnipennis,
1767170368000,-35.001975,148.110503,Anoplognathus montanus,
1767174213000,-30.472063,151.63271,Anoplognathus brunnipennis,
1767176721000,-33.788343,151.22728,Anoplognathus porosus,
1767177871000,-35.108159,147.359832,Anoplognathus montanus,
1767178307000,-32.343442,152.540437,Anoplognathus olivieri,Christmas Beetle
1767182880000,-37.484978,144.588013,Anoplognathus suturalis,
1767183939000,-29.055553,152.022645,Anoplognathus porosus,
1767188247000,-35.75444,149.430113,Anoplognathus brunnipennis,
1767201727000,-34.779107,138.879961,Anoplognathus montanus,
1767203580000,-16.180808,145.409382,Anoplognathus aeneus,
1767203942000,-36.354822,150.075494,Anoplognathus viriditarsis,
1767205141000,-17.21753,145.92986,Anoplognathus aureus,
1767205419000,-33.69963,150.536667,Anoplognathus concolor,
1767216012000,-34.198994,150.569039,Anoplognathus concolor,
1767216600000,-30.447545,151.825134,Anoplognathus porosus,
1767222273000,-29.356222,153.27835,Anoplognathus porosus,
1767225600000,-16.1826,145.410975,Anoplognathus rothschildti,
1767226860000,-35.245002,148.961065,Anoplognathus brunnipennis,
1767245040000,-30.447545,151.825134,Anoplognathus porosus,
1767264285000,-38.160519,145.10527,Anoplognathus olivieri,Christmas Beetle
1767264398000,-27.629739,153.225419,Anoplognathus porosus,
1767265100000,-27.245714,152.41752,Anoplognathus boisduvalii,
1767265352000,-34.748178,149.731991,Anoplognathus brunnipennis,
1767266361000,-37.239287,144.375428,Anoplognathus suturalis,
1767269798000,-33.696178,150.868255,Anoplognathus porosus,
1767270536000,-37.01243,144.355954,Anoplognathus suturalis,
1767270827000,-34.921663,150.556754,Anoplognathus brunnipennis,
1767273763000,-34.748021,138.675765,Anoplognathus montanus,
1767274246000,-33.431771,149.383779,Anoplognathus montanus,
1767275230000,-35.279556,149.08627,Anoplognathus montanus,
1767281114000,-33.951217,151.204182,Anoplognathus olivieri,Christmas Beetle
1767283923000,-27.428637,152.738185,Anoplognathus boisduvalii,
1767285300000,-34.491983,150.437594,Anoplognathus brunnipennis,
1767290801000,-35.235541,149.159316,Anoplognathus brunnipennis,
1767295980000,-27.859604,153.232224,Anoplognathus concolor,
1767297600000,-16.180848,145.409701,Anoplognathus aeneus,
1767298130000,-27.34148,152.414517,Anoplognathus boisduvalii,
1767300782000,-27.532796,152.473157,Anoplognathus boisduvalii,
1767301040000,-27.54898,152.025663,Anoplognathus pallidicollis,Christmas Beetle
1767301301000,-30.472836,151.635771,Anoplognathus porosus,
1767312000000,-27.7077,153.230935,Anoplognathus porosus,
1767342180000,-28.67085,151.93236,Anoplognathus porosus,
1767344640000,-37.800583,145.366446,Anoplognathus viriditarsis,
1767350205000,-34.476525,150.791303,Anoplognathus brunnipennis,
1767351005000,-34.476539,150.791383,Anoplognathus brunnipennis,
1767351132000,-34.476539,150.791383,Anoplognathus brunnipennis,
1767351536000,-34.476522,150.791311,Anoplognathus brunnipennis,
1767351632000,-34.476522,150.791311,Anoplognathus brunnipennis,
1767352358000,-34.476533,150.791272,Anoplognathus brunnipennis,
1767352439000,-34.476581,150.791264,Anoplognathus brunnipennis,
1767352665000,-34.551445,150.357742,Anoplognathus brunnipennis,
1767352747000,-34.476611,150.791214,Anoplognathus brunnipennis,
1767353919000,-34.068461,150.718842,Anoplognathus porosus,
1767355456000,-36.01175,150.156722,Anoplognathus olivieri,Christmas Beetle
1767359459000,-33.73565,150.234403,Anoplognathus brunnipennis,
1767360896000,-37.223708,143.379945,Anoplognathus montanus,
1767361020000,-20.288497,148.550834,Anoplognathus parvulus,
1767364958000,-34.446651,150.545946,Anoplognathus brunnipennis,
1767365806000,-34.578352,150.458756,Anoplognathus brunnipennis,
1767365861000,-34.446669,150.511749,Anoplognathus brunnipennis,
1767365941000,-34.405553,150.449216,Anoplognathus brunnipennis,
1767366045000,-34.571926,150.50561,Anoplognathus brunnipennis,
1767366568000,-27.552506,152.336032,Anoplognathus porosus,
1767369344000,-37.181986,143.400243,Anoplognathus velutinus,
1767373464000,-35.228383,149.156192,Anoplognathus pallidicollis,Christmas Beetle
1767391267000,-30.16774,153.164746,Anoplognathus porosus,
1767407746000,-33.780877,150.615978,Anoplognathus concolor,
1767435052000,-37.919742,145.368545,Anoplognathus suturalis,
1767444993000,-34.875331,147.595891,Anoplognathus montanus,
1767445155000,-16.595928,145.336975,Anoplognathus aureus,
1767447792000,-34.085561,151.021058,Anoplognathus olivieri,Christmas Beetle
1767448220000,-33.656103,151.10579,Anoplognathus olivieri,Christmas Beetle
1767466687000,-25.555699,152.643631,Anoplognathus porosus,
1767469373000,-21.125862,148.925656,Anoplognathus parvulus,
1767469500000,-27.443678,152.158647,Anoplognathus rhinastus,
1767471000000,-28.0,153.02319,Anoplognathus porosus,
1767471480000,-27.443678,152.158647,Anoplognathus porosus,
1767475620000,-33.299596,149.095902,Anoplognathus montanus,
1767479244000,-36.545288,145.989363,Anoplognathus montanus,
1767484800000,-37.281293,145.839441,Anoplognathus montanus,
1767511436000,-36.421345,146.232012,Anoplognathus montanus,
1767511656000,-36.046322,147.000258,Anoplognathus viriditarsis,
1767517598000,-32.759537,151.756528,Anoplognathus porosus,
1767523325000,-36.911658,142.467728,Anoplognathus montanus,
1767526052000,-38.037457,147.467111,Anoplognathus olivieri,Christmas Beetle
1767526442000,-33.502442,151.323679,Anoplognathus olivieri,Christmas Beetle
1767537660000,-37.780388,145.193938,Anoplognathus suturalis,
1767540900000,-38.099486,145.134725,Anoplognathus olivieri,Christmas Beetle
1767563481000,-38.11062,145.194248,Anoplognathus olivieri,Christmas Beetle
1767600573000,-37.874658,148.002149,Anoplognathus olivieri,Christmas Beetle
1767601456000,-32.776143,152.113384,Anoplognathus porosus,
1767614938000,-35.222537,149.173147,Anoplognathus montanus,
1767621233000,-35.344837,149.738983,Anoplognathus brunnipennis,
1767633375000,-30.468397,151.354888,Anoplognathus porosus,
1767647811000,-32.679824,151.336222,Anoplognathus boisduvalii,
1767648920000,-36.313732,148.781374,Anoplognathus hirsutus,
1767652560000,-38.182597,145.119396,Anoplognathus olivieri,Christmas Beetle
1767684881000,-35.293137,149.119995,Anoplognathus brunnipennis,
1767690707000,-41.577342,148.30255,Anoplognathus suturalis,
1767693290000,-36.392247,148.697158,Anoplognathus suturalis,
1767695706000,-36.9383,149.873842,Anoplognathus brunnipennis,
1767696503000,-17.263951,145.853523,Anoplognathus aeneus,
1767696603000,-37.81968,145.649413,Anoplognathus suturalis,
1767696864000,-21.306325,148.825517,Anoplognathus parvulus,
1767697656000,-34.764507,150.779339,Anoplognathus brunnipennis,
1767700329000,-35.148186,147.477372,Anoplognathus montanus,
1767700862000,-38.061355,147.249588,Anoplognathus olivieri,Christmas Beetle
1767710784000,-34.476819,150.790878,Anoplognathus brunnipennis,
1767726330000,-30.47305,151.633743,Anoplognathus porosus,
1767726330000,-30.47305,151.633743,Anoplognathus porosus,
1767730320000,-27.296486,152.424681,Anoplognathus boisduvalii,
1767735240000,-37.633588,144.088756,Anoplognathus suturalis,
1767735769000,-28.16667,153.378495,Anoplognathus concolor,
1767736572000,-25.37467,152.87193,Anoplognathus boisduvalii,
1767737937000,-37.295579,144.951601,Anoplognathus montanus,
1767738114000,-25.952016,152.595308,Anoplognathus porosus,
1767739770000,-35.257353,149.450827,Anoplognathus suturalis,
1767744000000,-25.730506,152.853982,Anoplognathus viridiaeneus,King Christmas Beetle
1767754680000,-38.354376,146.387945,Anoplognathus viriditarsis,
1767766681000,-34.77603,139.042039,Anoplognathus montanus,
1767771300000,-36.304108,148.791555,Anoplognathus montanus,
1767772577000,-35.293087,149.120133,Anoplognathus brunnipennis,
1767775333000,-25.112497,152.565385,Anoplognathus boisduvalii,
1767778731000,-27.662534,153.376206,Anoplognathus boisduvalii,
1767793586000,-25.555968,152.643064,Anoplognathus pallidicollis,Christmas Beetle
1767797400000,-36.193892,148.563746,Anoplognathus suturalis,
1767798198000,-27.554502,152.334413,Anoplognathus boisduvalii,
1767801879000,-35.690241,148.664452,Anoplognathus suturalis,
1767815100000,-29.936135,152.727782,Anoplognathus porosus,
1767815280000,-37.654633,143.680386,Anoplognathus montanus,
1767816647000,-34.448797,150.464705,Anoplognathus brunnipennis,
1767817795000,-28.198652,152.032429,Anoplognathus boisduvalii,
1767819356000,-29.069517,151.763183,Anoplognathus porosus,
1767820085000,-37.184753,143.266762,Anoplognathus montanus,
1767820223000,-37.184734,143.265868,Anoplognathus montanus,
1767821315000,-30.472841,151.635738,Anoplognathus porosus,
1767821492000,-30.472851,151.635736,Anoplognathus hirsutus,
1767823200000,-16.795948,145.593846,Anoplognathus rothschildti,
1767823475000,-37.673246,143.88734,Anoplognathus montanus,
1767824100000,-33.84795,148.690486,Anoplognathus boisduvalii,
1767825266000,-36.74157,145.13057,Anoplognathus montanus,
1767827281000,-38.228063,146.956268,Anoplognathus olivieri,Christmas Beetle
1767835380000,-38.182597,145.119396,Anoplognathus olivieri,Christmas Beetle
1767855189000,-34.016198,151.011541,Anoplognathus viriditarsis,
1767859842000,-27.341468,152.414401,Anoplognathus boisduvalii,
1767862781000,-38.041139,147.164475,Anoplognathus olivieri,Christmas Beetle
1767864314000,-35.29295,149.121125,Anoplognathus brunnipennis,
1767865995000,-21.145292,148.718479,Anoplognathus boisduvalii,
1767872571000,-38.13182,145.265907,Anoplognathus suturalis,
1767875073000,-35.308978,149.187837,Anoplognathus brunnipennis,
1767884450000,-38.38686,145.137857,Anoplognathus olivieri,Christmas Beetle
1767901977000,-34.788042,149.783702,Anoplognathus brunnipennis,
1767902880000,-35.226633,149.166345,Anoplognathus hirsutus,
1767903262000,-27.233302,152.354704,Anoplognathus boisduvalii,
1767904272000,-26.553462,152.750169,Anoplognathus boisduvalii,
1767904980000,-28.0,153.02319,Anoplognathus porosus,
1767906876000,-34.817578,138.961309,Anoplognathus montanus,
1767908220000,-28.180123,152.85654,Anoplognathus rhinastus,
1767908220000,-28.090187,152.818617,Anoplognathus montanus,
1767908220000,-28.10478,152.816563,Anoplognathus porosus,
1767908640000,-28.152865,152.840829,Anoplognathus pallidicollis,Christmas Beetle
1767908700000,-28.119726,152.943318,Anoplognathus porosus,
1767909981000,-35.443138,138.32947,Anoplognathus montanus,
1767910270000,-36.313743,148.781374,Anoplognathus montanus,
1767915079000,-35.262455,138.735192,Anoplognathus montanus,
1767943661000,-30.586963,151.738587,Anoplognathus porosus,
1767945337000,-34.451262,150.460678,Anoplognathus brunnipennis,
1767945337000,-34.451262,150.460678,Anoplognathus brunnipennis,
1767946920000,-27.238654,152.810231,Anoplognathus porosus,
1767948220000,-33.674233,151.302003,Anoplognathus pallidicollis,Christmas Beetle
1767956280000,-30.600258,151.799513,Anoplognathus porosus,
1767958510000,-37.838185,145.2408,Anoplognathus brunnipennis,
1767967358000,-34.921663,150.556754,Anoplognathus brunnipennis,
1767990071000,-27.779378,153.140227,Anoplognathus boisduvalii,
1767992987000,-37.849238,148.065872,Anoplognathus olivieri,Christmas Beetle
1767996499000,-35.195274,149.066413,Anoplognathus brunnipennis,
1768027098000,-37.859787,148.07966,Anoplognathus olivieri,Christmas Beetle
1768029527000,-37.861258,148.078706,Anoplognathus olivieri,Christmas Beetle
1768035009000,-36.703717,144.987334,Anoplognathus montanus,
1768038473000,-37.304886,142.762936,Anoplognathus pallidicollis,Christmas Beetle
1768047333000,-34.479,150.437775,Anoplognathus brunnipennis,
1768047420000,-29.826953,152.891918,Anoplognathus porosus,
1768047480000,-29.826953,152.891918,Anoplognathus porosus,
1768050350000,-27.466275,152.654078,Anoplognathus boisduvalii,
1768053279000,-34.646728,148.161497,Anoplognathus montanus,
1768070473000,-36.897762,142.466737,Anoplognathus montanus,
1768073434000,-37.18444,143.265718,Anoplognathus montanus,
1768075680000,-28.23219,153.137846,Anoplognathus prasinus,
1768075858000,-28.289872,153.0999,Anoplognathus porosus,
1768076208000,-29.671318,152.876,Anoplognathus porosus,
1768077120000,-28.0,153.02319,Anoplognathus pallidicollis,Christmas Beetle
1768077297000,-16.798375,145.54747,Anoplognathus boisduvalii,
1768078861000,-28.214928,153.005447,Anoplognathus porosus,
1768082209000,-28.215053,153.006669,Anoplognathus pallidicollis,Christmas Beetle
1768082263000,-34.850082,149.961795,Anoplognathus brunnipennis,
1768082687000,-16.835233,145.636465,Anoplognathus punctulatus,
1768094880000,-28.223897,152.017676,Anoplognathus porosus,
1768094887000,-28.223897,152.017676,Anoplognathus porosus,
1768094959000,-28.224058,152.016954,Anoplognathus porosus,
1768127196000,-36.132996,149.25242,Anoplognathus hirsutus,
1768130168000,-27.64918,153.163398,Anoplognathus porosus,
1768132158000,-33.755725,151.166747,Anoplognathus porosus,
1768137061000,-26.463893,152.990645,Anoplognathus porosus,
1768142179000,-38.000942,145.094005,Anoplognathus olivieri,Christmas Beetle
1768142220000,-36.719272,149.963014,Anoplognathus olivieri,Christmas Beetle
1768143260000,-35.405753,149.195203,Anoplognathus brunnipennis,
1768147800000,-27.999864,153.030833,Anoplognathus porosus,
1768147800000,-27.999864,153.030833,Anoplognathus porosus,
1768161600000,-34.064604,150.809145,Anoplognathus viriditarsis,
1768162819000,-37.833146,147.440527,Anoplognathus olivieri,Christmas Beetle
1768164475000,-27.793488,153.24765,Anoplognathus porosus,
1768166399000,-25.219061,153.255653,Anoplognathus boisduvalii,
1768201620000,-35.450297,149.075758,Anoplognathus brunnipennis,
1768220550000,-35.101457,150.661375,Anoplognathus viridiaeneus,King Christmas Beetle
1768220922000,-34.470238,148.693847,Anoplognathus montanus,
1768226785000,-17.031083,145.395858,Anoplognathus parvulus,
1768252517000,-34.403702,149.526,Anoplognathus brunnipennis,
1768258515000,-24.918276,152.133074,Anoplognathus pallidicollis,Christmas Beetle
1768283985000,-17.091474,145.786353,Anoplognathus boisduvalii,
1768292222000,-37.187917,144.648719,Anoplognathus viriditarsis,
1768297380000,-33.118299,150.284494,Anoplognathus porosus,
1768300080000,-37.021022,147.240539,Anoplognathus suturalis,
1768301285000,-35.292375,149.118728,Anoplognathus porosus,
1768303990000,-37.188956,143.271505,Anoplognathus montanus,
1768305738000,-34.186192,142.219955,Anoplognathus pallidicollis,Christmas Beetle
1768309680000,-20.220189,148.773896,Anoplognathus daemeli,
1768320474000,-36.802283,147.224533,Anoplognathus suturalis,
1768337222000,-16.831263,145.63588,Anoplognathus punctulatus,
1768338436000,-28.345278,152.296801,Anoplognathus porosus,
1768339872000,-16.964192,145.676931,Anoplognathus punctulatus,
1768346219000,-35.95208,136.73252,Anoplognathus velutinus,
1768355467000,-16.846763,145.627717,Anoplognathus smaragdinus,
1768370580000,-30.447863,151.825228,Anoplognathus brunnipennis,
1768370820000,-30.447863,151.825228,Anoplognathus porosus,
1768372500000,-30.447863,151.825228,Anoplognathus brunnipennis,
1768374122000,-27.777704,153.074951,Anoplognathus pallidicollis,Christmas Beetle
1768374545000,-34.975876,149.129923,Anoplognathus brunnipennis,
1768375358000,-35.228479,149.020354,Anoplognathus brunnipennis,
1768388458000,-27.787182,153.128028,Anoplognathus porosus,
1768410134000,-33.531065,149.602186,Anoplognathus montanus,
1768413900000,-27.60764,153.011528,Anoplognathus porosus,
1768420980000,-16.358583,145.409463,Anoplognathus rothschildti,
1768424017000,-25.243985,152.544604,Anoplognathus boisduvalii,
1768424596000,-26.61136,153.025934,Anoplognathus porosus,
1768425205000,-27.341536,152.414423,Anoplognathus boisduvalii,
1768425222000,-27.341535,152.414458,Anoplognathus boisduvalii,
1768425386000,-27.341536,152.414467,Anoplognathus boisduvalii,
1768426480000,-38.827127,145.998108,Anoplognathus olivieri,Christmas Beetle
1768427340000,-37.192974,143.752411,Anoplognathus montanus,
1768431780000,-16.795948,145.593846,Anoplognathus aureus,
1768461246000,-27.431045,151.904562,Anoplognathus porosus,
1768466891000,-37.918909,145.56871,Anoplognathus viriditarsis,
1768467322000,-34.052167,150.999162,Anoplognathus olivieri,Christmas Beetle
1768468061000,-27.60756,153.175957,Anoplognathus pallidicollis,Christmas Beetle
1768471957000,-33.528257,151.310764,Anoplognathus olivieri,Christmas Beetle
1768473534000,-37.822733,147.641735,Anoplognathus olivieri,Christmas Beetle
1768474440000,-38.13525,145.281892,Anoplognathus olivieri,Christmas Beetle
1768476780000,-29.740593,151.723704,Anoplognathus porosus,
1768494515000,-29.602342,152.931122,Anoplognathus porosus,
1768499115000,-36.404908,148.603028,Anoplognathus viriditarsis,
1768507646000,-26.611364,153.025915,Anoplognathus pallidicollis,Christmas Beetle
1768508296000,-26.271397,151.897308,Anoplognathus porosus,
1768510057000,-33.426666,151.341667,Anoplognathus porosus,
1768510980000,-29.457736,152.850714,Anoplognathus porosus,
1768512240000,-29.45777,152.850732,Anoplognathus viridiaeneus,King Christmas Beetle
1768515545000,-26.611362,153.025911,Anoplognathus abnormis,
1768517250000,-33.63182,151.326522,Anoplognathus olivieri,Christmas Beetle
1768518022000,-21.086732,148.838999,Anoplognathus parvulus,
1768553900000,-29.780844,151.352283,Anoplognathus porosus,
1768557179000,-30.555312,151.527148,Anoplognathus porosus,
1768588479000,-34.036949,151.056851,Anoplognathus olivieri,Christmas Beetle
1768598460000,-16.172492,145.410567,Anoplognathus aeneus,
1768599780000,-16.172492,145.410567,Anoplognathus aeneus,
1768601280000,-37.015428,146.139738,Anoplognathus montanus,
1768603735000,-28.905962,152.168305,Anoplognathus porosus,
1768606382000,-26.537147,151.821367,Anoplognathus porosus,
1768608000000,-23.989536,151.302145,Anoplognathus boisduvalii,
1768632180000,-30.447527,151.825148,Anoplognathus montanus,
1768635064000,-33.640325,151.314287,Anoplognathus flavipennis,
1768636879000,-35.14358,149.116511,Anoplognathus montanus,
1768637637000,-27.413382,151.92697,Anoplognathus boisduvalii,
1768639301000,-36.408493,148.642683,Anoplognathus viriditarsis,
1768643535000,-28.420447,153.37356,Anoplognathus porosus,
1768681154000,-24.42111,145.463122,Anoplognathus vietor,
1768688202000,-26.611363,153.025914,Anoplognathus abnormis,
1768688589000,-37.874837,148.012894,Anoplognathus olivieri,Christmas Beetle
1768689080000,-37.874937,148.012925,Anoplognathus olivieri,Christmas Beetle
1768689706000,-37.109595,144.076648,Anoplognathus montanus,
1768751828000,-27.477785,151.932585,Anoplognathus boisduvalii,
1768752935000,-34.449047,150.464783,Anoplognathus brunnipennis,
1768755929000,-37.928488,147.706725,Anoplognathus olivieri,Christmas Beetle
1768756390000,-31.333298,152.448871,Anoplognathus porosus,
1768770780000,-38.410499,144.15838,Anoplognathus viriditarsis,
1768773240000,-37.27907,145.365351,Anoplognathus pallidicollis,Christmas Beetle
1768773391000,-36.008744,146.392945,Anoplognathus pallidicollis,Christmas Beetle
1768782296000,-35.790284,146.473072,Anoplognathus pallidicollis,Christmas Beetle
1768825158000,-30.447522,151.825012,Anoplognathus brunnipennis,
1768825337000,-35.075253,138.8833,Anoplognathus montanus,
1768839005000,-33.404103,149.927798,Anoplognathus brunnipennis,
1768860300000,-37.076548,144.203405,Anoplognathus pallidicollis,Christmas Beetle
1768864560000,-37.114077,146.193837,Anoplognathus viriditarsis,
1768866411000,-37.991387,145.422028,Anoplognathus viriditarsis,
1768883922000,-35.0813,138.6434,Anoplognathus montanus,
1768884022000,-35.0814,138.6433,Anoplognathus montanus,
1768891061000,-26.752449,152.924933,Anoplognathus abnormis,
1768892605000,-26.485877,152.867788,Anoplognathus pallidicollis,Christmas Beetle
1768896181000,-33.893555,151.21036,Anoplognathus olivieri,Christmas Beetle
1768897942000,-32.573041,149.573922,Anoplognathus porosus,
1768902420000,-37.953467,147.080962,Anoplognathus olivieri,Christmas Beetle
1768911253000,-35.238584,149.073704,Anoplognathus brunnipennis,
1768919640000,-29.93999,153.260702,Anoplognathus viridiaeneus,King Christmas Beetle
1768924694000,-35.292423,149.118659,Anoplognathus brunnipennis,
1768924788000,-35.292423,149.118659,Anoplognathus porosus,
1768938006000,-27.509063,153.183462,Anoplognathus boisduvalii,
1768979085000,-26.187124,152.715838,Anoplognathus porosus,
1768980435000,-37.18088,145.71045,Anoplognathus montanus,
1768985948000,-36.175035,150.12277,Anoplognathus viriditarsis,
1768988581000,-30.48565,151.641237,Anoplognathus porosus,
1769011435000,-36.609483,147.109238,Anoplognathus viriditarsis,
1769026841000,-26.453686,151.973299,Anoplognathus montanus,
1769030614000,-26.611375,153.025929,Anoplognathus abnormis,
1769067309000,-16.997525,145.426758,Anoplognathus boisduvalii,
1769073780000,-35.063485,138.610055,Anoplognathus montanus,
1769076240000,-35.144503,138.794686,Anoplognathus montanus,
1769078700000,-38.66785,145.670681,Anoplognathus olivieri,Christmas Beetle
1769091516000,-34.751447,149.728311,Anoplognathus brunnipennis,
1769111820000,-27.948826,153.284617,Anoplognathus porosus,
1769111880000,-27.876528,153.261504,Anoplognathus porosus,
1769116140000,-30.378414,152.518682,Anoplognathus porosus,
1769116140000,-30.378414,152.518682,Anoplognathus porosus,
1769120580000,-34.331868,150.900019,Anoplognathus concolor,
1769124720000,-16.358583,145.409463,Anoplognathus punctulatus,
1769154630000,-32.634226,151.322462,Anoplognathus porosus,
1769160131000,-26.751836,152.923524,Anoplognathus concolor,
1769172006000,-33.946502,150.855834,Anoplognathus viriditarsis,
1769172936000,-28.536063,153.055986,Anoplognathus concolor,
1769201044000,-16.988412,145.429485,Anoplognathus boisduvalii,
1769203940000,-37.184862,143.265147,Anoplognathus montanus,
1769204580000,-37.633737,144.088723,Anoplognathus montanus,
1769206380000,-36.928042,140.028224,Anoplognathus olivieri,Christmas Beetle
1769257483000,-27.599637,152.723741,Anoplognathus boisduvalii,
1769276109000,-30.506894,151.650916,Anoplognathus porosus,
1769283180000,-28.010448,153.263443,Anoplognathus concolor,
1769285145000,-26.611367,153.02592,Anoplognathus abnormis,
1769289240000,-37.244273,149.902801,Anoplognathus porosus,
1769289600000,-38.354376,146.387945,Anoplognathus viriditarsis,
1769289987000,-37.167172,142.53275,Anoplognathus montanus,
1769290920000,-38.3566,146.38972,Anoplognathus viriditarsis,
1769292360000,-26.824403,152.920414,Anoplognathus abnormis,
1769292762000,-37.689309,143.996863,Anoplognathus viriditarsis,
1769296141000,-37.298138,143.162669,Anoplognathus montanus,
1769296320000,-38.286999,145.08104,Anoplognathus viriditarsis,
1769325126000,-34.292319,140.624409,Anoplognathus pallidicollis,Christmas Beetle
1769334437000,-34.933452,138.848273,Anoplognathus montanus,
1769336793000,-38.604548,146.886117,Anoplognathus olivieri,Christmas Beetle
1769338560000,-35.362345,149.045838,Anoplognathus brunnipennis,
1769341155000,-33.220103,149.097898,Anoplognathus porosus,
1769345128000,-26.760418,152.923676,Anoplognathus abnormis,
1769349241000,-37.867758,148.051589,Anoplognathus olivieri,Christmas Beetle
1769367982000,-37.181775,144.868028,Anoplognathus montanus,
1769370372000,-17.093728,145.763367,Anoplognathus boisduvalii,
1769370720000,-28.050906,153.277111,Anoplognathus concolor,
1769374200000,-28.398458,153.284123,Anoplognathus prasinus,
1769377898000,-27.457129,152.401571,Anoplognathus pallidicollis,Christmas Beetle
1769406868000,-28.137258,153.151992,Anoplognathus porosus,
1769416922000,-26.485858,152.867794,Anoplognathus porosus,
1769419585000,-37.095345,149.871159,Anoplognathus olivieri,Christmas Beetle
1769426880000,-30.588768,151.302867,Anoplognathus montanus,
1769433793000,-28.164353,153.25953,Anoplognathus concolor,
1769438043000,-31.184781,152.743076,Anoplognathus olivieri,Christmas Beetle
1769459095000,-24.882114,152.308849,Anoplognathus boisduvalii,
1769459760000,-35.388688,149.026178,Anoplognathus brunnipennis,
1769460278000,-24.918276,152.133074,Anoplognathus boisduvalii,
1769461355000,-27.493856,152.944592,Anoplognathus porosus,
1769467620000,-28.254097,153.377136,Anoplognathus porosus,
1769496098000,-27.341481,152.414488,Anoplognathus boisduvalii,
1769501280000,-17.204601,145.679483,Anoplognathus punctulatus,
1769511024000,-27.387305,152.938215,Anoplognathus pallidicollis,Christmas Beetle
1769542920000,-26.131426,152.663565,Anoplognathus porosus,
1769543706000,-28.198534,152.032637,Anoplognathus porosus,
1769547060000,-27.580875,153.177155,Anoplognathus porosus,
1769550649000,-36.363089,148.82782,Anoplognathus hirsutus,
1769550909000,-37.981416,145.118472,Anoplognathus brunnipennis,
1769554620000,-36.422699,148.621071,Anoplognathus hirsutus,
1769596433000,-35.173444,138.701786,Anoplognathus montanus,
1769630439000,-28.166539,153.378387,Anoplognathus concolor,
1769631180000,-35.269317,149.100851,Anoplognathus viriditarsis,
1769695797000,-37.084388,143.475911,Anoplognathus pallidicollis,Christmas Beetle
1769723369000,-35.591429,150.31372,Anoplognathus porosus,
1769775900000,-33.73447,151.209547,Anoplognathus olivieri,Christmas Beetle
1769800717000,-17.478478,145.496382,Anoplognathus punctulatus,
1769801660000,-30.586467,151.738113,Anoplognathus brunnipennis,
1769802748000,-36.996545,144.571228,Anoplognathus montanus,
1769804939000,-16.846838,145.627578,Anoplognathus punctulatus,
1769806080000,-20.280625,148.743287,Anoplognathus daemeli,
1769817300000,-38.268894,141.416753,Anoplognathus olivieri,Christmas Beetle
1769866190000,-26.684342,152.00146,Anoplognathus boisduvalii,
1769904900000,-36.360425,148.506481,Anoplognathus suturalis,
1769942091000,-16.825947,145.685273,Anoplognathus punctulatus,
1769961886000,-33.708202,150.57503,Anoplognathus viriditarsis,
1769979720000,-27.333235,152.761703,Anoplognathus concolor,
1769981040000,-27.332804,152.761398,Anoplognathus concolor,
1769981160000,-27.332804,152.761398,Anoplognathus concolor,
1769983440000,-27.295885,152.728371,Anoplognathus porosus,
1769983440000,-27.295885,152.728371,Anoplognathus porosus,
1770003600000,-35.46246,148.912403,Anoplognathus brunnipennis,
1770040682000,-27.549987,152.219354,Anoplognathus porosus,
1770151247000,-37.921228,147.703125,Anoplognathus olivieri,Christmas Beetle
1770222579000,-37.084171,143.475999,Anoplognathus pallidicollis,Christmas Beetle
1770257531000,-28.223993,152.017238,Anoplognathus boisduvalii,
1770303357000,-37.544938,143.874206,Anoplognathus montanus,
1770323005000,-27.457113,152.401572,Anoplognathus porosus,
1770335400000,-35.22787,149.019048,Anoplognathus brunnipennis,
1770335400000,-35.22787,149.019048,Anoplognathus brunnipennis,
1770366605000,-34.039913,151.065063,Anoplognathus olivieri,Christmas Beetle
1770374206000,-35.501945,150.390105,Anoplognathus olivieri,Christmas Beetle
1770374375000,-37.081065,143.472255,Anoplognathus montanus,
1770374924000,-37.084886,143.475653,Anoplognathus montanus,
1770374924000,-37.084886,143.475653,Anoplognathus montanus,
1770375626000,-37.084895,143.475694,Anoplognathus montanus,
1770376265000,-37.08482,143.475658,Anoplognathus montanus,
1770377439000,-37.084287,143.475615,Anoplognathus montanus,
1770377539000,-37.084626,143.475807,Anoplognathus montanus,
1770377757000,-37.084837,143.475656,Anoplognathus montanus,
1770381498000,-33.613177,150.726455,Anoplognathus porosus,
1770382756000,-35.601909,148.624741,Anoplognathus suturalis,
1770382756000,-35.601909,148.624741,Anoplognathus suturalis,
1770404827000,-31.823097,152.638733,Anoplognathus porosus,
1770413600000,-36.4487,143.769312,Anoplognathus montanus,
1770459514000,-17.392759,145.715057,Anoplognathus punctulatus,
1770459536000,-17.392744,145.715088,Anoplognathus rothschildti,
1770487321000,-31.11244,152.820923,Anoplognathus viridiaeneus,King Christmas Beetle
1770494670000,-17.040356,145.351564,Anoplognathus parvulus,
1770497196000,-23.812725,133.383581,Anoplognathus macleayi aurora,
1770548320000,-35.791185,148.402135,Anoplognathus montanus,
1770589417000,-29.864027,150.579238,Anoplognathus boisduvalii,
1770656740000,-31.086102,152.611417,Anoplognathus olivieri,Christmas Beetle
1770670860000,-28.142144,153.03977,Anoplognathus boisduvalii,
1770714787000,-37.019983,144.499083,Anoplognathus montanus,
1770754784000,-27.642538,152.570878,Anoplognathus boisduvalii,
1770842400000,-28.141111,153.037917,Anoplognathus boisduvalii,
1770875997000,-32.400803,152.474228,Anoplognathus olivieri,Christmas Beetle
1770896520000,-29.744072,151.724062,Anoplognathus porosus,
1770934860000,-16.795948,145.593846,Anoplognathus boisduvalii,
1771002720000,-33.773341,150.716867,Anoplognathus porosus,
1771016760000,-28.009584,152.675288,Anoplognathus porosus,
1771017560000,-16.236847,145.465012,Anoplognathus punctulatus,
1771041651000,-35.171378,149.093758,Anoplognathus brunnipennis,
1771104041000,-16.236837,145.465042,Anoplognathus punctulatus,
1771243599000,-33.644958,150.958162,Anoplognathus viriditarsis,
1771247100000,-30.217512,151.073143,Anoplognathus porosus,
1771255200000,-27.45164,152.361138,Anoplognathus boisduvalii,
1771258148000,-36.890097,147.063596,Anoplognathus brunnipennis,
1771277706000,-28.917522,151.583653,Anoplognathus boisduvalii,
1771358358000,-26.372517,151.673997,Anoplognathus nebulosus,
1771361118000,-33.699653,150.536728,Anoplognathus porosus,
1771362599000,-28.91758,151.58372,Anoplognathus boisduvalii,
1771372225000,-38.374172,144.248455,Anoplognathus viriditarsis,
1771497430000,-33.737583,150.749955,Anoplognathus porosus,
1771497444000,-33.737801,150.749657,Anoplognathus porosus,
1771541793000,-16.818903,145.634875,Anoplognathus punctulatus,
1771612860000,-37.030202,147.24259,Anoplognathus suturalis,
1771620960000,-17.337975,144.823401,Anoplognathus nebulosus,
1771628370000,-16.818438,145.684312,Anoplognathus boisduvalii,
1771667870000,-38.155871,146.784203,Anoplognathus olivieri,Christmas Beetle
1771766940000,-28.257992,153.400704,Anoplognathus prasinus,
1771788420000,-27.498787,152.956794,Anoplognathus porosus,
1771796760000,-32.313731,151.798072,Anoplognathus porosus,
1771800029000,-16.835227,145.636467,Anoplognathus punctulatus,
1771916566000,-26.573278,152.544892,Anoplognathus boisduvalii,
1771923532000,-37.919399,147.724653,Anoplognathus olivieri,Christmas Beetle
1771959416000,-29.630201,151.673478,Anoplognathus porosus,
1772015463000,-34.300719,148.503557,Anoplognathus brunnipennis,
1772114762000,-30.289251,153.109033,Anoplognathus brunnipennis,
1772133575000,-27.526047,152.811377,Anoplognathus boisduvalii,
1772266346000,-32.091055,152.47716,Anoplognathus porosus,
1772276548000,-32.091051,152.477037,Anoplognathus porosus,
1772306160000,-27.333269,152.763244,Anoplognathus concolor,
1772312651000,-34.551189,148.349639,Anoplognathus pallidicollis,Christmas Beetle
1772314102000,-16.835225,145.636469,Anoplognathus punctulatus,
1772372911000,-26.553416,152.750311,Anoplognathus boisduvalii,
1772478322000,-27.793495,153.247642,Anoplognathus porosus,
1772652240000,-28.061989,153.251984,Anoplognathus concolor,
1772661360000,-37.08492,143.472173,Anoplognathus montanus,
1772661600000,-37.079174,143.470355,Anoplognathus montanus,
1772661960000,-37.084379,143.472197,Anoplognathus montanus,
1772662080000,-37.08436,143.472136,Anoplognathus montanus,
1772662560000,-37.084377,143.472085,Anoplognathus montanus,
1772886914000,-37.120477,149.294585,Anoplognathus brunnipennis,
1772923220000,-33.376328,150.952912,Anoplognathus porosus,
1772960460000,-38.666477,146.3234,Anoplognathus brunnipennis,
1773224559000,-20.472527,148.723887,Anoplognathus boisduvalii,
1773265138000,-16.846712,145.62767,Anoplognathus punctulatus,
1773342660000,-28.182303,153.344229,Anoplognathus concolor,
1773345771000,-31.732994,152.360416,Anoplognathus porosus,
1773443565000,-16.846778,145.62767,Anoplognathus punctulatus,
1773496800000,-38.309038,145.927688,Anoplognathus brunnipennis,
1773651942000,-29.86573,152.859375,Anoplognathus viridiaeneus,King Christmas Beetle
1773682128000,-26.572888,152.546587,Anoplognathus boisduvalii,
1773865860000,-28.236487,153.163442,Anoplognathus concolor,
1773869160000,-28.144639,153.015111,Anoplognathus porosus,
1773947280000,-28.830719,151.937107,Anoplognathus porosus,
1774041214000,-31.087475,141.704622,Anoplognathus macleayi,
1774051200000,-16.995521,145.61112,Anoplognathus aeneus,
1774817640000,-31.088651,141.705627,Anoplognathus macleayi,
1775468359000,-28.101287,151.682114,Anoplognathus boisduvalii,
1776283224000,-26.729716,120.347875,Anoplognathus macleayi aurora,
1777516740000,-36.718603,149.974732,Anoplognathus olivieri,Christmas Beetle
1780183500000,-14.312673,132.424378,Anoplognathus pallidicollis,Christmas Beetle
1784107964000,-28.64442,153.088822,Anoplognathus porosus,
1786024476000,-30.418374,151.636641,Anoplognathus brunnipennis,
1787566740000,-26.700501,153.07021,Anoplognathus velutinus,
1788968125000,-37.870535,147.272885,Anoplognathus olivieri,Christmas Beetle
1788988680000,-28.639398,153.608423,Anoplognathus prasinus,
1790072280000,-35.376651,139.130015,Anoplognathus velutinus,
1790448240000,-27.487428,153.197689,Anoplognathus pallidicollis,Christmas Beetle
